pair_index,fold,reference,probe,label,status,cosine_similarity,threshold,prediction,correct
0,0,Abel_Pacheco/Abel_Pacheco_0001.jpg,Abel_Pacheco/Abel_Pacheco_0004.jpg,1,scored,0.7451061606407166,0.40350908041000366,1,1
1,0,Akhmed_Zakayev/Akhmed_Zakayev_0001.jpg,Akhmed_Zakayev/Akhmed_Zakayev_0003.jpg,1,scored,0.9231020212173462,0.40350908041000366,1,1
2,0,Akhmed_Zakayev/Akhmed_Zakayev_0002.jpg,Akhmed_Zakayev/Akhmed_Zakayev_0003.jpg,1,scored,0.7795731425285339,0.40350908041000366,1,1
3,0,Amber_Tamblyn/Amber_Tamblyn_0001.jpg,Amber_Tamblyn/Amber_Tamblyn_0002.jpg,1,scored,0.7980089783668518,0.40350908041000366,1,1
4,0,Anders_Fogh_Rasmussen/Anders_Fogh_Rasmussen_0001.jpg,Anders_Fogh_Rasmussen/Anders_Fogh_Rasmussen_0003.jpg,1,scored,0.8115158677101135,0.40350908041000366,1,1
5,0,Anders_Fogh_Rasmussen/Anders_Fogh_Rasmussen_0001.jpg,Anders_Fogh_Rasmussen/Anders_Fogh_Rasmussen_0004.jpg,1,scored,0.7580747604370117,0.40350908041000366,1,1
6,0,Angela_Bassett/Angela_Bassett_0001.jpg,Angela_Bassett/Angela_Bassett_0005.jpg,1,scored,0.9001516103744507,0.40350908041000366,1,1
7,0,Angela_Bassett/Angela_Bassett_0002.jpg,Angela_Bassett/Angela_Bassett_0005.jpg,1,scored,0.7188069820404053,0.40350908041000366,1,1
8,0,Angela_Bassett/Angela_Bassett_0003.jpg,Angela_Bassett/Angela_Bassett_0004.jpg,1,scored,0.7512326240539551,0.40350908041000366,1,1
9,0,Ann_Veneman/Ann_Veneman_0003.jpg,Ann_Veneman/Ann_Veneman_0005.jpg,1,scored,0.9045287370681763,0.40350908041000366,1,1
10,0,Ann_Veneman/Ann_Veneman_0006.jpg,Ann_Veneman/Ann_Veneman_0010.jpg,1,scored,0.8425430655479431,0.40350908041000366,1,1
11,0,Ann_Veneman/Ann_Veneman_0010.jpg,Ann_Veneman/Ann_Veneman_0011.jpg,1,scored,0.6974040269851685,0.40350908041000366,1,1
12,0,Anthony_Fauci/Anthony_Fauci_0001.jpg,Anthony_Fauci/Anthony_Fauci_0002.jpg,1,scored,0.8679757714271545,0.40350908041000366,1,1
13,0,Antony_Leung/Antony_Leung_0001.jpg,Antony_Leung/Antony_Leung_0002.jpg,1,scored,0.7730233669281006,0.40350908041000366,1,1
14,0,Antony_Leung/Antony_Leung_0002.jpg,Antony_Leung/Antony_Leung_0003.jpg,1,scored,0.814119815826416,0.40350908041000366,1,1
15,0,Anwar_Ibrahim/Anwar_Ibrahim_0001.jpg,Anwar_Ibrahim/Anwar_Ibrahim_0002.jpg,1,scored,0.8495802879333496,0.40350908041000366,1,1
16,0,Augusto_Pinochet/Augusto_Pinochet_0001.jpg,Augusto_Pinochet/Augusto_Pinochet_0002.jpg,1,scored,0.9078534841537476,0.40350908041000366,1,1
17,0,Barbara_Brezigar/Barbara_Brezigar_0001.jpg,Barbara_Brezigar/Barbara_Brezigar_0002.jpg,1,scored,0.6909640431404114,0.40350908041000366,1,1
18,0,Benjamin_Netanyahu/Benjamin_Netanyahu_0001.jpg,Benjamin_Netanyahu/Benjamin_Netanyahu_0004.jpg,1,scored,0.8448710441589355,0.40350908041000366,1,1
19,0,Benjamin_Netanyahu/Benjamin_Netanyahu_0004.jpg,Benjamin_Netanyahu/Benjamin_Netanyahu_0005.jpg,1,scored,0.8073512315750122,0.40350908041000366,1,1
20,0,Bernard_Law/Bernard_Law_0002.jpg,Bernard_Law/Bernard_Law_0003.jpg,1,scored,0.7765337228775024,0.40350908041000366,1,1
21,0,Bernard_Law/Bernard_Law_0003.jpg,Bernard_Law/Bernard_Law_0004.jpg,1,scored,0.8529227375984192,0.40350908041000366,1,1
22,0,Bertrand_Bonello/Bertrand_Bonello_0001.jpg,Bertrand_Bonello/Bertrand_Bonello_0002.jpg,1,scored,0.8401612043380737,0.40350908041000366,1,1
23,0,Bill_Frist/Bill_Frist_0002.jpg,Bill_Frist/Bill_Frist_0009.jpg,1,scored,0.7133833765983582,0.40350908041000366,1,1
24,0,Bill_Frist/Bill_Frist_0004.jpg,Bill_Frist/Bill_Frist_0005.jpg,1,scored,0.6518977880477905,0.40350908041000366,1,1
25,0,Bob_Graham/Bob_Graham_0002.jpg,Bob_Graham/Bob_Graham_0004.jpg,1,scored,0.7094725966453552,0.40350908041000366,1,1
26,0,Bob_Graham/Bob_Graham_0003.jpg,Bob_Graham/Bob_Graham_0006.jpg,1,scored,0.8015835285186768,0.40350908041000366,1,1
27,0,Bob_Graham/Bob_Graham_0004.jpg,Bob_Graham/Bob_Graham_0006.jpg,1,scored,0.6927773356437683,0.40350908041000366,1,1
28,0,Bob_Graham/Bob_Graham_0005.jpg,Bob_Graham/Bob_Graham_0006.jpg,1,scored,0.8140373826026917,0.40350908041000366,1,1
29,0,Boris_Becker/Boris_Becker_0002.jpg,Boris_Becker/Boris_Becker_0006.jpg,1,scored,0.7297160625457764,0.40350908041000366,1,1
30,0,Brad_Johnson/Brad_Johnson_0001.jpg,Brad_Johnson/Brad_Johnson_0003.jpg,1,scored,0.7308905124664307,0.40350908041000366,1,1
31,0,Brad_Johnson/Brad_Johnson_0002.jpg,Brad_Johnson/Brad_Johnson_0003.jpg,1,scored,0.7708373069763184,0.40350908041000366,1,1
32,0,Brad_Johnson/Brad_Johnson_0002.jpg,Brad_Johnson/Brad_Johnson_0004.jpg,1,scored,0.6710140705108643,0.40350908041000366,1,1
33,0,Brian_Griese/Brian_Griese_0001.jpg,Brian_Griese/Brian_Griese_0002.jpg,1,scored,0.830467939376831,0.40350908041000366,1,1
34,0,Candice_Bergen/Candice_Bergen_0001.jpg,Candice_Bergen/Candice_Bergen_0002.jpg,1,scored,0.7821825742721558,0.40350908041000366,1,1
35,0,Candice_Bergen/Candice_Bergen_0002.jpg,Candice_Bergen/Candice_Bergen_0003.jpg,1,scored,0.798654317855835,0.40350908041000366,1,1
36,0,Carla_Myers/Carla_Myers_0001.jpg,Carla_Myers/Carla_Myers_0002.jpg,1,scored,0.6310340762138367,0.40350908041000366,1,1
37,0,Cathy_Freeman/Cathy_Freeman_0001.jpg,Cathy_Freeman/Cathy_Freeman_0002.jpg,1,scored,0.7778539657592773,0.40350908041000366,1,1
38,0,Chang_Dae-whan/Chang_Dae-whan_0001.jpg,Chang_Dae-whan/Chang_Dae-whan_0002.jpg,1,scored,0.8649693131446838,0.40350908041000366,1,1
39,0,Charles_Grassley/Charles_Grassley_0001.jpg,Charles_Grassley/Charles_Grassley_0002.jpg,1,scored,0.7574559450149536,0.40350908041000366,1,1
40,0,Clare_Short/Clare_Short_0001.jpg,Clare_Short/Clare_Short_0003.jpg,1,scored,0.7944152355194092,0.40350908041000366,1,1
41,0,Clare_Short/Clare_Short_0001.jpg,Clare_Short/Clare_Short_0004.jpg,1,scored,0.7492004036903381,0.40350908041000366,1,1
42,0,Corinne_Coman/Corinne_Coman_0001.jpg,Corinne_Coman/Corinne_Coman_0002.jpg,1,scored,0.8840616345405579,0.40350908041000366,1,1
43,0,Dai_Bachtiar/Dai_Bachtiar_0001.jpg,Dai_Bachtiar/Dai_Bachtiar_0002.jpg,1,scored,0.8711681365966797,0.40350908041000366,1,1
44,0,Dale_Earnhardt_Jr/Dale_Earnhardt_Jr_0001.jpg,Dale_Earnhardt_Jr/Dale_Earnhardt_Jr_0003.jpg,1,scored,0.6158684492111206,0.40350908041000366,1,1
45,0,David_Caruso/David_Caruso_0001.jpg,David_Caruso/David_Caruso_0002.jpg,1,scored,0.8516119718551636,0.40350908041000366,1,1
46,0,Demi_Moore/Demi_Moore_0001.jpg,Demi_Moore/Demi_Moore_0003.jpg,1,scored,0.7499980330467224,0.40350908041000366,1,1
47,0,Dick_Vermeil/Dick_Vermeil_0001.jpg,Dick_Vermeil/Dick_Vermeil_0002.jpg,1,scored,0.6335722208023071,0.40350908041000366,1,1
48,0,Doris_Roberts/Doris_Roberts_0001.jpg,Doris_Roberts/Doris_Roberts_0002.jpg,1,scored,0.8485127687454224,0.40350908041000366,1,1
49,0,Doris_Roberts/Doris_Roberts_0001.jpg,Doris_Roberts/Doris_Roberts_0003.jpg,1,scored,0.7209169864654541,0.40350908041000366,1,1
50,0,Drew_Barrymore/Drew_Barrymore_0001.jpg,Drew_Barrymore/Drew_Barrymore_0002.jpg,1,scored,0.5784136056900024,0.40350908041000366,1,1
51,0,Edmund_Stoiber/Edmund_Stoiber_0004.jpg,Edmund_Stoiber/Edmund_Stoiber_0007.jpg,1,scored,0.8755676746368408,0.40350908041000366,1,1
52,0,Edmund_Stoiber/Edmund_Stoiber_0005.jpg,Edmund_Stoiber/Edmund_Stoiber_0007.jpg,1,scored,0.7416051626205444,0.40350908041000366,1,1
53,0,Edmund_Stoiber/Edmund_Stoiber_0007.jpg,Edmund_Stoiber/Edmund_Stoiber_0012.jpg,1,scored,0.7547779083251953,0.40350908041000366,1,1
54,0,Edmund_Stoiber/Edmund_Stoiber_0009.jpg,Edmund_Stoiber/Edmund_Stoiber_0011.jpg,1,scored,0.8151475191116333,0.40350908041000366,1,1
55,0,Elinor_Caplan/Elinor_Caplan_0001.jpg,Elinor_Caplan/Elinor_Caplan_0002.jpg,1,scored,0.8732640743255615,0.40350908041000366,1,1
56,0,Emmanuelle_Beart/Emmanuelle_Beart_0001.jpg,Emmanuelle_Beart/Emmanuelle_Beart_0002.jpg,1,scored,0.8742207884788513,0.40350908041000366,1,1
57,0,Emmanuelle_Beart/Emmanuelle_Beart_0001.jpg,Emmanuelle_Beart/Emmanuelle_Beart_0003.jpg,1,scored,0.9338303804397583,0.40350908041000366,1,1
58,0,Federico_Trillo/Federico_Trillo_0001.jpg,Federico_Trillo/Federico_Trillo_0002.jpg,1,scored,0.7577325701713562,0.40350908041000366,1,1
59,0,Federico_Trillo/Federico_Trillo_0001.jpg,Federico_Trillo/Federico_Trillo_0003.jpg,1,scored,0.6907764077186584,0.40350908041000366,1,1
60,0,Federico_Trillo/Federico_Trillo_0002.jpg,Federico_Trillo/Federico_Trillo_0003.jpg,1,scored,0.8158966898918152,0.40350908041000366,1,1
61,0,Francis_Ford_Coppola/Francis_Ford_Coppola_0001.jpg,Francis_Ford_Coppola/Francis_Ford_Coppola_0002.jpg,1,scored,0.7978519797325134,0.40350908041000366,1,1
62,0,Fred_Thompson/Fred_Thompson_0001.jpg,Fred_Thompson/Fred_Thompson_0002.jpg,1,scored,0.6312502026557922,0.40350908041000366,1,1
63,0,Fred_Thompson/Fred_Thompson_0001.jpg,Fred_Thompson/Fred_Thompson_0003.jpg,1,scored,0.6374666094779968,0.40350908041000366,1,1
64,0,Fred_Thompson/Fred_Thompson_0002.jpg,Fred_Thompson/Fred_Thompson_0003.jpg,1,scored,0.7983352541923523,0.40350908041000366,1,1
65,0,Garry_Trudeau/Garry_Trudeau_0001.jpg,Garry_Trudeau/Garry_Trudeau_0002.jpg,1,scored,0.7338837385177612,0.40350908041000366,1,1
66,0,Gary_Williams/Gary_Williams_0001.jpg,Gary_Williams/Gary_Williams_0002.jpg,1,scored,0.7827636003494263,0.40350908041000366,1,1
67,0,Gene_Robinson/Gene_Robinson_0001.jpg,Gene_Robinson/Gene_Robinson_0002.jpg,1,scored,0.6361823081970215,0.40350908041000366,1,1
68,0,Gene_Robinson/Gene_Robinson_0001.jpg,Gene_Robinson/Gene_Robinson_0003.jpg,1,scored,0.6249618530273438,0.40350908041000366,1,1
69,0,Gene_Robinson/Gene_Robinson_0002.jpg,Gene_Robinson/Gene_Robinson_0003.jpg,1,scored,0.7046118974685669,0.40350908041000366,1,1
70,0,George_Galloway/George_Galloway_0001.jpg,George_Galloway/George_Galloway_0003.jpg,1,scored,0.6745080351829529,0.40350908041000366,1,1
71,0,George_Galloway/George_Galloway_0002.jpg,George_Galloway/George_Galloway_0003.jpg,1,scored,0.902955174446106,0.40350908041000366,1,1
72,0,George_Galloway/George_Galloway_0002.jpg,George_Galloway/George_Galloway_0004.jpg,1,scored,0.6958104372024536,0.40350908041000366,1,1
73,0,Geraldine_Chaplin/Geraldine_Chaplin_0001.jpg,Geraldine_Chaplin/Geraldine_Chaplin_0002.jpg,1,scored,0.8612052202224731,0.40350908041000366,1,1
74,0,Geraldine_Chaplin/Geraldine_Chaplin_0001.jpg,Geraldine_Chaplin/Geraldine_Chaplin_0004.jpg,1,scored,0.7305087447166443,0.40350908041000366,1,1
75,0,Geraldine_Chaplin/Geraldine_Chaplin_0003.jpg,Geraldine_Chaplin/Geraldine_Chaplin_0004.jpg,1,scored,0.8387658596038818,0.40350908041000366,1,1
76,0,Gerardo_Gambala/Gerardo_Gambala_0001.jpg,Gerardo_Gambala/Gerardo_Gambala_0002.jpg,1,scored,0.8334064483642578,0.40350908041000366,1,1
77,0,Gian_Marco/Gian_Marco_0001.jpg,Gian_Marco/Gian_Marco_0002.jpg,1,scored,0.7267156839370728,0.40350908041000366,1,1
78,0,Gian_Marco/Gian_Marco_0002.jpg,Gian_Marco/Gian_Marco_0003.jpg,1,scored,0.6493109464645386,0.40350908041000366,1,1
79,0,Gillian_Anderson/Gillian_Anderson_0001.jpg,Gillian_Anderson/Gillian_Anderson_0002.jpg,1,scored,0.6853300333023071,0.40350908041000366,1,1
80,0,Gordon_Brown/Gordon_Brown_0006.jpg,Gordon_Brown/Gordon_Brown_0009.jpg,1,scored,0.7409531474113464,0.40350908041000366,1,1
81,0,Gordon_Brown/Gordon_Brown_0010.jpg,Gordon_Brown/Gordon_Brown_0013.jpg,1,scored,0.7487237453460693,0.40350908041000366,1,1
82,0,Grant_Hackett/Grant_Hackett_0001.jpg,Grant_Hackett/Grant_Hackett_0002.jpg,1,scored,0.8091862201690674,0.40350908041000366,1,1
83,0,Grant_Hackett/Grant_Hackett_0001.jpg,Grant_Hackett/Grant_Hackett_0003.jpg,1,scored,0.8986473083496094,0.40350908041000366,1,1
84,0,Grant_Hackett/Grant_Hackett_0001.jpg,Grant_Hackett/Grant_Hackett_0005.jpg,1,scored,0.7918316125869751,0.40350908041000366,1,1
85,0,Gray_Davis/Gray_Davis_0007.jpg,Gray_Davis/Gray_Davis_0022.jpg,1,scored,0.8477741479873657,0.40350908041000366,1,1
86,0,Gray_Davis/Gray_Davis_0021.jpg,Gray_Davis/Gray_Davis_0026.jpg,1,scored,0.8386801481246948,0.40350908041000366,1,1
87,0,Gregg_Popovich/Gregg_Popovich_0001.jpg,Gregg_Popovich/Gregg_Popovich_0005.jpg,1,scored,0.8307480812072754,0.40350908041000366,1,1
88,0,Gregg_Popovich/Gregg_Popovich_0003.jpg,Gregg_Popovich/Gregg_Popovich_0004.jpg,1,scored,0.743687093257904,0.40350908041000366,1,1
89,0,Guy_Ritchie/Guy_Ritchie_0001.jpg,Guy_Ritchie/Guy_Ritchie_0002.jpg,1,scored,0.7314051985740662,0.40350908041000366,1,1
90,0,Hamzah_Haz/Hamzah_Haz_0001.jpg,Hamzah_Haz/Hamzah_Haz_0002.jpg,1,scored,0.8564695119857788,0.40350908041000366,1,1
91,0,Harbhajan_Singh/Harbhajan_Singh_0001.jpg,Harbhajan_Singh/Harbhajan_Singh_0002.jpg,1,scored,0.8994463682174683,0.40350908041000366,1,1
92,0,Hootie_Johnson/Hootie_Johnson_0001.jpg,Hootie_Johnson/Hootie_Johnson_0002.jpg,1,scored,0.5934171676635742,0.40350908041000366,1,1
93,0,Hugo_Chavez/Hugo_Chavez_0002.jpg,Hugo_Chavez/Hugo_Chavez_0027.jpg,1,scored,0.6379677653312683,0.40350908041000366,1,1
94,0,Hugo_Chavez/Hugo_Chavez_0027.jpg,Hugo_Chavez/Hugo_Chavez_0053.jpg,1,scored,0.7079678773880005,0.40350908041000366,1,1
95,0,Hugo_Chavez/Hugo_Chavez_0036.jpg,Hugo_Chavez/Hugo_Chavez_0051.jpg,1,scored,0.8482766151428223,0.40350908041000366,1,1
96,0,Hugo_Chavez/Hugo_Chavez_0041.jpg,Hugo_Chavez/Hugo_Chavez_0050.jpg,1,scored,0.8424184322357178,0.40350908041000366,1,1
97,0,Hugo_Chavez/Hugo_Chavez_0045.jpg,Hugo_Chavez/Hugo_Chavez_0056.jpg,1,scored,0.8125988245010376,0.40350908041000366,1,1
98,0,Isaiah_Washington/Isaiah_Washington_0001.jpg,Isaiah_Washington/Isaiah_Washington_0002.jpg,1,scored,0.511266827583313,0.40350908041000366,1,1
99,0,Jack_Grubman/Jack_Grubman_0001.jpg,Jack_Grubman/Jack_Grubman_0002.jpg,1,scored,0.898705005645752,0.40350908041000366,1,1
100,0,Jacques_Rogge/Jacques_Rogge_0001.jpg,Jacques_Rogge/Jacques_Rogge_0009.jpg,1,scored,0.7960397005081177,0.40350908041000366,1,1
101,0,Jacques_Rogge/Jacques_Rogge_0003.jpg,Jacques_Rogge/Jacques_Rogge_0007.jpg,1,scored,0.8163045644760132,0.40350908041000366,1,1
102,0,Jacques_Rogge/Jacques_Rogge_0003.jpg,Jacques_Rogge/Jacques_Rogge_0010.jpg,1,scored,0.8683239221572876,0.40350908041000366,1,1
103,0,Jacques_Rogge/Jacques_Rogge_0004.jpg,Jacques_Rogge/Jacques_Rogge_0006.jpg,1,scored,0.6275829076766968,0.40350908041000366,1,1
104,0,Jacques_Rogge/Jacques_Rogge_0004.jpg,Jacques_Rogge/Jacques_Rogge_0009.jpg,1,scored,0.7805479764938354,0.40350908041000366,1,1
105,0,Jacques_Rogge/Jacques_Rogge_0005.jpg,Jacques_Rogge/Jacques_Rogge_0008.jpg,1,scored,0.7035176753997803,0.40350908041000366,1,1
106,0,Jacques_Rogge/Jacques_Rogge_0006.jpg,Jacques_Rogge/Jacques_Rogge_0008.jpg,1,scored,0.6248959898948669,0.40350908041000366,1,1
107,0,James_Caan/James_Caan_0001.jpg,James_Caan/James_Caan_0002.jpg,1,scored,0.8619357347488403,0.40350908041000366,1,1
108,0,James_Caan/James_Caan_0001.jpg,James_Caan/James_Caan_0003.jpg,1,scored,0.856581449508667,0.40350908041000366,1,1
109,0,James_Caan/James_Caan_0002.jpg,James_Caan/James_Caan_0003.jpg,1,scored,0.8436425924301147,0.40350908041000366,1,1
110,0,James_Jones/James_Jones_0001.jpg,James_Jones/James_Jones_0002.jpg,1,scored,0.7337802648544312,0.40350908041000366,1,1
111,0,Jamling_Norgay/Jamling_Norgay_0001.jpg,Jamling_Norgay/Jamling_Norgay_0002.jpg,1,scored,0.8789969682693481,0.40350908041000366,1,1
112,0,Janica_Kostelic/Janica_Kostelic_0001.jpg,Janica_Kostelic/Janica_Kostelic_0002.jpg,1,scored,0.43226712942123413,0.40350908041000366,1,1
113,0,Jeanne_Moreau/Jeanne_Moreau_0001.jpg,Jeanne_Moreau/Jeanne_Moreau_0002.jpg,1,scored,0.8762279748916626,0.40350908041000366,1,1
114,0,Jeffrey_Archer/Jeffrey_Archer_0001.jpg,Jeffrey_Archer/Jeffrey_Archer_0002.jpg,1,scored,0.7778283357620239,0.40350908041000366,1,1
115,0,Jennifer_Garner/Jennifer_Garner_0001.jpg,Jennifer_Garner/Jennifer_Garner_0003.jpg,1,scored,0.557998776435852,0.40350908041000366,1,1
116,0,Jennifer_Garner/Jennifer_Garner_0004.jpg,Jennifer_Garner/Jennifer_Garner_0009.jpg,1,scored,0.7806039452552795,0.40350908041000366,1,1
117,0,Jennifer_Garner/Jennifer_Garner_0005.jpg,Jennifer_Garner/Jennifer_Garner_0006.jpg,1,scored,0.5990804433822632,0.40350908041000366,1,1
118,0,Jennifer_Garner/Jennifer_Garner_0005.jpg,Jennifer_Garner/Jennifer_Garner_0009.jpg,1,scored,0.7286407351493835,0.40350908041000366,1,1
119,0,Jennifer_Garner/Jennifer_Garner_0007.jpg,Jennifer_Garner/Jennifer_Garner_0012.jpg,1,scored,0.7701340317726135,0.40350908041000366,1,1
120,0,Jennifer_Garner/Jennifer_Garner_0008.jpg,Jennifer_Garner/Jennifer_Garner_0011.jpg,1,scored,0.608816385269165,0.40350908041000366,1,1
121,0,Jeremy_Greenstock/Jeremy_Greenstock_0002.jpg,Jeremy_Greenstock/Jeremy_Greenstock_0024.jpg,1,scored,0.8092364072799683,0.40350908041000366,1,1
122,0,Jeremy_Greenstock/Jeremy_Greenstock_0003.jpg,Jeremy_Greenstock/Jeremy_Greenstock_0022.jpg,1,scored,0.6159698963165283,0.40350908041000366,1,1
123,0,Jeremy_Greenstock/Jeremy_Greenstock_0005.jpg,Jeremy_Greenstock/Jeremy_Greenstock_0011.jpg,1,scored,0.759784460067749,0.40350908041000366,1,1
124,0,Jeremy_Greenstock/Jeremy_Greenstock_0010.jpg,Jeremy_Greenstock/Jeremy_Greenstock_0014.jpg,1,scored,0.823867678642273,0.40350908041000366,1,1
125,0,Jeremy_Greenstock/Jeremy_Greenstock_0017.jpg,Jeremy_Greenstock/Jeremy_Greenstock_0021.jpg,1,scored,0.8321619033813477,0.40350908041000366,1,1
126,0,Jessica_Lange/Jessica_Lange_0001.jpg,Jessica_Lange/Jessica_Lange_0002.jpg,1,scored,0.5691519975662231,0.40350908041000366,1,1
127,0,Jimmy_Carter/Jimmy_Carter_0001.jpg,Jimmy_Carter/Jimmy_Carter_0007.jpg,1,scored,0.8495798110961914,0.40350908041000366,1,1
128,0,Jimmy_Carter/Jimmy_Carter_0004.jpg,Jimmy_Carter/Jimmy_Carter_0006.jpg,1,scored,0.9263876676559448,0.40350908041000366,1,1
129,0,Jimmy_Carter/Jimmy_Carter_0005.jpg,Jimmy_Carter/Jimmy_Carter_0008.jpg,1,scored,0.8748644590377808,0.40350908041000366,1,1
130,0,Jimmy_Carter/Jimmy_Carter_0006.jpg,Jimmy_Carter/Jimmy_Carter_0007.jpg,1,scored,0.8098505735397339,0.40350908041000366,1,1
131,0,Jodie_Foster/Jodie_Foster_0001.jpg,Jodie_Foster/Jodie_Foster_0002.jpg,1,scored,0.6889641284942627,0.40350908041000366,1,1
132,0,John_Manley/John_Manley_0001.jpg,John_Manley/John_Manley_0006.jpg,1,scored,0.6603472232818604,0.40350908041000366,1,1
133,0,John_Manley/John_Manley_0002.jpg,John_Manley/John_Manley_0005.jpg,1,scored,0.8325648307800293,0.40350908041000366,1,1
134,0,John_McCain/John_McCain_0002.jpg,John_McCain/John_McCain_0003.jpg,1,scored,0.7645832300186157,0.40350908041000366,1,1
135,0,John_McCain/John_McCain_0003.jpg,John_McCain/John_McCain_0007.jpg,1,scored,0.6894159913063049,0.40350908041000366,1,1
136,0,John_McCain/John_McCain_0006.jpg,John_McCain/John_McCain_0007.jpg,1,scored,0.7656768560409546,0.40350908041000366,1,1
137,0,John_Snow/John_Snow_0003.jpg,John_Snow/John_Snow_0015.jpg,1,scored,0.732946515083313,0.40350908041000366,1,1
138,0,John_Snow/John_Snow_0004.jpg,John_Snow/John_Snow_0016.jpg,1,scored,0.8041688203811646,0.40350908041000366,1,1
139,0,John_Snow/John_Snow_0009.jpg,John_Snow/John_Snow_0011.jpg,1,scored,0.8507561683654785,0.40350908041000366,1,1
140,0,Johnson_Panjaitan/Johnson_Panjaitan_0001.jpg,Johnson_Panjaitan/Johnson_Panjaitan_0002.jpg,1,scored,0.9187501668930054,0.40350908041000366,1,1
141,0,Jorge_Castaneda/Jorge_Castaneda_0001.jpg,Jorge_Castaneda/Jorge_Castaneda_0002.jpg,1,scored,0.6687859296798706,0.40350908041000366,1,1
142,0,Jose_Serra/Jose_Serra_0001.jpg,Jose_Serra/Jose_Serra_0009.jpg,1,scored,0.8327522277832031,0.40350908041000366,1,1
143,0,Jose_Serra/Jose_Serra_0002.jpg,Jose_Serra/Jose_Serra_0008.jpg,1,scored,0.849158763885498,0.40350908041000366,1,1
144,0,Jose_Serra/Jose_Serra_0003.jpg,Jose_Serra/Jose_Serra_0005.jpg,1,scored,0.7910873889923096,0.40350908041000366,1,1
145,0,Jose_Serra/Jose_Serra_0003.jpg,Jose_Serra/Jose_Serra_0007.jpg,1,scored,0.8648940324783325,0.40350908041000366,1,1
146,0,Jose_Serra/Jose_Serra_0006.jpg,Jose_Serra/Jose_Serra_0009.jpg,1,scored,0.8931379914283752,0.40350908041000366,1,1
147,0,Jose_Theodore/Jose_Theodore_0001.jpg,Jose_Theodore/Jose_Theodore_0002.jpg,1,scored,0.6604468822479248,0.40350908041000366,1,1
148,0,Joseph_Blatter/Joseph_Blatter_0001.jpg,Joseph_Blatter/Joseph_Blatter_0002.jpg,1,scored,0.7791751623153687,0.40350908041000366,1,1
149,0,Joseph_Ralston/Joseph_Ralston_0001.jpg,Joseph_Ralston/Joseph_Ralston_0002.jpg,1,scored,0.7819724678993225,0.40350908041000366,1,1
150,0,Juan_Pablo_Montoya/Juan_Pablo_Montoya_0001.jpg,Juan_Pablo_Montoya/Juan_Pablo_Montoya_0008.jpg,1,scored,0.33825165033340454,0.40350908041000366,0,0
151,0,Juan_Pablo_Montoya/Juan_Pablo_Montoya_0002.jpg,Juan_Pablo_Montoya/Juan_Pablo_Montoya_0004.jpg,1,scored,0.7257003784179688,0.40350908041000366,1,1
152,0,Juan_Pablo_Montoya/Juan_Pablo_Montoya_0004.jpg,Juan_Pablo_Montoya/Juan_Pablo_Montoya_0005.jpg,1,scored,0.5010411739349365,0.40350908041000366,1,1
153,0,Julianna_Margulies/Julianna_Margulies_0001.jpg,Julianna_Margulies/Julianna_Margulies_0002.jpg,1,scored,0.8924469947814941,0.40350908041000366,1,1
154,0,Justin_Guarini/Justin_Guarini_0001.jpg,Justin_Guarini/Justin_Guarini_0002.jpg,1,scored,0.5611343383789062,0.40350908041000366,1,1
155,0,Justin_Guarini/Justin_Guarini_0002.jpg,Justin_Guarini/Justin_Guarini_0003.jpg,1,scored,0.8519258499145508,0.40350908041000366,1,1
156,0,Justine_Henin/Justine_Henin_0002.jpg,Justine_Henin/Justine_Henin_0003.jpg,1,scored,0.8049957156181335,0.40350908041000366,1,1
157,0,Kate_Winslet/Kate_Winslet_0001.jpg,Kate_Winslet/Kate_Winslet_0002.jpg,1,scored,0.8475757837295532,0.40350908041000366,1,1
158,0,Kate_Winslet/Kate_Winslet_0001.jpg,Kate_Winslet/Kate_Winslet_0004.jpg,1,scored,0.6717824935913086,0.40350908041000366,1,1
159,0,Kate_Winslet/Kate_Winslet_0002.jpg,Kate_Winslet/Kate_Winslet_0003.jpg,1,scored,0.8492622375488281,0.40350908041000366,1,1
160,0,Kate_Winslet/Kate_Winslet_0002.jpg,Kate_Winslet/Kate_Winslet_0004.jpg,1,scored,0.7731362581253052,0.40350908041000366,1,1
161,0,Kathy_Winters/Kathy_Winters_0001.jpg,Kathy_Winters/Kathy_Winters_0002.jpg,1,scored,0.9034485220909119,0.40350908041000366,1,1
162,0,Kelvin_Sampson/Kelvin_Sampson_0001.jpg,Kelvin_Sampson/Kelvin_Sampson_0002.jpg,1,scored,0.8168166279792786,0.40350908041000366,1,1
163,0,Kevin_Stallings/Kevin_Stallings_0001.jpg,Kevin_Stallings/Kevin_Stallings_0002.jpg,1,scored,0.7328773736953735,0.40350908041000366,1,1
164,0,Kim_Jong-Il/Kim_Jong-Il_0002.jpg,Kim_Jong-Il/Kim_Jong-Il_0003.jpg,1,scored,0.9450827836990356,0.40350908041000366,1,1
165,0,Kristin_Davis/Kristin_Davis_0001.jpg,Kristin_Davis/Kristin_Davis_0002.jpg,1,scored,0.9046040773391724,0.40350908041000366,1,1
166,0,Kristin_Davis/Kristin_Davis_0002.jpg,Kristin_Davis/Kristin_Davis_0003.jpg,1,scored,0.8071786761283875,0.40350908041000366,1,1
167,0,Lance_Armstrong/Lance_Armstrong_0001.jpg,Lance_Armstrong/Lance_Armstrong_0017.jpg,1,scored,0.8163666725158691,0.40350908041000366,1,1
168,0,Lance_Armstrong/Lance_Armstrong_0005.jpg,Lance_Armstrong/Lance_Armstrong_0010.jpg,1,scored,0.4578552842140198,0.40350908041000366,1,1
169,0,Lance_Armstrong/Lance_Armstrong_0007.jpg,Lance_Armstrong/Lance_Armstrong_0011.jpg,1,scored,0.6717990040779114,0.40350908041000366,1,1
170,0,Lance_Armstrong/Lance_Armstrong_0010.jpg,Lance_Armstrong/Lance_Armstrong_0018.jpg,1,scored,0.5447803139686584,0.40350908041000366,1,1
171,0,Lance_Armstrong/Lance_Armstrong_0014.jpg,Lance_Armstrong/Lance_Armstrong_0017.jpg,1,scored,0.361483097076416,0.40350908041000366,0,0
172,0,Laurent_Jalabert/Laurent_Jalabert_0001.jpg,Laurent_Jalabert/Laurent_Jalabert_0002.jpg,1,scored,0.8127491474151611,0.40350908041000366,1,1
173,0,Lindsey_Graham/Lindsey_Graham_0001.jpg,Lindsey_Graham/Lindsey_Graham_0002.jpg,1,scored,0.8066005706787109,0.40350908041000366,1,1
174,0,Lisa_Gottsegen/Lisa_Gottsegen_0001.jpg,Lisa_Gottsegen/Lisa_Gottsegen_0002.jpg,1,scored,0.7913950681686401,0.40350908041000366,1,1
175,0,Lleyton_Hewitt/Lleyton_Hewitt_0001.jpg,Lleyton_Hewitt/Lleyton_Hewitt_0013.jpg,1,scored,0.7888001799583435,0.40350908041000366,1,1
176,0,Lleyton_Hewitt/Lleyton_Hewitt_0016.jpg,Lleyton_Hewitt/Lleyton_Hewitt_0027.jpg,1,scored,0.8351513743400574,0.40350908041000366,1,1
177,0,Lleyton_Hewitt/Lleyton_Hewitt_0018.jpg,Lleyton_Hewitt/Lleyton_Hewitt_0037.jpg,1,scored,0.6673691868782043,0.40350908041000366,1,1
178,0,Lleyton_Hewitt/Lleyton_Hewitt_0024.jpg,Lleyton_Hewitt/Lleyton_Hewitt_0036.jpg,1,scored,0.8057870864868164,0.40350908041000366,1,1
179,0,Luis_Ernesto_Derbez_Bautista/Luis_Ernesto_Derbez_Bautista_0003.jpg,Luis_Ernesto_Derbez_Bautista/Luis_Ernesto_Derbez_Bautista_0006.jpg,1,scored,0.6649214029312134,0.40350908041000366,1,1
180,0,Mario_Dumont/Mario_Dumont_0001.jpg,Mario_Dumont/Mario_Dumont_0002.jpg,1,scored,0.5818835496902466,0.40350908041000366,1,1
181,0,Mark_Wahlberg/Mark_Wahlberg_0001.jpg,Mark_Wahlberg/Mark_Wahlberg_0003.jpg,1,scored,0.4780929982662201,0.40350908041000366,1,1
182,0,Mark_Wahlberg/Mark_Wahlberg_0002.jpg,Mark_Wahlberg/Mark_Wahlberg_0003.jpg,1,scored,0.6820545792579651,0.40350908041000366,1,1
183,0,Mark_Wahlberg/Mark_Wahlberg_0002.jpg,Mark_Wahlberg/Mark_Wahlberg_0004.jpg,1,scored,0.831321120262146,0.40350908041000366,1,1
184,0,Marlene_Weingartner/Marlene_Weingartner_0001.jpg,Marlene_Weingartner/Marlene_Weingartner_0002.jpg,1,scored,0.5529863238334656,0.40350908041000366,1,1
185,0,Martha_Bowen/Martha_Bowen_0001.jpg,Martha_Bowen/Martha_Bowen_0002.jpg,1,scored,0.4319559335708618,0.40350908041000366,1,1
186,0,Martin_Cauchon/Martin_Cauchon_0001.jpg,Martin_Cauchon/Martin_Cauchon_0002.jpg,1,scored,0.9429604411125183,0.40350908041000366,1,1
187,0,Martin_Hoellwarth/Martin_Hoellwarth_0001.jpg,Martin_Hoellwarth/Martin_Hoellwarth_0002.jpg,1,scored,0.6132714748382568,0.40350908041000366,1,1
188,0,Martin_Sheen/Martin_Sheen_0001.jpg,Martin_Sheen/Martin_Sheen_0002.jpg,1,scored,0.6771728992462158,0.40350908041000366,1,1
189,0,Matthew_Broderick/Matthew_Broderick_0001.jpg,Matthew_Broderick/Matthew_Broderick_0004.jpg,1,scored,0.45239752531051636,0.40350908041000366,1,1
190,0,Matthew_Broderick/Matthew_Broderick_0002.jpg,Matthew_Broderick/Matthew_Broderick_0003.jpg,1,scored,0.6319077610969543,0.40350908041000366,1,1
191,0,Mike_Krzyzewski/Mike_Krzyzewski_0001.jpg,Mike_Krzyzewski/Mike_Krzyzewski_0006.jpg,1,scored,0.7535078525543213,0.40350908041000366,1,1
192,0,Mikhail_Gorbachev/Mikhail_Gorbachev_0001.jpg,Mikhail_Gorbachev/Mikhail_Gorbachev_0002.jpg,1,scored,0.7941275835037231,0.40350908041000366,1,1
193,0,Monica_Bellucci/Monica_Bellucci_0001.jpg,Monica_Bellucci/Monica_Bellucci_0004.jpg,1,scored,0.8118627071380615,0.40350908041000366,1,1
194,0,Monica_Bellucci/Monica_Bellucci_0002.jpg,Monica_Bellucci/Monica_Bellucci_0004.jpg,1,scored,0.7996395826339722,0.40350908041000366,1,1
195,0,Naomi_Campbell/Naomi_Campbell_0001.jpg,Naomi_Campbell/Naomi_Campbell_0002.jpg,1,scored,0.8042710423469543,0.40350908041000366,1,1
196,0,Nestor_Kirchner/Nestor_Kirchner_0003.jpg,Nestor_Kirchner/Nestor_Kirchner_0030.jpg,1,scored,0.7399264574050903,0.40350908041000366,1,1
197,0,Nestor_Kirchner/Nestor_Kirchner_0012.jpg,Nestor_Kirchner/Nestor_Kirchner_0021.jpg,1,scored,0.8632024526596069,0.40350908041000366,1,1
198,0,Nestor_Kirchner/Nestor_Kirchner_0017.jpg,Nestor_Kirchner/Nestor_Kirchner_0025.jpg,1,scored,0.73179030418396,0.40350908041000366,1,1
199,0,Nicolas_Lapentti/Nicolas_Lapentti_0001.jpg,Nicolas_Lapentti/Nicolas_Lapentti_0002.jpg,1,scored,0.7665932178497314,0.40350908041000366,1,1
200,0,Noah_Wyle/Noah_Wyle_0002.jpg,Noah_Wyle/Noah_Wyle_0003.jpg,1,scored,0.7732226848602295,0.40350908041000366,1,1
201,0,Nora_Bendijo/Nora_Bendijo_0001.jpg,Nora_Bendijo/Nora_Bendijo_0002.jpg,1,scored,0.49710550904273987,0.40350908041000366,1,1
202,0,Nursultan_Nazarbayev/Nursultan_Nazarbayev_0001.jpg,Nursultan_Nazarbayev/Nursultan_Nazarbayev_0002.jpg,1,scored,0.7658638954162598,0.40350908041000366,1,1
203,0,Pamela_Anderson/Pamela_Anderson_0001.jpg,Pamela_Anderson/Pamela_Anderson_0002.jpg,1,scored,0.7181284427642822,0.40350908041000366,1,1
204,0,Pamela_Anderson/Pamela_Anderson_0001.jpg,Pamela_Anderson/Pamela_Anderson_0005.jpg,1,scored,0.7615434527397156,0.40350908041000366,1,1
205,0,Patricia_Heaton/Patricia_Heaton_0001.jpg,Patricia_Heaton/Patricia_Heaton_0002.jpg,1,scored,0.7171345949172974,0.40350908041000366,1,1
206,0,Patty_Schnyder/Patty_Schnyder_0001.jpg,Patty_Schnyder/Patty_Schnyder_0002.jpg,1,scored,0.585147500038147,0.40350908041000366,1,1
207,0,Patty_Schnyder/Patty_Schnyder_0002.jpg,Patty_Schnyder/Patty_Schnyder_0003.jpg,1,scored,0.7097157835960388,0.40350908041000366,1,1
208,0,Patty_Schnyder/Patty_Schnyder_0002.jpg,Patty_Schnyder/Patty_Schnyder_0004.jpg,1,scored,0.8406940698623657,0.40350908041000366,1,1
209,0,Patty_Schnyder/Patty_Schnyder_0003.jpg,Patty_Schnyder/Patty_Schnyder_0004.jpg,1,scored,0.7212169766426086,0.40350908041000366,1,1
210,0,Paul_Bremer/Paul_Bremer_0006.jpg,Paul_Bremer/Paul_Bremer_0017.jpg,1,scored,0.8170251846313477,0.40350908041000366,1,1
211,0,Paul_Bremer/Paul_Bremer_0007.jpg,Paul_Bremer/Paul_Bremer_0010.jpg,1,scored,0.9064134359359741,0.40350908041000366,1,1
212,0,Paul_Bremer/Paul_Bremer_0009.jpg,Paul_Bremer/Paul_Bremer_0015.jpg,1,scored,0.8258018493652344,0.40350908041000366,1,1
213,0,Paul_Bremer/Paul_Bremer_0014.jpg,Paul_Bremer/Paul_Bremer_0016.jpg,1,scored,0.7733924984931946,0.40350908041000366,1,1
214,0,Paul_Sarbanes/Paul_Sarbanes_0001.jpg,Paul_Sarbanes/Paul_Sarbanes_0003.jpg,1,scored,0.7575393915176392,0.40350908041000366,1,1
215,0,Paul_Sarbanes/Paul_Sarbanes_0002.jpg,Paul_Sarbanes/Paul_Sarbanes_0003.jpg,1,scored,0.8008854389190674,0.40350908041000366,1,1
216,0,Paul_William_Hurley/Paul_William_Hurley_0001.jpg,Paul_William_Hurley/Paul_William_Hurley_0002.jpg,1,scored,0.8721668720245361,0.40350908041000366,1,1
217,0,Pervez_Musharraf/Pervez_Musharraf_0001.jpg,Pervez_Musharraf/Pervez_Musharraf_0006.jpg,1,scored,0.8062623143196106,0.40350908041000366,1,1
218,0,Pervez_Musharraf/Pervez_Musharraf_0002.jpg,Pervez_Musharraf/Pervez_Musharraf_0016.jpg,1,scored,0.8007639646530151,0.40350908041000366,1,1
219,0,Pervez_Musharraf/Pervez_Musharraf_0003.jpg,Pervez_Musharraf/Pervez_Musharraf_0010.jpg,1,scored,0.8079323768615723,0.40350908041000366,1,1
220,0,Pervez_Musharraf/Pervez_Musharraf_0004.jpg,Pervez_Musharraf/Pervez_Musharraf_0014.jpg,1,scored,0.8794363737106323,0.40350908041000366,1,1
221,0,Pervez_Musharraf/Pervez_Musharraf_0005.jpg,Pervez_Musharraf/Pervez_Musharraf_0007.jpg,1,scored,0.5899784564971924,0.40350908041000366,1,1
222,0,Pervez_Musharraf/Pervez_Musharraf_0005.jpg,Pervez_Musharraf/Pervez_Musharraf_0015.jpg,1,scored,0.6004422903060913,0.40350908041000366,1,1
223,0,Phil_Gramm/Phil_Gramm_0001.jpg,Phil_Gramm/Phil_Gramm_0002.jpg,1,scored,0.6766189336776733,0.40350908041000366,1,1
224,0,Prince_Edward/Prince_Edward_0001.jpg,Prince_Edward/Prince_Edward_0002.jpg,1,scored,0.6207895874977112,0.40350908041000366,1,1
225,0,Ricardo_Lagos/Ricardo_Lagos_0003.jpg,Ricardo_Lagos/Ricardo_Lagos_0012.jpg,1,scored,0.9003646373748779,0.40350908041000366,1,1
226,0,Ricardo_Lagos/Ricardo_Lagos_0023.jpg,Ricardo_Lagos/Ricardo_Lagos_0027.jpg,1,scored,0.8032922148704529,0.40350908041000366,1,1
227,0,Ricardo_Monasterio/Ricardo_Monasterio_0001.jpg,Ricardo_Monasterio/Ricardo_Monasterio_0002.jpg,1,scored,0.8481779098510742,0.40350908041000366,1,1
228,0,Rich_Gannon/Rich_Gannon_0001.jpg,Rich_Gannon/Rich_Gannon_0002.jpg,1,scored,0.8846416473388672,0.40350908041000366,1,1
229,0,Rick_Perry/Rick_Perry_0001.jpg,Rick_Perry/Rick_Perry_0004.jpg,1,scored,0.7685505747795105,0.40350908041000366,1,1
230,0,Rick_Perry/Rick_Perry_0001.jpg,Rick_Perry/Rick_Perry_0005.jpg,1,scored,0.7209775447845459,0.40350908041000366,1,1
231,0,Rick_Perry/Rick_Perry_0002.jpg,Rick_Perry/Rick_Perry_0004.jpg,1,scored,0.776675820350647,0.40350908041000366,1,1
232,0,Rick_Perry/Rick_Perry_0003.jpg,Rick_Perry/Rick_Perry_0004.jpg,1,scored,0.9055412411689758,0.40350908041000366,1,1
233,0,Robert_Bonner/Robert_Bonner_0002.jpg,Robert_Bonner/Robert_Bonner_0003.jpg,1,scored,0.9063963890075684,0.40350908041000366,1,1
234,0,Robert_Evans/Robert_Evans_0002.jpg,Robert_Evans/Robert_Evans_0003.jpg,1,scored,0.6584165096282959,0.40350908041000366,1,1
235,0,Robert_Fico/Robert_Fico_0001.jpg,Robert_Fico/Robert_Fico_0002.jpg,1,scored,0.809523344039917,0.40350908041000366,1,1
236,0,Romano_Prodi/Romano_Prodi_0003.jpg,Romano_Prodi/Romano_Prodi_0005.jpg,1,scored,0.49629831314086914,0.40350908041000366,1,1
237,0,Roy_Moore/Roy_Moore_0002.jpg,Roy_Moore/Roy_Moore_0005.jpg,1,scored,0.7736914157867432,0.40350908041000366,1,1
238,0,Roy_Moore/Roy_Moore_0003.jpg,Roy_Moore/Roy_Moore_0006.jpg,1,scored,0.6636068820953369,0.40350908041000366,1,1
239,0,Sachiko_Yamada/Sachiko_Yamada_0001.jpg,Sachiko_Yamada/Sachiko_Yamada_0002.jpg,1,scored,0.8907998204231262,0.40350908041000366,1,1
240,0,Sachiko_Yamada/Sachiko_Yamada_0001.jpg,Sachiko_Yamada/Sachiko_Yamada_0004.jpg,1,scored,0.6021703481674194,0.40350908041000366,1,1
241,0,Sachiko_Yamada/Sachiko_Yamada_0002.jpg,Sachiko_Yamada/Sachiko_Yamada_0003.jpg,1,scored,0.8394927978515625,0.40350908041000366,1,1
242,0,Sachiko_Yamada/Sachiko_Yamada_0002.jpg,Sachiko_Yamada/Sachiko_Yamada_0004.jpg,1,scored,0.5650187730789185,0.40350908041000366,1,1
243,0,Saeb_Erekat/Saeb_Erekat_0001.jpg,Saeb_Erekat/Saeb_Erekat_0002.jpg,1,scored,0.7775846719741821,0.40350908041000366,1,1
244,0,Sam_Bith/Sam_Bith_0001.jpg,Sam_Bith/Sam_Bith_0002.jpg,1,scored,0.8659039735794067,0.40350908041000366,1,1
245,0,Sam_Bith/Sam_Bith_0001.jpg,Sam_Bith/Sam_Bith_0003.jpg,1,scored,0.7814974188804626,0.40350908041000366,1,1
246,0,Sam_Bith/Sam_Bith_0002.jpg,Sam_Bith/Sam_Bith_0003.jpg,1,scored,0.6601941585540771,0.40350908041000366,1,1
247,0,Sean_Hayes/Sean_Hayes_0001.jpg,Sean_Hayes/Sean_Hayes_0002.jpg,1,scored,0.9012274742126465,0.40350908041000366,1,1
248,0,Sergio_Garcia/Sergio_Garcia_0001.jpg,Sergio_Garcia/Sergio_Garcia_0002.jpg,1,scored,0.7942960262298584,0.40350908041000366,1,1
249,0,Silvia_Farina_Elia/Silvia_Farina_Elia_0001.jpg,Silvia_Farina_Elia/Silvia_Farina_Elia_0002.jpg,1,scored,0.8365990519523621,0.40350908041000366,1,1
250,0,Steve_Ballmer/Steve_Ballmer_0001.jpg,Steve_Ballmer/Steve_Ballmer_0002.jpg,1,scored,0.70743727684021,0.40350908041000366,1,1
251,0,Steve_Ballmer/Steve_Ballmer_0001.jpg,Steve_Ballmer/Steve_Ballmer_0003.jpg,1,scored,0.7080672383308411,0.40350908041000366,1,1
252,0,Stockard_Channing/Stockard_Channing_0001.jpg,Stockard_Channing/Stockard_Channing_0003.jpg,1,scored,0.779698371887207,0.40350908041000366,1,1
253,0,Stockard_Channing/Stockard_Channing_0002.jpg,Stockard_Channing/Stockard_Channing_0003.jpg,1,scored,0.7218672037124634,0.40350908041000366,1,1
254,0,Terry_McAuliffe/Terry_McAuliffe_0001.jpg,Terry_McAuliffe/Terry_McAuliffe_0002.jpg,1,scored,0.7260616421699524,0.40350908041000366,1,1
255,0,Terry_McAuliffe/Terry_McAuliffe_0001.jpg,Terry_McAuliffe/Terry_McAuliffe_0003.jpg,1,scored,0.7726205587387085,0.40350908041000366,1,1
256,0,Thomas_Rupprath/Thomas_Rupprath_0001.jpg,Thomas_Rupprath/Thomas_Rupprath_0003.jpg,1,scored,0.519981324672699,0.40350908041000366,1,1
257,0,Thomas_Rupprath/Thomas_Rupprath_0002.jpg,Thomas_Rupprath/Thomas_Rupprath_0003.jpg,1,scored,0.5793229341506958,0.40350908041000366,1,1
258,0,Tom_Ridge/Tom_Ridge_0006.jpg,Tom_Ridge/Tom_Ridge_0016.jpg,1,scored,0.7265410423278809,0.40350908041000366,1,1
259,0,Tom_Ridge/Tom_Ridge_0008.jpg,Tom_Ridge/Tom_Ridge_0025.jpg,1,scored,0.7861981391906738,0.40350908041000366,1,1
260,0,Tom_Ridge/Tom_Ridge_0009.jpg,Tom_Ridge/Tom_Ridge_0026.jpg,1,scored,0.6662355661392212,0.40350908041000366,1,1
261,0,Tom_Ridge/Tom_Ridge_0018.jpg,Tom_Ridge/Tom_Ridge_0022.jpg,1,scored,0.824159562587738,0.40350908041000366,1,1
262,0,Tommy_Haas/Tommy_Haas_0004.jpg,Tommy_Haas/Tommy_Haas_0005.jpg,1,scored,0.6233499050140381,0.40350908041000366,1,1
263,0,Tommy_Thompson/Tommy_Thompson_0001.jpg,Tommy_Thompson/Tommy_Thompson_0002.jpg,1,scored,0.6847468018531799,0.40350908041000366,1,1
264,0,Tommy_Thompson/Tommy_Thompson_0001.jpg,Tommy_Thompson/Tommy_Thompson_0007.jpg,1,scored,0.7846008539199829,0.40350908041000366,1,1
265,0,Tommy_Thompson/Tommy_Thompson_0002.jpg,Tommy_Thompson/Tommy_Thompson_0008.jpg,1,scored,0.8399056196212769,0.40350908041000366,1,1
266,0,Tommy_Thompson/Tommy_Thompson_0004.jpg,Tommy_Thompson/Tommy_Thompson_0008.jpg,1,scored,0.9143840670585632,0.40350908041000366,1,1
267,0,Tommy_Thompson/Tommy_Thompson_0006.jpg,Tommy_Thompson/Tommy_Thompson_0009.jpg,1,scored,0.8935349583625793,0.40350908041000366,1,1
268,0,Tomoko_Hagiwara/Tomoko_Hagiwara_0001.jpg,Tomoko_Hagiwara/Tomoko_Hagiwara_0002.jpg,1,scored,0.7589653730392456,0.40350908041000366,1,1
269,0,Trent_Lott/Trent_Lott_0001.jpg,Trent_Lott/Trent_Lott_0002.jpg,1,scored,0.6926270723342896,0.40350908041000366,1,1
270,0,Trent_Lott/Trent_Lott_0002.jpg,Trent_Lott/Trent_Lott_0003.jpg,1,scored,0.774680495262146,0.40350908041000366,1,1
271,0,Trent_Lott/Trent_Lott_0002.jpg,Trent_Lott/Trent_Lott_0008.jpg,1,scored,0.6564821004867554,0.40350908041000366,1,1
272,0,Trent_Lott/Trent_Lott_0006.jpg,Trent_Lott/Trent_Lott_0011.jpg,1,scored,0.8046984076499939,0.40350908041000366,1,1
273,0,Trent_Lott/Trent_Lott_0007.jpg,Trent_Lott/Trent_Lott_0010.jpg,1,scored,0.7795106172561646,0.40350908041000366,1,1
274,0,Trent_Lott/Trent_Lott_0008.jpg,Trent_Lott/Trent_Lott_0016.jpg,1,scored,0.8330669403076172,0.40350908041000366,1,1
275,0,Tsutomu_Takebe/Tsutomu_Takebe_0001.jpg,Tsutomu_Takebe/Tsutomu_Takebe_0002.jpg,1,scored,0.9061582088470459,0.40350908041000366,1,1
276,0,Tyler_Hamilton/Tyler_Hamilton_0001.jpg,Tyler_Hamilton/Tyler_Hamilton_0002.jpg,1,scored,0.795297384262085,0.40350908041000366,1,1
277,0,Tyra_Banks/Tyra_Banks_0001.jpg,Tyra_Banks/Tyra_Banks_0002.jpg,1,scored,0.815849781036377,0.40350908041000366,1,1
278,0,Vaclav_Havel/Vaclav_Havel_0002.jpg,Vaclav_Havel/Vaclav_Havel_0004.jpg,1,scored,0.7464233636856079,0.40350908041000366,1,1
279,0,Vaclav_Havel/Vaclav_Havel_0002.jpg,Vaclav_Havel/Vaclav_Havel_0005.jpg,1,scored,0.7452832460403442,0.40350908041000366,1,1
280,0,Vaclav_Havel/Vaclav_Havel_0002.jpg,Vaclav_Havel/Vaclav_Havel_0006.jpg,1,scored,0.7312500476837158,0.40350908041000366,1,1
281,0,Vaclav_Havel/Vaclav_Havel_0004.jpg,Vaclav_Havel/Vaclav_Havel_0009.jpg,1,scored,0.8572870492935181,0.40350908041000366,1,1
282,0,Vaclav_Havel/Vaclav_Havel_0005.jpg,Vaclav_Havel/Vaclav_Havel_0007.jpg,1,scored,0.832207202911377,0.40350908041000366,1,1
283,0,Valerie_Harper/Valerie_Harper_0001.jpg,Valerie_Harper/Valerie_Harper_0002.jpg,1,scored,0.7951271533966064,0.40350908041000366,1,1
284,0,Vince_Carter/Vince_Carter_0003.jpg,Vince_Carter/Vince_Carter_0004.jpg,1,scored,0.7524803280830383,0.40350908041000366,1,1
285,0,Vincent_Brooks/Vincent_Brooks_0002.jpg,Vincent_Brooks/Vincent_Brooks_0003.jpg,1,scored,0.889370858669281,0.40350908041000366,1,1
286,0,Vincent_Brooks/Vincent_Brooks_0002.jpg,Vincent_Brooks/Vincent_Brooks_0007.jpg,1,scored,0.7587919235229492,0.40350908041000366,1,1
287,0,Vincent_Brooks/Vincent_Brooks_0004.jpg,Vincent_Brooks/Vincent_Brooks_0005.jpg,1,scored,0.8860618472099304,0.40350908041000366,1,1
288,0,Vincent_Brooks/Vincent_Brooks_0004.jpg,Vincent_Brooks/Vincent_Brooks_0007.jpg,1,scored,0.7423953413963318,0.40350908041000366,1,1
289,0,Vincent_Gallo/Vincent_Gallo_0001.jpg,Vincent_Gallo/Vincent_Gallo_0002.jpg,1,scored,0.8871909976005554,0.40350908041000366,1,1
290,0,Vitali_Klitschko/Vitali_Klitschko_0001.jpg,Vitali_Klitschko/Vitali_Klitschko_0002.jpg,1,scored,0.714554488658905,0.40350908041000366,1,1
291,0,Vitali_Klitschko/Vitali_Klitschko_0003.jpg,Vitali_Klitschko/Vitali_Klitschko_0004.jpg,1,scored,0.6878092288970947,0.40350908041000366,1,1
292,0,William_Macy/William_Macy_0001.jpg,William_Macy/William_Macy_0004.jpg,1,scored,0.842029333114624,0.40350908041000366,1,1
293,0,William_Macy/William_Macy_0002.jpg,William_Macy/William_Macy_0004.jpg,1,scored,0.7802026271820068,0.40350908041000366,1,1
294,0,William_Macy/William_Macy_0003.jpg,William_Macy/William_Macy_0004.jpg,1,scored,0.9214390516281128,0.40350908041000366,1,1
295,0,Woody_Allen/Woody_Allen_0002.jpg,Woody_Allen/Woody_Allen_0004.jpg,1,scored,0.6901003122329712,0.40350908041000366,1,1
296,0,Woody_Allen/Woody_Allen_0003.jpg,Woody_Allen/Woody_Allen_0005.jpg,1,scored,0.6663397550582886,0.40350908041000366,1,1
297,0,Yukiko_Okudo/Yukiko_Okudo_0001.jpg,Yukiko_Okudo/Yukiko_Okudo_0002.jpg,1,scored,0.5793921947479248,0.40350908041000366,1,1
298,0,Zico/Zico_0001.jpg,Zico/Zico_0002.jpg,1,scored,0.8461452722549438,0.40350908041000366,1,1
299,0,Zico/Zico_0002.jpg,Zico/Zico_0003.jpg,1,scored,0.8676496744155884,0.40350908041000366,1,1
300,0,Abdel_Madi_Shabneh/Abdel_Madi_Shabneh_0001.jpg,Dean_Barker/Dean_Barker_0001.jpg,0,scored,0.07134464383125305,0.40350908041000366,0,1
301,0,Abdel_Madi_Shabneh/Abdel_Madi_Shabneh_0001.jpg,Giancarlo_Fisichella/Giancarlo_Fisichella_0001.jpg,0,scored,0.007297005504369736,0.40350908041000366,0,1
302,0,Abdel_Madi_Shabneh/Abdel_Madi_Shabneh_0001.jpg,Mikhail_Gorbachev/Mikhail_Gorbachev_0001.jpg,0,scored,-0.1198156327009201,0.40350908041000366,0,1
303,0,Abdul_Rahman/Abdul_Rahman_0001.jpg,Portia_de_Rossi/Portia_de_Rossi_0001.jpg,0,scored,-0.02984178066253662,0.40350908041000366,0,1
304,0,Abel_Pacheco/Abel_Pacheco_0001.jpg,Jong_Thae_Hwa/Jong_Thae_Hwa_0002.jpg,0,scored,0.2504541277885437,0.40350908041000366,0,1
305,0,Abel_Pacheco/Abel_Pacheco_0002.jpg,Jean-Francois_Lemounier/Jean-Francois_Lemounier_0001.jpg,0,scored,-0.12342497706413269,0.40350908041000366,0,1
306,0,Afton_Smith/Afton_Smith_0001.jpg,Dwayne_Wade/Dwayne_Wade_0001.jpg,0,scored,0.11972437798976898,0.40350908041000366,0,1
307,0,Ahmad_Jbarah/Ahmad_Jbarah_0001.jpg,James_Comey/James_Comey_0001.jpg,0,scored,-0.03846295177936554,0.40350908041000366,0,1
308,0,Akhmed_Zakayev/Akhmed_Zakayev_0002.jpg,Donna_Morrissey/Donna_Morrissey_0001.jpg,0,scored,0.015551630407571793,0.40350908041000366,0,1
309,0,Alan_Dershowitz/Alan_Dershowitz_0001.jpg,Bertrand_Bonello/Bertrand_Bonello_0001.jpg,0,scored,-0.2000979781150818,0.40350908041000366,0,1
310,0,Alanis_Morissette/Alanis_Morissette_0001.jpg,Martin_Cauchon/Martin_Cauchon_0001.jpg,0,scored,-0.024694224819540977,0.40350908041000366,0,1
311,0,Alexander_Lukashenko/Alexander_Lukashenko_0001.jpg,Heather_Chinnock/Heather_Chinnock_0001.jpg,0,scored,0.10826480388641357,0.40350908041000366,0,1
312,0,Alfonso_Cuaron/Alfonso_Cuaron_0001.jpg,Jason_Priestley/Jason_Priestley_0001.jpg,0,scored,0.3043609857559204,0.40350908041000366,0,1
313,0,Alfonso_Cuaron/Alfonso_Cuaron_0001.jpg,Patty_Schnyder/Patty_Schnyder_0002.jpg,0,scored,-0.26750877499580383,0.40350908041000366,0,1
314,0,Alfonso_Soriano/Alfonso_Soriano_0001.jpg,Bill_Nelson/Bill_Nelson_0002.jpg,0,scored,-0.1485472023487091,0.40350908041000366,0,1
315,0,Alfonso_Soriano/Alfonso_Soriano_0001.jpg,Julio_De_Brun/Julio_De_Brun_0001.jpg,0,scored,-0.027480602264404297,0.40350908041000366,0,1
316,0,Alfonso_Soriano/Alfonso_Soriano_0001.jpg,Patty_Schnyder/Patty_Schnyder_0003.jpg,0,scored,0.028910323977470398,0.40350908041000366,0,1
317,0,Alonzo_Mourning/Alonzo_Mourning_0001.jpg,Cecilia_Cheung/Cecilia_Cheung_0001.jpg,0,scored,0.135182186961174,0.40350908041000366,0,1
318,0,Amber_Tamblyn/Amber_Tamblyn_0002.jpg,Benjamin_Netanyahu/Benjamin_Netanyahu_0001.jpg,0,scored,-0.2000509351491928,0.40350908041000366,0,1
319,0,Amporn_Falise/Amporn_Falise_0001.jpg,Joe_Pantoliano/Joe_Pantoliano_0001.jpg,0,scored,-0.27638161182403564,0.40350908041000366,0,1
320,0,Anders_Fogh_Rasmussen/Anders_Fogh_Rasmussen_0002.jpg,Johnson_Panjaitan/Johnson_Panjaitan_0002.jpg,0,scored,0.0683441311120987,0.40350908041000366,0,1
321,0,Andre_Bucher/Andre_Bucher_0001.jpg,Joseph_Ralston/Joseph_Ralston_0001.jpg,0,scored,-0.15376368165016174,0.40350908041000366,0,1
322,0,Andre_Bucher/Andre_Bucher_0001.jpg,Maria_Garcia/Maria_Garcia_0001.jpg,0,scored,-0.2657751441001892,0.40350908041000366,0,1
323,0,Andrew_Gilligan/Andrew_Gilligan_0001.jpg,Henry_Castellanos/Henry_Castellanos_0001.jpg,0,scored,-0.008281726390123367,0.40350908041000366,0,1
324,0,Andrew_Shutley/Andrew_Shutley_0001.jpg,Edmund_Stoiber/Edmund_Stoiber_0005.jpg,0,scored,-0.042527854442596436,0.40350908041000366,0,1
325,0,Andrew_Shutley/Andrew_Shutley_0001.jpg,Mitchell_Swartz/Mitchell_Swartz_0001.jpg,0,scored,-0.19106802344322205,0.40350908041000366,0,1
326,0,Andrew_Shutley/Andrew_Shutley_0001.jpg,Saeb_Erekat/Saeb_Erekat_0002.jpg,0,scored,-0.0025862865149974823,0.40350908041000366,0,1
327,0,Andy_Dick/Andy_Dick_0001.jpg,Simon_Yam/Simon_Yam_0001.jpg,0,scored,-0.04054088890552521,0.40350908041000366,0,1
328,0,Andy_Griffith/Andy_Griffith_0001.jpg,Osrat_Iosef/Osrat_Iosef_0001.jpg,0,scored,-0.11749137192964554,0.40350908041000366,0,1
329,0,Andy_Wisecarver/Andy_Wisecarver_0001.jpg,Dimitar_Berbatov/Dimitar_Berbatov_0001.jpg,0,scored,-0.17531277239322662,0.40350908041000366,0,1
330,0,Angela_Lansbury/Angela_Lansbury_0001.jpg,Steven_Van_Zandt/Steven_Van_Zandt_0001.jpg,0,scored,-0.18655642867088318,0.40350908041000366,0,1
331,0,Angela_Lansbury/Angela_Lansbury_0002.jpg,John_Coomber/John_Coomber_0001.jpg,0,scored,-0.10442192852497101,0.40350908041000366,0,1
332,0,Ann_Veneman/Ann_Veneman_0006.jpg,Sergio_Garcia/Sergio_Garcia_0002.jpg,0,scored,-0.007116335444152355,0.40350908041000366,0,1
333,0,Ann_Veneman/Ann_Veneman_0008.jpg,Ted_Williams/Ted_Williams_0001.jpg,0,scored,-0.2090057134628296,0.40350908041000366,0,1
334,0,Annie-Jeanne_Reynaud/Annie-Jeanne_Reynaud_0001.jpg,SJ_Twu/SJ_Twu_0001.jpg,0,scored,0.23443350195884705,0.40350908041000366,0,1
335,0,Anthony_Carter/Anthony_Carter_0001.jpg,Eliza_Dushku/Eliza_Dushku_0001.jpg,0,scored,-0.010772651061415672,0.40350908041000366,0,1
336,0,Antonio_Cassano/Antonio_Cassano_0001.jpg,Paul_Celluci/Paul_Celluci_0001.jpg,0,scored,-0.02119852416217327,0.40350908041000366,0,1
337,0,Anwar_Ibrahim/Anwar_Ibrahim_0001.jpg,David_Alpay/David_Alpay_0001.jpg,0,scored,-0.28693777322769165,0.40350908041000366,0,1
338,0,Armand_Sargen/Armand_Sargen_0001.jpg,Daryl_Sabara/Daryl_Sabara_0001.jpg,0,scored,0.007512252777814865,0.40350908041000366,0,1
339,0,Armand_Sargen/Armand_Sargen_0001.jpg,Kelvin_Sampson/Kelvin_Sampson_0003.jpg,0,scored,-0.009625796228647232,0.40350908041000366,0,1
340,0,Armand_Sargen/Armand_Sargen_0001.jpg,Lisa_Gottsegen/Lisa_Gottsegen_0002.jpg,0,scored,0.047934480011463165,0.40350908041000366,0,1
341,0,Atom_Egoyan/Atom_Egoyan_0001.jpg,Bill_Stapleton/Bill_Stapleton_0001.jpg,0,scored,-0.08361370116472244,0.40350908041000366,0,1
342,0,Atom_Egoyan/Atom_Egoyan_0001.jpg,Janis_Ruth_Coulter/Janis_Ruth_Coulter_0001.jpg,0,scored,0.102912038564682,0.40350908041000366,0,1
343,0,Barbara_Brezigar/Barbara_Brezigar_0002.jpg,Doris_Roberts/Doris_Roberts_0002.jpg,0,scored,-0.010568805038928986,0.40350908041000366,0,1
344,0,Barbara_Felt-Miller/Barbara_Felt-Miller_0001.jpg,Leticia_Dolera/Leticia_Dolera_0001.jpg,0,scored,0.3684379458427429,0.40350908041000366,0,1
345,0,Bart_Freundlich/Bart_Freundlich_0001.jpg,Ernie_Grunfeld/Ernie_Grunfeld_0001.jpg,0,scored,-0.15268437564373016,0.40350908041000366,0,1
346,0,Bart_Freundlich/Bart_Freundlich_0001.jpg,Kirsten_Gilham/Kirsten_Gilham_0001.jpg,0,scored,0.12653547525405884,0.40350908041000366,0,1
347,0,Benjamin_Martinez/Benjamin_Martinez_0001.jpg,Garry_McCoy/Garry_McCoy_0001.jpg,0,scored,0.1936061978340149,0.40350908041000366,0,1
348,0,Benjamin_Netanyahu/Benjamin_Netanyahu_0001.jpg,Maria_Callas/Maria_Callas_0001.jpg,0,scored,-0.05393507704138756,0.40350908041000366,0,1
349,0,Benjamin_Netanyahu/Benjamin_Netanyahu_0005.jpg,Frank_Beamer/Frank_Beamer_0001.jpg,0,scored,0.11651162058115005,0.40350908041000366,0,1
350,0,Bernard_Law/Bernard_Law_0001.jpg,Liu_Xiaoqing/Liu_Xiaoqing_0001.jpg,0,scored,-0.028131110593676567,0.40350908041000366,0,1
351,0,Bernard_Law/Bernard_Law_0003.jpg,Valerie_Harper/Valerie_Harper_0002.jpg,0,scored,-0.032871365547180176,0.40350908041000366,0,1
352,0,Bertrand_Bonello/Bertrand_Bonello_0001.jpg,Jong_Thae_Hwa/Jong_Thae_Hwa_0002.jpg,0,scored,0.10709009319543839,0.40350908041000366,0,1
353,0,Bill_Bradley/Bill_Bradley_0001.jpg,Chen_Tsai-chin/Chen_Tsai-chin_0001.jpg,0,scored,0.2860805094242096,0.40350908041000366,0,1
354,0,Bill_Bradley/Bill_Bradley_0001.jpg,Helen_Alvare/Helen_Alvare_0001.jpg,0,scored,0.013918839395046234,0.40350908041000366,0,1
355,0,Bill_Elliott/Bill_Elliott_0001.jpg,Mary_Anne_Souza/Mary_Anne_Souza_0001.jpg,0,scored,0.06834633648395538,0.40350908041000366,0,1
356,0,Bill_Frist/Bill_Frist_0005.jpg,Jimmy_Kimmel/Jimmy_Kimmel_0002.jpg,0,scored,-0.05350827798247337,0.40350908041000366,0,1
357,0,Bill_Maher/Bill_Maher_0001.jpg,Brad_Russ/Brad_Russ_0001.jpg,0,scored,0.0005826903507113457,0.40350908041000366,0,1
358,0,Bill_Maher/Bill_Maher_0001.jpg,Juliette_Binoche/Juliette_Binoche_0001.jpg,0,scored,0.01951877772808075,0.40350908041000366,0,1
359,0,Bill_Nelson/Bill_Nelson_0001.jpg,Kim_Jong-Il/Kim_Jong-Il_0003.jpg,0,scored,-0.07991267740726471,0.40350908041000366,0,1
360,0,Bill_Nelson/Bill_Nelson_0002.jpg,Gillian_Anderson/Gillian_Anderson_0001.jpg,0,scored,-0.2180125117301941,0.40350908041000366,0,1
361,0,Bill_Stapleton/Bill_Stapleton_0001.jpg,Sedigh_Barmak/Sedigh_Barmak_0001.jpg,0,scored,-0.01791885495185852,0.40350908041000366,0,1
362,0,Bill_Stapleton/Bill_Stapleton_0001.jpg,Valerie_Harper/Valerie_Harper_0001.jpg,0,scored,0.15878531336784363,0.40350908041000366,0,1
363,0,Billy_Bob_Thornton/Billy_Bob_Thornton_0001.jpg,Herb_Dhaliwal/Herb_Dhaliwal_0001.jpg,0,scored,0.30689018964767456,0.40350908041000366,0,1
364,0,Billy_Bob_Thornton/Billy_Bob_Thornton_0001.jpg,Nong_Duc_Manh/Nong_Duc_Manh_0001.jpg,0,scored,0.21527913212776184,0.40350908041000366,0,1
365,0,Bob_Alper/Bob_Alper_0001.jpg,Kevin_Millwood/Kevin_Millwood_0001.jpg,0,scored,0.005965821444988251,0.40350908041000366,0,1
366,0,Bob_Graham/Bob_Graham_0002.jpg,Dwayne_Wade/Dwayne_Wade_0001.jpg,0,scored,0.013363145291805267,0.40350908041000366,0,1
367,0,Bob_Petrino/Bob_Petrino_0001.jpg,Geraldine_Chaplin/Geraldine_Chaplin_0004.jpg,0,scored,0.01852763444185257,0.40350908041000366,0,1
368,0,Bob_Petrino/Bob_Petrino_0001.jpg,Jorge_Castaneda/Jorge_Castaneda_0001.jpg,0,scored,-0.02114100754261017,0.40350908041000366,0,1
369,0,Boris_Becker/Boris_Becker_0004.jpg,Julianna_Margulies/Julianna_Margulies_0002.jpg,0,scored,0.03749338537454605,0.40350908041000366,0,1
370,0,Brad_Russ/Brad_Russ_0001.jpg,Hana_Urushima/Hana_Urushima_0001.jpg,0,scored,-0.22394603490829468,0.40350908041000366,0,1
371,0,Brad_Russ/Brad_Russ_0001.jpg,Romeo_Gigli/Romeo_Gigli_0001.jpg,0,scored,-0.18571686744689941,0.40350908041000366,0,1
372,0,Brawley_King/Brawley_King_0001.jpg,Tom_Glavine/Tom_Glavine_0002.jpg,0,scored,0.13636502623558044,0.40350908041000366,0,1
373,0,Brian_Griese/Brian_Griese_0002.jpg,Jeffrey_Archer/Jeffrey_Archer_0002.jpg,0,scored,0.2540937662124634,0.40350908041000366,0,1
374,0,Brian_Griese/Brian_Griese_0002.jpg,Laura_Elena_Harring/Laura_Elena_Harring_0001.jpg,0,scored,0.10452171415090561,0.40350908041000366,0,1
375,0,Brian_Griese/Brian_Griese_0002.jpg,Nicolas_Lapentti/Nicolas_Lapentti_0002.jpg,0,scored,0.045948244631290436,0.40350908041000366,0,1
376,0,Bryan_Adams/Bryan_Adams_0001.jpg,Michael_Kors/Michael_Kors_0001.jpg,0,scored,0.12260285019874573,0.40350908041000366,0,1
377,0,Bryan_Adams/Bryan_Adams_0001.jpg,Mohamed_Seineldin/Mohamed_Seineldin_0001.jpg,0,scored,0.026400893926620483,0.40350908041000366,0,1
378,0,Calbert_Cheaney/Calbert_Cheaney_0001.jpg,Ian_Smith/Ian_Smith_0001.jpg,0,scored,-0.025953687727451324,0.40350908041000366,0,1
379,0,Calbert_Cheaney/Calbert_Cheaney_0001.jpg,Robert_Downey_Jr/Robert_Downey_Jr_0001.jpg,0,scored,-0.45072031021118164,0.40350908041000366,0,1
380,0,Carl_Reiner/Carl_Reiner_0001.jpg,Hamid_Efendi/Hamid_Efendi_0001.jpg,0,scored,0.3318825364112854,0.40350908041000366,0,1
381,0,Carl_Reiner/Carl_Reiner_0002.jpg,John_Engler/John_Engler_0001.jpg,0,scored,0.1026807576417923,0.40350908041000366,0,1
382,0,Carl_Reiner/Carl_Reiner_0002.jpg,Prince_Rainier_III/Prince_Rainier_III_0001.jpg,0,scored,0.3609465956687927,0.40350908041000366,0,1
383,0,Carl_Reiner/Carl_Reiner_0002.jpg,Tom_Glavine/Tom_Glavine_0002.jpg,0,scored,-0.13179224729537964,0.40350908041000366,0,1
384,0,Carlo_Azeglio_Ciampi/Carlo_Azeglio_Ciampi_0001.jpg,Francis_Ford_Coppola/Francis_Ford_Coppola_0001.jpg,0,scored,0.13105188310146332,0.40350908041000366,0,1
385,0,Carlos_Arroyo/Carlos_Arroyo_0001.jpg,Shane_Phillips/Shane_Phillips_0001.jpg,0,scored,0.1825960874557495,0.40350908041000366,0,1
386,0,Carlos_Paternina/Carlos_Paternina_0001.jpg,Emily_Stevens/Emily_Stevens_0001.jpg,0,scored,-0.183996319770813,0.40350908041000366,0,1
387,0,Carlos_Paternina/Carlos_Paternina_0001.jpg,Paul_Sarbanes/Paul_Sarbanes_0001.jpg,0,scored,0.06760242581367493,0.40350908041000366,0,1
388,0,Casey_Mears/Casey_Mears_0001.jpg,Mike_Davis/Mike_Davis_0001.jpg,0,scored,-0.060959771275520325,0.40350908041000366,0,1
389,0,Casey_Mears/Casey_Mears_0001.jpg,Yukiko_Okudo/Yukiko_Okudo_0001.jpg,0,scored,-0.05800279602408409,0.40350908041000366,0,1
390,0,Cathy_Freeman/Cathy_Freeman_0002.jpg,William_Martin/William_Martin_0002.jpg,0,scored,0.11711317300796509,0.40350908041000366,0,1
391,0,Cecilia_Cheung/Cecilia_Cheung_0001.jpg,Daryl_Parks/Daryl_Parks_0001.jpg,0,scored,-3.940612077713013e-05,0.40350908041000366,0,1
392,0,Cecilia_Cheung/Cecilia_Cheung_0001.jpg,Pascal_Affi_Nguessan/Pascal_Affi_Nguessan_0001.jpg,0,scored,-0.14848755300045013,0.40350908041000366,0,1
393,0,Chen_Tsai-chin/Chen_Tsai-chin_0001.jpg,Dereck_Whittenburg/Dereck_Whittenburg_0001.jpg,0,scored,0.09034959971904755,0.40350908041000366,0,1
394,0,Chen_Tsai-chin/Chen_Tsai-chin_0001.jpg,Mamdouh_Habib/Mamdouh_Habib_0001.jpg,0,scored,-0.10850116610527039,0.40350908041000366,0,1
395,0,Cho_Myung-kyun/Cho_Myung-kyun_0001.jpg,David_Bell/David_Bell_0001.jpg,0,scored,0.09432175755500793,0.40350908041000366,0,1
396,0,Cho_Myung-kyun/Cho_Myung-kyun_0001.jpg,Fernando_Sanz/Fernando_Sanz_0001.jpg,0,scored,-0.03821680322289467,0.40350908041000366,0,1
397,0,Cho_Myung-kyun/Cho_Myung-kyun_0001.jpg,Georgia_Giddings/Georgia_Giddings_0001.jpg,0,scored,0.3611082434654236,0.40350908041000366,0,1
398,0,Cho_Myung-kyun/Cho_Myung-kyun_0001.jpg,Richard_Fine/Richard_Fine_0001.jpg,0,scored,0.12953808903694153,0.40350908041000366,0,1
399,0,Choi_Yun-yong/Choi_Yun-yong_0001.jpg,Chuck_Eidson/Chuck_Eidson_0001.jpg,0,scored,0.083467997610569,0.40350908041000366,0,1
400,0,Chris_Dodd/Chris_Dodd_0001.jpg,Taylor_Twellman/Taylor_Twellman_0001.jpg,0,scored,0.0362626388669014,0.40350908041000366,0,1
401,0,Chris_Swecker/Chris_Swecker_0001.jpg,Tom_Vilsack/Tom_Vilsack_0001.jpg,0,scored,0.06890897452831268,0.40350908041000366,0,1
402,0,Christian_Lacroix/Christian_Lacroix_0001.jpg,Laura_Elena_Harring/Laura_Elena_Harring_0001.jpg,0,scored,0.10912175476551056,0.40350908041000366,0,1
403,0,Christian_Lacroix/Christian_Lacroix_0001.jpg,Ornella_Muti/Ornella_Muti_0001.jpg,0,scored,0.06913872063159943,0.40350908041000366,0,1
404,0,Chuck_Eidson/Chuck_Eidson_0001.jpg,Sigourney_Weaver/Sigourney_Weaver_0001.jpg,0,scored,-0.012699248269200325,0.40350908041000366,0,1
405,0,Clare_Short/Clare_Short_0004.jpg,Don_Carcieri/Don_Carcieri_0001.jpg,0,scored,0.2398432493209839,0.40350908041000366,0,1
406,0,Coco_dEste/Coco_dEste_0001.jpg,Darvis_Patton/Darvis_Patton_0001.jpg,0,scored,0.020141011103987694,0.40350908041000366,0,1
407,0,Coco_dEste/Coco_dEste_0001.jpg,Melina_Kanakaredes/Melina_Kanakaredes_0001.jpg,0,scored,0.13472577929496765,0.40350908041000366,0,1
408,0,Coco_dEste/Coco_dEste_0001.jpg,Tom_Rouen/Tom_Rouen_0001.jpg,0,scored,0.14866642653942108,0.40350908041000366,0,1
409,0,Coleen_Rowley/Coleen_Rowley_0001.jpg,Nong_Duc_Manh/Nong_Duc_Manh_0001.jpg,0,scored,-0.04855097085237503,0.40350908041000366,0,1
410,0,Corinne_Coman/Corinne_Coman_0002.jpg,Frank_Beamer/Frank_Beamer_0001.jpg,0,scored,0.06976662576198578,0.40350908041000366,0,1
411,0,Dale_Earnhardt_Jr/Dale_Earnhardt_Jr_0001.jpg,Nick_Reilly/Nick_Reilly_0001.jpg,0,scored,0.16409578919410706,0.40350908041000366,0,1
412,0,Dario_Franchitti/Dario_Franchitti_0001.jpg,Henry_Castellanos/Henry_Castellanos_0001.jpg,0,scored,-0.047545164823532104,0.40350908041000366,0,1
413,0,Darren_Campel/Darren_Campel_0001.jpg,Hilary_McKay/Hilary_McKay_0001.jpg,0,scored,0.15233378112316132,0.40350908041000366,0,1
414,0,Darvis_Patton/Darvis_Patton_0001.jpg,Gerard_Tronche/Gerard_Tronche_0001.jpg,0,scored,-0.07451014220714569,0.40350908041000366,0,1
415,0,Darvis_Patton/Darvis_Patton_0001.jpg,William_Macy/William_Macy_0004.jpg,0,scored,0.08857949078083038,0.40350908041000366,0,1
416,0,Daryl_Parks/Daryl_Parks_0001.jpg,Guus_Hiddink/Guus_Hiddink_0001.jpg,0,scored,0.22824566066265106,0.40350908041000366,0,1
417,0,Daryl_Sabara/Daryl_Sabara_0001.jpg,Nick_Reilly/Nick_Reilly_0001.jpg,0,scored,-0.09229335933923721,0.40350908041000366,0,1
418,0,Daryl_Sabara/Daryl_Sabara_0001.jpg,Valentina_Tereshkova/Valentina_Tereshkova_0001.jpg,0,scored,-0.09810091555118561,0.40350908041000366,0,1
419,0,Dave_Johnson/Dave_Johnson_0001.jpg,Howard_Stern/Howard_Stern_0001.jpg,0,scored,-0.01975284144282341,0.40350908041000366,0,1
420,0,Dave_Tucker/Dave_Tucker_0001.jpg,Gary_Gitnick/Gary_Gitnick_0001.jpg,0,scored,0.16380807757377625,0.40350908041000366,0,1
421,0,David_Collenette/David_Collenette_0001.jpg,Salman_Khan/Salman_Khan_0001.jpg,0,scored,-0.14462828636169434,0.40350908041000366,0,1
422,0,David_Westerfield/David_Westerfield_0001.jpg,Stan_Kroenke/Stan_Kroenke_0001.jpg,0,scored,0.057768166065216064,0.40350908041000366,0,1
423,0,Dean_Jacek/Dean_Jacek_0001.jpg,Larry_Wilmore/Larry_Wilmore_0001.jpg,0,scored,-0.16233889758586884,0.40350908041000366,0,1
424,0,Demi_Moore/Demi_Moore_0002.jpg,Fred_Thompson/Fred_Thompson_0001.jpg,0,scored,0.2784050405025482,0.40350908041000366,0,1
425,0,Demi_Moore/Demi_Moore_0002.jpg,Linus_Roache/Linus_Roache_0001.jpg,0,scored,0.20535144209861755,0.40350908041000366,0,1
426,0,Dereck_Whittenburg/Dereck_Whittenburg_0001.jpg,Lindsey_Graham/Lindsey_Graham_0002.jpg,0,scored,0.07613381743431091,0.40350908041000366,0,1
427,0,Dianne_Reeves/Dianne_Reeves_0001.jpg,Larry_Wilmore/Larry_Wilmore_0001.jpg,0,scored,0.3844400942325592,0.40350908041000366,0,1
428,0,Dianne_Reeves/Dianne_Reeves_0001.jpg,Romeo_Gigli/Romeo_Gigli_0001.jpg,0,scored,-0.19629375636577606,0.40350908041000366,0,1
429,0,Don_Carcieri/Don_Carcieri_0001.jpg,Janica_Kostelic/Janica_Kostelic_0001.jpg,0,scored,0.12871457636356354,0.40350908041000366,0,1
430,0,Dora_Bakoyianni/Dora_Bakoyianni_0001.jpg,Richard_Sambrook/Richard_Sambrook_0002.jpg,0,scored,0.07981210947036743,0.40350908041000366,0,1
431,0,Dora_Bakoyianni/Dora_Bakoyianni_0001.jpg,Saeb_Erekat/Saeb_Erekat_0002.jpg,0,scored,0.18709608912467957,0.40350908041000366,0,1
432,0,Doris_Roberts/Doris_Roberts_0001.jpg,Nong_Duc_Manh/Nong_Duc_Manh_0001.jpg,0,scored,-0.19143334031105042,0.40350908041000366,0,1
433,0,Doug_Wilson/Doug_Wilson_0001.jpg,Szu_Yu_Chen/Szu_Yu_Chen_0001.jpg,0,scored,-0.1352977454662323,0.40350908041000366,0,1
434,0,Douglas_Gansler/Douglas_Gansler_0001.jpg,Martin_Brooke/Martin_Brooke_0001.jpg,0,scored,0.2738916873931885,0.40350908041000366,0,1
435,0,Douglas_Gansler/Douglas_Gansler_0001.jpg,Ronald_Kadish/Ronald_Kadish_0001.jpg,0,scored,-0.29239892959594727,0.40350908041000366,0,1
436,0,Dwayne_Wade/Dwayne_Wade_0001.jpg,Mike_Farrar/Mike_Farrar_0001.jpg,0,scored,-0.09039232134819031,0.40350908041000366,0,1
437,0,Edward_Arsenault/Edward_Arsenault_0001.jpg,Jim_Hardin/Jim_Hardin_0001.jpg,0,scored,0.12803831696510315,0.40350908041000366,0,1
438,0,Einars_Repse/Einars_Repse_0001.jpg,Minnie_Mendoza/Minnie_Mendoza_0001.jpg,0,scored,0.07952834665775299,0.40350908041000366,0,1
439,0,Einars_Repse/Einars_Repse_0001.jpg,Tim_Blake_Nelson/Tim_Blake_Nelson_0001.jpg,0,scored,0.027057401835918427,0.40350908041000366,0,1
440,0,Elinor_Caplan/Elinor_Caplan_0001.jpg,Hilary_McKay/Hilary_McKay_0001.jpg,0,scored,0.2720951437950134,0.40350908041000366,0,1
441,0,Eliza_Dushku/Eliza_Dushku_0001.jpg,George_Lucas/George_Lucas_0001.jpg,0,scored,-0.11421515047550201,0.40350908041000366,0,1
442,0,Eliza_Dushku/Eliza_Dushku_0001.jpg,Itzhak_Perlman/Itzhak_Perlman_0001.jpg,0,scored,-0.16218352317810059,0.40350908041000366,0,1
443,0,Emily_Stevens/Emily_Stevens_0001.jpg,Janez_Drnovsek/Janez_Drnovsek_0001.jpg,0,scored,-0.128269225358963,0.40350908041000366,0,1
444,0,Emmanuelle_Beart/Emmanuelle_Beart_0002.jpg,Phil_Jackson/Phil_Jackson_0001.jpg,0,scored,0.007974124513566494,0.40350908041000366,0,1
445,0,Eric_Daze/Eric_Daze_0001.jpg,Sterling_Hitchcock/Sterling_Hitchcock_0001.jpg,0,scored,-0.001177063211798668,0.40350908041000366,0,1
446,0,Erika_Christensen/Erika_Christensen_0002.jpg,Michael_Dell/Michael_Dell_0001.jpg,0,scored,-0.07365697622299194,0.40350908041000366,0,1
447,0,Erika_Christensen/Erika_Christensen_0002.jpg,Woody_Allen/Woody_Allen_0002.jpg,0,scored,-0.15645629167556763,0.40350908041000366,0,1
448,0,Eriko_Tamura/Eriko_Tamura_0001.jpg,Georgia_Giddings/Georgia_Giddings_0001.jpg,0,scored,0.030156154185533524,0.40350908041000366,0,1
449,0,Ernie_Grunfeld/Ernie_Grunfeld_0001.jpg,Frank_Coraci/Frank_Coraci_0001.jpg,0,scored,0.05221526324748993,0.40350908041000366,0,1
450,0,Eugene_Melnyk/Eugene_Melnyk_0001.jpg,Mahima_Chaudhari/Mahima_Chaudhari_0001.jpg,0,scored,-0.14580190181732178,0.40350908041000366,0,1
451,0,Fatma_Kusibeh/Fatma_Kusibeh_0001.jpg,Lee_Baca/Lee_Baca_0001.jpg,0,scored,0.13006088137626648,0.40350908041000366,0,1
452,0,Federico_Trillo/Federico_Trillo_0001.jpg,Jonathan_Woodgate/Jonathan_Woodgate_0001.jpg,0,scored,0.10816682130098343,0.40350908041000366,0,1
453,0,Fernando_Alonso/Fernando_Alonso_0001.jpg,Sam_Brownback/Sam_Brownback_0001.jpg,0,scored,-0.1726263165473938,0.40350908041000366,0,1
454,0,Fernando_Sanz/Fernando_Sanz_0001.jpg,Miranda_Otto/Miranda_Otto_0001.jpg,0,scored,0.2962692379951477,0.40350908041000366,0,1
455,0,Fernando_Sanz/Fernando_Sanz_0001.jpg,Roy_Moore/Roy_Moore_0001.jpg,0,scored,-0.19785167276859283,0.40350908041000366,0,1
456,0,Flor_Montulo/Flor_Montulo_0002.jpg,Juan_Pablo_Montoya/Juan_Pablo_Montoya_0001.jpg,0,scored,-0.0891566276550293,0.40350908041000366,0,1
457,0,Francisco_Garcia/Francisco_Garcia_0001.jpg,Marsha_Sharp/Marsha_Sharp_0001.jpg,0,scored,0.012985209003090858,0.40350908041000366,0,1
458,0,Francois_Ozon/Francois_Ozon_0001.jpg,Makiya_Ali_Hassan/Makiya_Ali_Hassan_0001.jpg,0,scored,0.016393836587667465,0.40350908041000366,0,1
459,0,Frank_Coraci/Frank_Coraci_0001.jpg,Tomoko_Hagiwara/Tomoko_Hagiwara_0002.jpg,0,scored,-0.1016165241599083,0.40350908041000366,0,1
460,0,Frank_Van_Ecke/Frank_Van_Ecke_0001.jpg,Tsutomu_Takebe/Tsutomu_Takebe_0001.jpg,0,scored,0.10682540386915207,0.40350908041000366,0,1
461,0,Fred_Thompson/Fred_Thompson_0002.jpg,Helen_Alvare/Helen_Alvare_0001.jpg,0,scored,0.19092053174972534,0.40350908041000366,0,1
462,0,Fred_Thompson/Fred_Thompson_0002.jpg,Sterling_Hitchcock/Sterling_Hitchcock_0001.jpg,0,scored,0.20738771557807922,0.40350908041000366,0,1
463,0,Fred_Thompson/Fred_Thompson_0003.jpg,Magda_Kertasz/Magda_Kertasz_0001.jpg,0,scored,-0.0002304818481206894,0.40350908041000366,0,1
464,0,Garry_Trudeau/Garry_Trudeau_0001.jpg,Pat_Riley/Pat_Riley_0001.jpg,0,scored,0.07973386347293854,0.40350908041000366,0,1
465,0,Garry_Witherall/Garry_Witherall_0001.jpg,Howard_Stern/Howard_Stern_0001.jpg,0,scored,-0.0020012566819787025,0.40350908041000366,0,1
466,0,Garry_Witherall/Garry_Witherall_0001.jpg,Ingrid_Betancourt/Ingrid_Betancourt_0001.jpg,0,scored,0.07028405368328094,0.40350908041000366,0,1
467,0,Garry_Witherall/Garry_Witherall_0001.jpg,Martin_Keown/Martin_Keown_0001.jpg,0,scored,0.16318899393081665,0.40350908041000366,0,1
468,0,Gary_Gero/Gary_Gero_0001.jpg,Kim_Hong-gul/Kim_Hong-gul_0001.jpg,0,scored,-0.02922956831753254,0.40350908041000366,0,1
469,0,Gary_Gero/Gary_Gero_0001.jpg,Phil_Gramm/Phil_Gramm_0001.jpg,0,scored,0.06333588808774948,0.40350908041000366,0,1
470,0,Gavin_Degraw/Gavin_Degraw_0001.jpg,Jeffrey_Archer/Jeffrey_Archer_0001.jpg,0,scored,-0.010502515360713005,0.40350908041000366,0,1
471,0,Gene_Robinson/Gene_Robinson_0003.jpg,Martha_Bowen/Martha_Bowen_0002.jpg,0,scored,0.2232551872730255,0.40350908041000366,0,1
472,0,Georgia_Giddings/Georgia_Giddings_0001.jpg,Mahima_Chaudhari/Mahima_Chaudhari_0001.jpg,0,scored,-0.2007000744342804,0.40350908041000366,0,1
473,0,Geovani_Lapentti/Geovani_Lapentti_0001.jpg,Rodney_Rempt/Rodney_Rempt_0001.jpg,0,scored,-0.16022948920726776,0.40350908041000366,0,1
474,0,Geovani_Lapentti/Geovani_Lapentti_0001.jpg,Sam_Brownback/Sam_Brownback_0001.jpg,0,scored,-0.07367157191038132,0.40350908041000366,0,1
475,0,Gerard_de_Cortanze/Gerard_de_Cortanze_0001.jpg,Mark_Wahlberg/Mark_Wahlberg_0001.jpg,0,scored,-0.517913281917572,0.40350908041000366,0,1
476,0,Gian_Marco/Gian_Marco_0002.jpg,Kevin_Stallings/Kevin_Stallings_0002.jpg,0,scored,0.2875363826751709,0.40350908041000366,0,1
477,0,Giancarlo_Fisichella/Giancarlo_Fisichella_0001.jpg,Maria_Callas/Maria_Callas_0001.jpg,0,scored,0.05898638442158699,0.40350908041000366,0,1
478,0,Gideon_Yago/Gideon_Yago_0001.jpg,Natalie_Williams/Natalie_Williams_0001.jpg,0,scored,-0.15118028223514557,0.40350908041000366,0,1
479,0,Gideon_Yago/Gideon_Yago_0001.jpg,Paul_William_Hurley/Paul_William_Hurley_0001.jpg,0,scored,0.1129402220249176,0.40350908041000366,0,1
480,0,Glenn_Plummer/Glenn_Plummer_0001.jpg,Maria_Garcia/Maria_Garcia_0001.jpg,0,scored,-0.09729862213134766,0.40350908041000366,0,1
481,0,Grant_Hackett/Grant_Hackett_0001.jpg,Todd_Robbins/Todd_Robbins_0001.jpg,0,scored,0.34251144528388977,0.40350908041000366,0,1
482,0,Grant_Hackett/Grant_Hackett_0003.jpg,Milo_Djukanovic/Milo_Djukanovic_0003.jpg,0,scored,-0.08491643518209457,0.40350908041000366,0,1
483,0,Gray_Davis/Gray_Davis_0026.jpg,Karen_Lynn_Gorney/Karen_Lynn_Gorney_0001.jpg,0,scored,-0.16102319955825806,0.40350908041000366,0,1
484,0,Gregg_Popovich/Gregg_Popovich_0003.jpg,Vernon_Forrest/Vernon_Forrest_0001.jpg,0,scored,0.07843615114688873,0.40350908041000366,0,1
485,0,Gregor_Gysi/Gregor_Gysi_0001.jpg,Tomoko_Hagiwara/Tomoko_Hagiwara_0001.jpg,0,scored,0.12874218821525574,0.40350908041000366,0,1
486,0,Guy_Ritchie/Guy_Ritchie_0002.jpg,Herb_Dhaliwal/Herb_Dhaliwal_0001.jpg,0,scored,0.17071770131587982,0.40350908041000366,0,1
487,0,Guy_Ritchie/Guy_Ritchie_0002.jpg,William_Macy/William_Macy_0001.jpg,0,scored,0.2820698618888855,0.40350908041000366,0,1
488,0,Hamid_Efendi/Hamid_Efendi_0001.jpg,Jimmy_Carter/Jimmy_Carter_0008.jpg,0,scored,-0.14532233774662018,0.40350908041000366,0,1
489,0,Hamzah_Haz/Hamzah_Haz_0002.jpg,Hilary_McKay/Hilary_McKay_0001.jpg,0,scored,0.003714369609951973,0.40350908041000366,0,1
490,0,Harald_Ringstorff/Harald_Ringstorff_0001.jpg,Pat_Riley/Pat_Riley_0001.jpg,0,scored,0.016509002074599266,0.40350908041000366,0,1
491,0,Harald_Ringstorff/Harald_Ringstorff_0001.jpg,Romano_Prodi/Romano_Prodi_0006.jpg,0,scored,0.04236317425966263,0.40350908041000366,0,1
492,0,Heather_Chinnock/Heather_Chinnock_0001.jpg,Jean-Francois_Lemounier/Jean-Francois_Lemounier_0001.jpg,0,scored,-0.007956533692777157,0.40350908041000366,0,1
493,0,Helen_Alvare/Helen_Alvare_0001.jpg,Milo_Djukanovic/Milo_Djukanovic_0001.jpg,0,scored,0.19465547800064087,0.40350908041000366,0,1
494,0,Henry_Castellanos/Henry_Castellanos_0001.jpg,Pamela_Anderson/Pamela_Anderson_0004.jpg,0,scored,0.0005735810846090317,0.40350908041000366,0,1
495,0,Henry_Castellanos/Henry_Castellanos_0001.jpg,Tommy_Shane_Steiner/Tommy_Shane_Steiner_0001.jpg,0,scored,0.005727178417146206,0.40350908041000366,0,1
496,0,Herb_Dhaliwal/Herb_Dhaliwal_0001.jpg,Hung_Wan-ting/Hung_Wan-ting_0001.jpg,0,scored,-0.24451898038387299,0.40350908041000366,0,1
497,0,Hilary_McKay/Hilary_McKay_0001.jpg,Kevin_Millwood/Kevin_Millwood_0001.jpg,0,scored,0.095253586769104,0.40350908041000366,0,1
498,0,Howard_Stern/Howard_Stern_0001.jpg,Maria_Callas/Maria_Callas_0001.jpg,0,scored,0.07257865369319916,0.40350908041000366,0,1
499,0,Hugo_Chavez/Hugo_Chavez_0033.jpg,Karen_Lynn_Gorney/Karen_Lynn_Gorney_0001.jpg,0,scored,-0.02699888125061989,0.40350908041000366,0,1
500,0,Hugo_Chavez/Hugo_Chavez_0060.jpg,Steve_Shiver/Steve_Shiver_0001.jpg,0,scored,0.2394561469554901,0.40350908041000366,0,1
501,0,Imam_Samudra/Imam_Samudra_0001.jpg,Ivana_Trump/Ivana_Trump_0001.jpg,0,scored,0.002041541039943695,0.40350908041000366,0,1
502,0,Imelda_Marcos/Imelda_Marcos_0001.jpg,Patty_Schnyder/Patty_Schnyder_0004.jpg,0,scored,0.14444684982299805,0.40350908041000366,0,1
503,0,Jack_Smith/Jack_Smith_0001.jpg,Mary_Jo_Myers/Mary_Jo_Myers_0001.jpg,0,scored,0.07521921396255493,0.40350908041000366,0,1
504,0,James_Caan/James_Caan_0002.jpg,Paul_Sarbanes/Paul_Sarbanes_0002.jpg,0,scored,0.303395539522171,0.40350908041000366,0,1
505,0,James_Comey/James_Comey_0001.jpg,Juan_Carlos_Morales/Juan_Carlos_Morales_0001.jpg,0,scored,0.2907376289367676,0.40350908041000366,0,1
506,0,James_Comey/James_Comey_0001.jpg,Paul_William_Hurley/Paul_William_Hurley_0001.jpg,0,scored,0.17988741397857666,0.40350908041000366,0,1
507,0,Jamling_Norgay/Jamling_Norgay_0001.jpg,Zico/Zico_0002.jpg,0,scored,-0.03564145416021347,0.40350908041000366,0,1
508,0,Jan_Pronk/Jan_Pronk_0001.jpg,Kim_Dong-hwa/Kim_Dong-hwa_0001.jpg,0,scored,-0.18495114147663116,0.40350908041000366,0,1
509,0,Janez_Drnovsek/Janez_Drnovsek_0001.jpg,Sterling_Hitchcock/Sterling_Hitchcock_0001.jpg,0,scored,-0.017255105078220367,0.40350908041000366,0,1
510,0,Janica_Kostelic/Janica_Kostelic_0002.jpg,Yasushi_Akashi/Yasushi_Akashi_0001.jpg,0,scored,-0.10041936486959457,0.40350908041000366,0,1
511,0,Janice_Abreu/Janice_Abreu_0001.jpg,Kevin_Sorbo/Kevin_Sorbo_0001.jpg,0,scored,0.08954447507858276,0.40350908041000366,0,1
512,0,Jeffrey_Ashby/Jeffrey_Ashby_0001.jpg,Michael_Dell/Michael_Dell_0001.jpg,0,scored,0.12341145426034927,0.40350908041000366,0,1
513,0,Jennifer_Garner/Jennifer_Garner_0006.jpg,Mike_Duke/Mike_Duke_0001.jpg,0,scored,0.16655881702899933,0.40350908041000366,0,1
514,0,Jennifer_Renee_Short/Jennifer_Renee_Short_0001.jpg,Taylor_Twellman/Taylor_Twellman_0001.jpg,0,scored,-0.07054931670427322,0.40350908041000366,0,1
515,0,Jerry_Seinfeld/Jerry_Seinfeld_0001.jpg,Tim_Blake_Nelson/Tim_Blake_Nelson_0001.jpg,0,scored,0.1527135670185089,0.40350908041000366,0,1
516,0,Jerry_Tarkanian/Jerry_Tarkanian_0001.jpg,Thomas_Rupprath/Thomas_Rupprath_0001.jpg,0,scored,-0.07737760990858078,0.40350908041000366,0,1
517,0,Jessica_Lange/Jessica_Lange_0002.jpg,Sedigh_Barmak/Sedigh_Barmak_0001.jpg,0,scored,-0.07093218713998795,0.40350908041000366,0,1
518,0,Jim_Freudenberg/Jim_Freudenberg_0001.jpg,Nigel_Redden/Nigel_Redden_0001.jpg,0,scored,0.1372804194688797,0.40350908041000366,0,1
519,0,Jim_Freudenberg/Jim_Freudenberg_0001.jpg,Tina_Pisnik/Tina_Pisnik_0001.jpg,0,scored,0.3027256429195404,0.40350908041000366,0,1
520,0,Jim_Haslett/Jim_Haslett_0001.jpg,Tsutomu_Takebe/Tsutomu_Takebe_0001.jpg,0,scored,0.010651767253875732,0.40350908041000366,0,1
521,0,Jim_Otto/Jim_Otto_0001.jpg,Rafiq_Hariri/Rafiq_Hariri_0001.jpg,0,scored,0.18542660772800446,0.40350908041000366,0,1
522,0,Jimmy_Gurule/Jimmy_Gurule_0001.jpg,Terry_McAuliffe/Terry_McAuliffe_0001.jpg,0,scored,-0.034592341631650925,0.40350908041000366,0,1
523,0,Jodie_Foster/Jodie_Foster_0003.jpg,Joe_Pantoliano/Joe_Pantoliano_0001.jpg,0,scored,-0.030801240354776382,0.40350908041000366,0,1
524,0,John_Herrington/John_Herrington_0001.jpg,Luis_Ernesto_Derbez_Bautista/Luis_Ernesto_Derbez_Bautista_0002.jpg,0,scored,0.25580480694770813,0.40350908041000366,0,1
525,0,John_Richardson/John_Richardson_0001.jpg,Yasushi_Akashi/Yasushi_Akashi_0001.jpg,0,scored,0.08442892134189606,0.40350908041000366,0,1
526,0,John_Snow/John_Snow_0017.jpg,Se_Hyuk_Joo/Se_Hyuk_Joo_0001.jpg,0,scored,0.11477357894182205,0.40350908041000366,0,1
527,0,Jonathan_Arden/Jonathan_Arden_0001.jpg,Joseph_Ralston/Joseph_Ralston_0001.jpg,0,scored,0.019176200032234192,0.40350908041000366,0,1
528,0,Jorge_Castaneda/Jorge_Castaneda_0001.jpg,Robert_Fico/Robert_Fico_0001.jpg,0,scored,0.16601930558681488,0.40350908041000366,0,1
529,0,Jose_Rosado/Jose_Rosado_0001.jpg,Micky_Arison/Micky_Arison_0001.jpg,0,scored,0.03756055235862732,0.40350908041000366,0,1
530,0,Joseph_Blatter/Joseph_Blatter_0001.jpg,Ronald_Kadish/Ronald_Kadish_0001.jpg,0,scored,0.16083216667175293,0.40350908041000366,0,1
531,0,Joseph_Ralston/Joseph_Ralston_0002.jpg,Juan_Pablo_Montoya/Juan_Pablo_Montoya_0005.jpg,0,scored,0.04225562512874603,0.40350908041000366,0,1
532,0,Joseph_Ralston/Joseph_Ralston_0002.jpg,Yoshiyuki_Kamei/Yoshiyuki_Kamei_0001.jpg,0,scored,0.24997718632221222,0.40350908041000366,0,1
533,0,Juliette_Binoche/Juliette_Binoche_0001.jpg,Matthew_Broderick/Matthew_Broderick_0003.jpg,0,scored,-0.05028923600912094,0.40350908041000366,0,1
534,0,Julio_De_Brun/Julio_De_Brun_0001.jpg,Patty_Schnyder/Patty_Schnyder_0001.jpg,0,scored,0.04793768376111984,0.40350908041000366,0,1
535,0,Julio_De_Brun/Julio_De_Brun_0001.jpg,Vernon_Forrest/Vernon_Forrest_0001.jpg,0,scored,-0.022626377642154694,0.40350908041000366,0,1
536,0,Justin_Guarini/Justin_Guarini_0002.jpg,Prince_Edward/Prince_Edward_0001.jpg,0,scored,-0.2125105857849121,0.40350908041000366,0,1
537,0,Kate_Winslet/Kate_Winslet_0002.jpg,Mike_Duke/Mike_Duke_0001.jpg,0,scored,-0.1292368620634079,0.40350908041000366,0,1
538,0,Katie_Wagner/Katie_Wagner_0001.jpg,Stan_Kroenke/Stan_Kroenke_0001.jpg,0,scored,0.05059317499399185,0.40350908041000366,0,1
539,0,Keith_Lowen/Keith_Lowen_0001.jpg,Robert_Evans/Robert_Evans_0002.jpg,0,scored,-0.02334645390510559,0.40350908041000366,0,1
540,0,Keith_Lowen/Keith_Lowen_0001.jpg,Silvia_Farina_Elia/Silvia_Farina_Elia_0002.jpg,0,scored,-0.07474899291992188,0.40350908041000366,0,1
541,0,Ken_Loach/Ken_Loach_0001.jpg,Taku_Yamasaki/Taku_Yamasaki_0001.jpg,0,scored,-0.1868545562028885,0.40350908041000366,0,1
542,0,Kevin_Crane/Kevin_Crane_0001.jpg,Mike_Krzyzewski/Mike_Krzyzewski_0002.jpg,0,scored,0.15026378631591797,0.40350908041000366,0,1
543,0,Kevin_Millwood/Kevin_Millwood_0001.jpg,Mitchell_Crooks/Mitchell_Crooks_0001.jpg,0,scored,0.11346366256475449,0.40350908041000366,0,1
544,0,Kim_Clijsters/Kim_Clijsters_0004.jpg,Martin_Short/Martin_Short_0001.jpg,0,scored,-0.07020502537488937,0.40350908041000366,0,1
545,0,Kim_Hong-gul/Kim_Hong-gul_0001.jpg,Milo_Djukanovic/Milo_Djukanovic_0003.jpg,0,scored,-0.03653973713517189,0.40350908041000366,0,1
546,0,Kim_Jong-Il/Kim_Jong-Il_0003.jpg,Rick_Reed/Rick_Reed_0001.jpg,0,scored,0.08289304375648499,0.40350908041000366,0,1
547,0,Lance_Armstrong/Lance_Armstrong_0009.jpg,Maria_Garcia/Maria_Garcia_0001.jpg,0,scored,-0.056467100977897644,0.40350908041000366,0,1
548,0,Laurent_Jalabert/Laurent_Jalabert_0002.jpg,Vincent_Gallo/Vincent_Gallo_0001.jpg,0,scored,0.017606955021619797,0.40350908041000366,0,1
549,0,Leon_LaPorte/Leon_LaPorte_0001.jpg,Ted_Williams/Ted_Williams_0001.jpg,0,scored,-0.029513083398342133,0.40350908041000366,0,1
550,0,Leon_LaPorte/Leon_LaPorte_0001.jpg,Tommy_Thompson/Tommy_Thompson_0005.jpg,0,scored,0.31552618741989136,0.40350908041000366,0,1
551,0,Leonardo_Fernandez/Leonardo_Fernandez_0001.jpg,Romano_Prodi/Romano_Prodi_0007.jpg,0,scored,-0.09658502042293549,0.40350908041000366,0,1
552,0,Leticia_Dolera/Leticia_Dolera_0001.jpg,Tom_Glavine/Tom_Glavine_0001.jpg,0,scored,-0.2797989547252655,0.40350908041000366,0,1
553,0,Lorraine_Bracco/Lorraine_Bracco_0001.jpg,Momcilo_Perisic/Momcilo_Perisic_0001.jpg,0,scored,0.15427057445049286,0.40350908041000366,0,1
554,0,Luis_Ernesto_Derbez_Bautista/Luis_Ernesto_Derbez_Bautista_0001.jpg,Tyra_Banks/Tyra_Banks_0001.jpg,0,scored,-0.03769509866833687,0.40350908041000366,0,1
555,0,Maria_Burks/Maria_Burks_0001.jpg,Todd_Parrott/Todd_Parrott_0001.jpg,0,scored,0.1291561722755432,0.40350908041000366,0,1
556,0,Mario_Lemieux/Mario_Lemieux_0001.jpg,Stan_Kroenke/Stan_Kroenke_0001.jpg,0,scored,0.2583535313606262,0.40350908041000366,0,1
557,0,Mark_Everson/Mark_Everson_0001.jpg,Martin_Sheen/Martin_Sheen_0002.jpg,0,scored,0.35429608821868896,0.40350908041000366,0,1
558,0,Marquier_Montano_Contreras/Marquier_Montano_Contreras_0001.jpg,SJ_Twu/SJ_Twu_0001.jpg,0,scored,0.009524226188659668,0.40350908041000366,0,1
559,0,Marsha_Sharp/Marsha_Sharp_0001.jpg,Steve_Shiver/Steve_Shiver_0001.jpg,0,scored,0.26407676935195923,0.40350908041000366,0,1
560,0,Martin_Cauchon/Martin_Cauchon_0002.jpg,Vitali_Klitschko/Vitali_Klitschko_0003.jpg,0,scored,0.12622202932834625,0.40350908041000366,0,1
561,0,Martin_Hoellwarth/Martin_Hoellwarth_0002.jpg,Mary_Katherine_Smart/Mary_Katherine_Smart_0001.jpg,0,scored,-0.05571882426738739,0.40350908041000366,0,1
562,0,Martina_Hingis/Martina_Hingis_0001.jpg,Terry_McAuliffe/Terry_McAuliffe_0002.jpg,0,scored,0.020736750215291977,0.40350908041000366,0,1
563,0,Melina_Kanakaredes/Melina_Kanakaredes_0001.jpg,Ornella_Muti/Ornella_Muti_0001.jpg,0,scored,0.1387241780757904,0.40350908041000366,0,1
564,0,Michael_Dell/Michael_Dell_0001.jpg,Mike_Duke/Mike_Duke_0001.jpg,0,scored,-0.06722534447908401,0.40350908041000366,0,1
565,0,Michael_Dell/Michael_Dell_0001.jpg,Nigel_Redden/Nigel_Redden_0001.jpg,0,scored,-0.22178559005260468,0.40350908041000366,0,1
566,0,Michael_Richards/Michael_Richards_0001.jpg,Silvia_Farina_Elia/Silvia_Farina_Elia_0003.jpg,0,scored,0.21231919527053833,0.40350908041000366,0,1
567,0,Milan_Kucan/Milan_Kucan_0001.jpg,Salman_Khan/Salman_Khan_0001.jpg,0,scored,0.0994148999452591,0.40350908041000366,0,1
568,0,Nancy_Kerrigan/Nancy_Kerrigan_0001.jpg,Sam_Brownback/Sam_Brownback_0001.jpg,0,scored,0.10004454851150513,0.40350908041000366,0,1
569,0,Naomi_Campbell/Naomi_Campbell_0001.jpg,Tom_Ridge/Tom_Ridge_0016.jpg,0,scored,-0.037054263055324554,0.40350908041000366,0,1
570,0,Nina_Jacobson/Nina_Jacobson_0001.jpg,Portia_de_Rossi/Portia_de_Rossi_0001.jpg,0,scored,0.12281988561153412,0.40350908041000366,0,1
571,0,Noah_Wyle/Noah_Wyle_0003.jpg,Robbie_Coltrane/Robbie_Coltrane_0001.jpg,0,scored,-0.21210406720638275,0.40350908041000366,0,1
572,0,Nora_Bendijo/Nora_Bendijo_0001.jpg,William_Martin/William_Martin_0002.jpg,0,scored,0.2780955731868744,0.40350908041000366,0,1
573,0,Nursultan_Nazarbayev/Nursultan_Nazarbayev_0001.jpg,Robert_Bonner/Robert_Bonner_0001.jpg,0,scored,0.41481420397758484,0.40350908041000366,1,0
574,0,Pascal_Affi_Nguessan/Pascal_Affi_Nguessan_0001.jpg,Tom_Moss/Tom_Moss_0001.jpg,0,scored,0.11598744988441467,0.40350908041000366,0,1
575,0,Pat_Summitt/Pat_Summitt_0001.jpg,Paul_Celluci/Paul_Celluci_0001.jpg,0,scored,0.0775265172123909,0.40350908041000366,0,1
576,0,Patty_Schnyder/Patty_Schnyder_0003.jpg,Pernilla_Bjorn/Pernilla_Bjorn_0001.jpg,0,scored,0.3442354202270508,0.40350908041000366,0,1
577,0,Patty_Schnyder/Patty_Schnyder_0003.jpg,Prince_Philippe/Prince_Philippe_0001.jpg,0,scored,-0.04815777391195297,0.40350908041000366,0,1
578,0,Patty_Schnyder/Patty_Schnyder_0004.jpg,Ricardo_Lagos/Ricardo_Lagos_0025.jpg,0,scored,-0.09922587126493454,0.40350908041000366,0,1
579,0,Pervez_Musharraf/Pervez_Musharraf_0003.jpg,Richard_Rodriguez/Richard_Rodriguez_0001.jpg,0,scored,0.20654606819152832,0.40350908041000366,0,1
580,0,Phil_Gramm/Phil_Gramm_0002.jpg,Stefan_Tafrov/Stefan_Tafrov_0001.jpg,0,scored,-0.14169606566429138,0.40350908041000366,0,1
581,0,Rachel_Kempson/Rachel_Kempson_0001.jpg,Zorica_Radovic/Zorica_Radovic_0001.jpg,0,scored,0.09564705193042755,0.40350908041000366,0,1
582,0,Rachel_Roy/Rachel_Roy_0001.jpg,Steve_Shiver/Steve_Shiver_0001.jpg,0,scored,-0.10057609528303146,0.40350908041000366,0,1
583,0,Richard_Fine/Richard_Fine_0001.jpg,Richard_Rodriguez/Richard_Rodriguez_0001.jpg,0,scored,0.0999724343419075,0.40350908041000366,0,1
584,0,Rick_Reed/Rick_Reed_0001.jpg,Ruth_Bader_Ginsburg/Ruth_Bader_Ginsburg_0001.jpg,0,scored,0.004536873660981655,0.40350908041000366,0,1
585,0,Robbie_Naish/Robbie_Naish_0001.jpg,Zhong_Nanshan/Zhong_Nanshan_0001.jpg,0,scored,0.07346788048744202,0.40350908041000366,0,1
586,0,Robert_Bonner/Robert_Bonner_0002.jpg,Vincent_Brooks/Vincent_Brooks_0002.jpg,0,scored,-0.1650635004043579,0.40350908041000366,0,1
587,0,Robert_Downey_Jr/Robert_Downey_Jr_0001.jpg,Tommy_Shane_Steiner/Tommy_Shane_Steiner_0001.jpg,0,scored,0.07960036396980286,0.40350908041000366,0,1
588,0,Robert_Evans/Robert_Evans_0001.jpg,Todd_Robbins/Todd_Robbins_0001.jpg,0,scored,-0.017590250819921494,0.40350908041000366,0,1
589,0,Romeo_Gigli/Romeo_Gigli_0001.jpg,Tom_Harkin/Tom_Harkin_0004.jpg,0,scored,0.2530430257320404,0.40350908041000366,0,1
590,0,Saeb_Erekat/Saeb_Erekat_0001.jpg,Tom_Coverdale/Tom_Coverdale_0002.jpg,0,scored,-0.23994427919387817,0.40350908041000366,0,1
591,0,Se_Hyuk_Joo/Se_Hyuk_Joo_0001.jpg,Tom_Rouen/Tom_Rouen_0001.jpg,0,scored,-0.0809854120016098,0.40350908041000366,0,1
592,0,Sergio_Garcia/Sergio_Garcia_0002.jpg,Thomas_Watjen/Thomas_Watjen_0001.jpg,0,scored,0.0903400331735611,0.40350908041000366,0,1
593,0,Simon_Yam/Simon_Yam_0001.jpg,Terry_McAuliffe/Terry_McAuliffe_0003.jpg,0,scored,-0.07123623788356781,0.40350908041000366,0,1
594,0,Simon_Yam/Simon_Yam_0001.jpg,Tommy_Haas/Tommy_Haas_0005.jpg,0,scored,-0.21095621585845947,0.40350908041000366,0,1
595,0,Stan_Kroenke/Stan_Kroenke_0001.jpg,William_Hyde/William_Hyde_0001.jpg,0,scored,-0.11056225001811981,0.40350908041000366,0,1
596,0,Steve_Ballmer/Steve_Ballmer_0001.jpg,Tina_Pisnik/Tina_Pisnik_0001.jpg,0,scored,0.1028486043214798,0.40350908041000366,0,1
597,0,Steve_Ballmer/Steve_Ballmer_0002.jpg,Vincent_Gallo/Vincent_Gallo_0003.jpg,0,scored,-0.1605842560529709,0.40350908041000366,0,1
598,0,Steve_Shiver/Steve_Shiver_0001.jpg,Thomas_Rupprath/Thomas_Rupprath_0003.jpg,0,scored,-0.19964849948883057,0.40350908041000366,0,1
599,0,Tina_Fey/Tina_Fey_0001.jpg,Todd_Parrott/Todd_Parrott_0001.jpg,0,scored,-0.0008879536762833595,0.40350908041000366,0,1
600,1,Abdullah_Gul/Abdullah_Gul_0001.jpg,Abdullah_Gul/Abdullah_Gul_0006.jpg,1,scored,0.8053848743438721,0.40350908041000366,1,1
601,1,Abdullah_Gul/Abdullah_Gul_0001.jpg,Abdullah_Gul/Abdullah_Gul_0008.jpg,1,scored,0.7995201349258423,0.40350908041000366,1,1
602,1,Abdullah_Gul/Abdullah_Gul_0007.jpg,Abdullah_Gul/Abdullah_Gul_0014.jpg,1,scored,0.879157543182373,0.40350908041000366,1,1
603,1,Abdullah_Gul/Abdullah_Gul_0009.jpg,Abdullah_Gul/Abdullah_Gul_0012.jpg,1,scored,0.8723100423812866,0.40350908041000366,1,1
604,1,Abdullah_Gul/Abdullah_Gul_0009.jpg,Abdullah_Gul/Abdullah_Gul_0015.jpg,1,scored,0.8444463610649109,0.40350908041000366,1,1
605,1,Adolfo_Rodriguez_Saa/Adolfo_Rodriguez_Saa_0001.jpg,Adolfo_Rodriguez_Saa/Adolfo_Rodriguez_Saa_0002.jpg,1,scored,0.6140514612197876,0.40350908041000366,1,1
606,1,Adrien_Brody/Adrien_Brody_0002.jpg,Adrien_Brody/Adrien_Brody_0003.jpg,1,scored,0.8271852731704712,0.40350908041000366,1,1
607,1,Adrien_Brody/Adrien_Brody_0002.jpg,Adrien_Brody/Adrien_Brody_0012.jpg,1,scored,0.6580386757850647,0.40350908041000366,1,1
608,1,Adrien_Brody/Adrien_Brody_0005.jpg,Adrien_Brody/Adrien_Brody_0010.jpg,1,scored,0.7471195459365845,0.40350908041000366,1,1
609,1,Adrien_Brody/Adrien_Brody_0007.jpg,Adrien_Brody/Adrien_Brody_0008.jpg,1,scored,0.8184375762939453,0.40350908041000366,1,1
610,1,Al_Sharpton/Al_Sharpton_0001.jpg,Al_Sharpton/Al_Sharpton_0004.jpg,1,scored,0.8332651257514954,0.40350908041000366,1,1
611,1,Al_Sharpton/Al_Sharpton_0002.jpg,Al_Sharpton/Al_Sharpton_0004.jpg,1,scored,0.9081351161003113,0.40350908041000366,1,1
612,1,Al_Sharpton/Al_Sharpton_0002.jpg,Al_Sharpton/Al_Sharpton_0007.jpg,1,scored,0.9021368026733398,0.40350908041000366,1,1
613,1,Al_Sharpton/Al_Sharpton_0003.jpg,Al_Sharpton/Al_Sharpton_0004.jpg,1,scored,0.9392837285995483,0.40350908041000366,1,1
614,1,Alexandra_Stevenson/Alexandra_Stevenson_0001.jpg,Alexandra_Stevenson/Alexandra_Stevenson_0002.jpg,1,scored,0.7850990295410156,0.40350908041000366,1,1
615,1,Alexandra_Stevenson/Alexandra_Stevenson_0001.jpg,Alexandra_Stevenson/Alexandra_Stevenson_0003.jpg,1,scored,0.7520959377288818,0.40350908041000366,1,1
616,1,Alexandra_Vodjanikova/Alexandra_Vodjanikova_0001.jpg,Alexandra_Vodjanikova/Alexandra_Vodjanikova_0002.jpg,1,scored,0.6708111763000488,0.40350908041000366,1,1
617,1,Alicia_Silverstone/Alicia_Silverstone_0001.jpg,Alicia_Silverstone/Alicia_Silverstone_0002.jpg,1,scored,0.7212401628494263,0.40350908041000366,1,1
618,1,Ana_Palacio/Ana_Palacio_0003.jpg,Ana_Palacio/Ana_Palacio_0007.jpg,1,scored,0.7415332198143005,0.40350908041000366,1,1
619,1,Ana_Palacio/Ana_Palacio_0006.jpg,Ana_Palacio/Ana_Palacio_0008.jpg,1,scored,0.6597816348075867,0.40350908041000366,1,1
620,1,Andre_Agassi/Andre_Agassi_0001.jpg,Andre_Agassi/Andre_Agassi_0005.jpg,1,scored,0.6018216013908386,0.40350908041000366,1,1
621,1,Andre_Agassi/Andre_Agassi_0002.jpg,Andre_Agassi/Andre_Agassi_0016.jpg,1,scored,0.779526948928833,0.40350908041000366,1,1
622,1,Andre_Agassi/Andre_Agassi_0004.jpg,Andre_Agassi/Andre_Agassi_0033.jpg,1,scored,0.7488711476325989,0.40350908041000366,1,1
623,1,Andre_Agassi/Andre_Agassi_0009.jpg,Andre_Agassi/Andre_Agassi_0025.jpg,1,scored,0.7077963948249817,0.40350908041000366,1,1
624,1,Andre_Agassi/Andre_Agassi_0017.jpg,Andre_Agassi/Andre_Agassi_0025.jpg,1,scored,0.7981835603713989,0.40350908041000366,1,1
625,1,Anna_Kournikova/Anna_Kournikova_0002.jpg,Anna_Kournikova/Anna_Kournikova_0003.jpg,1,scored,0.3863804340362549,0.40350908041000366,0,0
626,1,Anna_Kournikova/Anna_Kournikova_0002.jpg,Anna_Kournikova/Anna_Kournikova_0012.jpg,1,scored,0.5718831419944763,0.40350908041000366,1,1
627,1,Anna_Kournikova/Anna_Kournikova_0003.jpg,Anna_Kournikova/Anna_Kournikova_0008.jpg,1,scored,0.6098183393478394,0.40350908041000366,1,1
628,1,Anna_Kournikova/Anna_Kournikova_0007.jpg,Anna_Kournikova/Anna_Kournikova_0008.jpg,1,scored,0.5938456058502197,0.40350908041000366,1,1
629,1,Anna_Kournikova/Anna_Kournikova_0007.jpg,Anna_Kournikova/Anna_Kournikova_0011.jpg,1,scored,0.28624486923217773,0.40350908041000366,0,0
630,1,Annette_Lu/Annette_Lu_0001.jpg,Annette_Lu/Annette_Lu_0002.jpg,1,scored,0.816285252571106,0.40350908041000366,1,1
631,1,Arnold_Palmer/Arnold_Palmer_0001.jpg,Arnold_Palmer/Arnold_Palmer_0003.jpg,1,scored,0.7050585746765137,0.40350908041000366,1,1
632,1,Arnold_Palmer/Arnold_Palmer_0002.jpg,Arnold_Palmer/Arnold_Palmer_0003.jpg,1,scored,0.8554181456565857,0.40350908041000366,1,1
633,1,Aron_Ralston/Aron_Ralston_0001.jpg,Aron_Ralston/Aron_Ralston_0002.jpg,1,scored,0.6179039478302002,0.40350908041000366,1,1
634,1,Arturo_Gatti/Arturo_Gatti_0002.jpg,Arturo_Gatti/Arturo_Gatti_0003.jpg,1,scored,0.7915332317352295,0.40350908041000366,1,1
635,1,Bashar_Assad/Bashar_Assad_0001.jpg,Bashar_Assad/Bashar_Assad_0003.jpg,1,scored,0.7616726160049438,0.40350908041000366,1,1
636,1,Bashar_Assad/Bashar_Assad_0002.jpg,Bashar_Assad/Bashar_Assad_0004.jpg,1,scored,0.8497421741485596,0.40350908041000366,1,1
637,1,Bernardo_Segura/Bernardo_Segura_0001.jpg,Bernardo_Segura/Bernardo_Segura_0002.jpg,1,scored,0.6963746547698975,0.40350908041000366,1,1
638,1,Bill_Gates/Bill_Gates_0003.jpg,Bill_Gates/Bill_Gates_0016.jpg,1,scored,0.8182294964790344,0.40350908041000366,1,1
639,1,Bill_Gates/Bill_Gates_0007.jpg,Bill_Gates/Bill_Gates_0015.jpg,1,scored,0.7641282081604004,0.40350908041000366,1,1
640,1,Bill_Gates/Bill_Gates_0011.jpg,Bill_Gates/Bill_Gates_0013.jpg,1,scored,0.7219252586364746,0.40350908041000366,1,1
641,1,Bill_Gates/Bill_Gates_0013.jpg,Bill_Gates/Bill_Gates_0017.jpg,1,scored,0.7859470844268799,0.40350908041000366,1,1
642,1,Bo_Pelini/Bo_Pelini_0001.jpg,Bo_Pelini/Bo_Pelini_0002.jpg,1,scored,0.9164468050003052,0.40350908041000366,1,1
643,1,Bob_Stoops/Bob_Stoops_0002.jpg,Bob_Stoops/Bob_Stoops_0004.jpg,1,scored,0.7574825286865234,0.40350908041000366,1,1
644,1,Bob_Stoops/Bob_Stoops_0002.jpg,Bob_Stoops/Bob_Stoops_0005.jpg,1,scored,0.8301631212234497,0.40350908041000366,1,1
645,1,Bobby_Robson/Bobby_Robson_0001.jpg,Bobby_Robson/Bobby_Robson_0002.jpg,1,scored,0.8265405893325806,0.40350908041000366,1,1
646,1,Bode_Miller/Bode_Miller_0001.jpg,Bode_Miller/Bode_Miller_0002.jpg,1,scored,0.728705108165741,0.40350908041000366,1,1
647,1,Caroline_Kennedy/Caroline_Kennedy_0001.jpg,Caroline_Kennedy/Caroline_Kennedy_0003.jpg,1,scored,0.8456586599349976,0.40350908041000366,1,1
648,1,Caroline_Kennedy/Caroline_Kennedy_0002.jpg,Caroline_Kennedy/Caroline_Kennedy_0003.jpg,1,scored,0.8722555637359619,0.40350908041000366,1,1
649,1,Catherine_Zeta-Jones/Catherine_Zeta-Jones_0001.jpg,Catherine_Zeta-Jones/Catherine_Zeta-Jones_0011.jpg,1,scored,0.6800191402435303,0.40350908041000366,1,1
650,1,Catherine_Zeta-Jones/Catherine_Zeta-Jones_0004.jpg,Catherine_Zeta-Jones/Catherine_Zeta-Jones_0009.jpg,1,scored,0.48248106241226196,0.40350908041000366,1,1
651,1,Celso_Amorim/Celso_Amorim_0001.jpg,Celso_Amorim/Celso_Amorim_0002.jpg,1,scored,0.6957495808601379,0.40350908041000366,1,1
652,1,Chan_Gailey/Chan_Gailey_0001.jpg,Chan_Gailey/Chan_Gailey_0002.jpg,1,scored,0.6052047610282898,0.40350908041000366,1,1
653,1,Chanda_Rubin/Chanda_Rubin_0002.jpg,Chanda_Rubin/Chanda_Rubin_0005.jpg,1,scored,0.8066441416740417,0.40350908041000366,1,1
654,1,Chanda_Rubin/Chanda_Rubin_0004.jpg,Chanda_Rubin/Chanda_Rubin_0005.jpg,1,scored,0.8250578045845032,0.40350908041000366,1,1
655,1,Charles_Bronson/Charles_Bronson_0001.jpg,Charles_Bronson/Charles_Bronson_0002.jpg,1,scored,0.43258386850357056,0.40350908041000366,1,1
656,1,Charles_Kartman/Charles_Kartman_0001.jpg,Charles_Kartman/Charles_Kartman_0002.jpg,1,scored,0.8121863603591919,0.40350908041000366,1,1
657,1,Charles_Schumer/Charles_Schumer_0001.jpg,Charles_Schumer/Charles_Schumer_0002.jpg,1,scored,0.5508733987808228,0.40350908041000366,1,1
658,1,Chris_Rock/Chris_Rock_0001.jpg,Chris_Rock/Chris_Rock_0002.jpg,1,scored,0.8650297522544861,0.40350908041000366,1,1
659,1,Christine_Baumgartner/Christine_Baumgartner_0001.jpg,Christine_Baumgartner/Christine_Baumgartner_0002.jpg,1,scored,0.6019032001495361,0.40350908041000366,1,1
660,1,Christine_Baumgartner/Christine_Baumgartner_0002.jpg,Christine_Baumgartner/Christine_Baumgartner_0004.jpg,1,scored,0.7095847129821777,0.40350908041000366,1,1
661,1,Colin_Farrell/Colin_Farrell_0001.jpg,Colin_Farrell/Colin_Farrell_0007.jpg,1,scored,0.6940993666648865,0.40350908041000366,1,1
662,1,Colin_Farrell/Colin_Farrell_0002.jpg,Colin_Farrell/Colin_Farrell_0007.jpg,1,scored,0.73943030834198,0.40350908041000366,1,1
663,1,Colin_Farrell/Colin_Farrell_0003.jpg,Colin_Farrell/Colin_Farrell_0006.jpg,1,scored,0.790258526802063,0.40350908041000366,1,1
664,1,Colin_Farrell/Colin_Farrell_0004.jpg,Colin_Farrell/Colin_Farrell_0008.jpg,1,scored,0.7044069766998291,0.40350908041000366,1,1
665,1,Dalai_Lama/Dalai_Lama_0001.jpg,Dalai_Lama/Dalai_Lama_0002.jpg,1,scored,0.8869574069976807,0.40350908041000366,1,1
666,1,Daniel_Radcliffe/Daniel_Radcliffe_0001.jpg,Daniel_Radcliffe/Daniel_Radcliffe_0004.jpg,1,scored,0.8978415727615356,0.40350908041000366,1,1
667,1,Daryl_Hannah/Daryl_Hannah_0001.jpg,Daryl_Hannah/Daryl_Hannah_0002.jpg,1,scored,0.6590467691421509,0.40350908041000366,1,1
668,1,David_Anderson/David_Anderson_0001.jpg,David_Anderson/David_Anderson_0002.jpg,1,scored,0.758263349533081,0.40350908041000366,1,1
669,1,David_Anderson/David_Anderson_0001.jpg,David_Anderson/David_Anderson_0003.jpg,1,scored,0.8027858734130859,0.40350908041000366,1,1
670,1,David_Beckham/David_Beckham_0001.jpg,David_Beckham/David_Beckham_0015.jpg,1,scored,0.5620793104171753,0.40350908041000366,1,1
671,1,David_Beckham/David_Beckham_0009.jpg,David_Beckham/David_Beckham_0016.jpg,1,scored,0.6452298760414124,0.40350908041000366,1,1
672,1,David_Beckham/David_Beckham_0011.jpg,David_Beckham/David_Beckham_0029.jpg,1,scored,0.598712682723999,0.40350908041000366,1,1
673,1,David_Beckham/David_Beckham_0013.jpg,David_Beckham/David_Beckham_0029.jpg,1,scored,0.7103863954544067,0.40350908041000366,1,1
674,1,David_Beckham/David_Beckham_0015.jpg,David_Beckham/David_Beckham_0024.jpg,1,scored,0.589580237865448,0.40350908041000366,1,1
675,1,David_Beckham/David_Beckham_0020.jpg,David_Beckham/David_Beckham_0027.jpg,1,scored,0.7704631686210632,0.40350908041000366,1,1
676,1,David_Beckham/David_Beckham_0027.jpg,David_Beckham/David_Beckham_0031.jpg,1,scored,0.6840949058532715,0.40350908041000366,1,1
677,1,Denzel_Washington/Denzel_Washington_0002.jpg,Denzel_Washington/Denzel_Washington_0004.jpg,1,scored,0.7486743330955505,0.40350908041000366,1,1
678,1,Denzel_Washington/Denzel_Washington_0003.jpg,Denzel_Washington/Denzel_Washington_0005.jpg,1,scored,0.8187229633331299,0.40350908041000366,1,1
679,1,Dianne_Feinstein/Dianne_Feinstein_0001.jpg,Dianne_Feinstein/Dianne_Feinstein_0002.jpg,1,scored,0.897871732711792,0.40350908041000366,1,1
680,1,Dianne_Feinstein/Dianne_Feinstein_0001.jpg,Dianne_Feinstein/Dianne_Feinstein_0003.jpg,1,scored,0.8729338645935059,0.40350908041000366,1,1
681,1,Dianne_Feinstein/Dianne_Feinstein_0002.jpg,Dianne_Feinstein/Dianne_Feinstein_0003.jpg,1,scored,0.8791900873184204,0.40350908041000366,1,1
682,1,Dick_Clark/Dick_Clark_0001.jpg,Dick_Clark/Dick_Clark_0002.jpg,1,scored,0.7755277752876282,0.40350908041000366,1,1
683,1,Dick_Clark/Dick_Clark_0001.jpg,Dick_Clark/Dick_Clark_0003.jpg,1,scored,0.8238537907600403,0.40350908041000366,1,1
684,1,Donald_Fehr/Donald_Fehr_0001.jpg,Donald_Fehr/Donald_Fehr_0003.jpg,1,scored,0.79367595911026,0.40350908041000366,1,1
685,1,Donald_Fehr/Donald_Fehr_0001.jpg,Donald_Fehr/Donald_Fehr_0004.jpg,1,scored,0.7663047313690186,0.40350908041000366,1,1
686,1,Donald_Fehr/Donald_Fehr_0002.jpg,Donald_Fehr/Donald_Fehr_0003.jpg,1,scored,0.8036342263221741,0.40350908041000366,1,1
687,1,Donald_Fehr/Donald_Fehr_0003.jpg,Donald_Fehr/Donald_Fehr_0004.jpg,1,scored,0.8546221256256104,0.40350908041000366,1,1
688,1,Dwayne_Johnson/Dwayne_Johnson_0001.jpg,Dwayne_Johnson/Dwayne_Johnson_0002.jpg,1,scored,0.8996492028236389,0.40350908041000366,1,1
689,1,Ed_Rosenthal/Ed_Rosenthal_0001.jpg,Ed_Rosenthal/Ed_Rosenthal_0002.jpg,1,scored,0.8188695907592773,0.40350908041000366,1,1
690,1,Erik_Morales/Erik_Morales_0001.jpg,Erik_Morales/Erik_Morales_0002.jpg,1,scored,0.7937839031219482,0.40350908041000366,1,1
691,1,Erik_Morales/Erik_Morales_0002.jpg,Erik_Morales/Erik_Morales_0003.jpg,1,scored,0.8095181584358215,0.40350908041000366,1,1
692,1,Evan_Rachel_Wood/Evan_Rachel_Wood_0002.jpg,Evan_Rachel_Wood/Evan_Rachel_Wood_0003.jpg,1,scored,0.8133310079574585,0.40350908041000366,1,1
693,1,Evander_Holyfield/Evander_Holyfield_0001.jpg,Evander_Holyfield/Evander_Holyfield_0002.jpg,1,scored,0.8123993873596191,0.40350908041000366,1,1
694,1,Eve_Pelletier/Eve_Pelletier_0001.jpg,Eve_Pelletier/Eve_Pelletier_0002.jpg,1,scored,0.8257407546043396,0.40350908041000366,1,1
695,1,Farouk_al-Sharaa/Farouk_al-Sharaa_0001.jpg,Farouk_al-Sharaa/Farouk_al-Sharaa_0002.jpg,1,scored,0.7854533195495605,0.40350908041000366,1,1
696,1,Farouk_al-Sharaa/Farouk_al-Sharaa_0001.jpg,Farouk_al-Sharaa/Farouk_al-Sharaa_0003.jpg,1,scored,0.8808200359344482,0.40350908041000366,1,1
697,1,Farouk_al-Sharaa/Farouk_al-Sharaa_0002.jpg,Farouk_al-Sharaa/Farouk_al-Sharaa_0003.jpg,1,scored,0.747443675994873,0.40350908041000366,1,1
698,1,Frank_Cassell/Frank_Cassell_0001.jpg,Frank_Cassell/Frank_Cassell_0002.jpg,1,scored,0.7910031080245972,0.40350908041000366,1,1
699,1,Frank_Cassell/Frank_Cassell_0001.jpg,Frank_Cassell/Frank_Cassell_0003.jpg,1,scored,0.8561655282974243,0.40350908041000366,1,1
700,1,Fujio_Cho/Fujio_Cho_0001.jpg,Fujio_Cho/Fujio_Cho_0004.jpg,1,scored,0.7853422164916992,0.40350908041000366,1,1
701,1,Fujio_Cho/Fujio_Cho_0002.jpg,Fujio_Cho/Fujio_Cho_0005.jpg,1,scored,0.9300857782363892,0.40350908041000366,1,1
702,1,Fujio_Cho/Fujio_Cho_0003.jpg,Fujio_Cho/Fujio_Cho_0005.jpg,1,scored,0.9696778059005737,0.40350908041000366,1,1
703,1,Fujio_Cho/Fujio_Cho_0004.jpg,Fujio_Cho/Fujio_Cho_0006.jpg,1,scored,0.8216111660003662,0.40350908041000366,1,1
704,1,Fujio_Cho/Fujio_Cho_0005.jpg,Fujio_Cho/Fujio_Cho_0006.jpg,1,scored,0.8355744481086731,0.40350908041000366,1,1
705,1,Gao_Qiang/Gao_Qiang_0001.jpg,Gao_Qiang/Gao_Qiang_0002.jpg,1,scored,0.8503514528274536,0.40350908041000366,1,1
706,1,Geoff_Hoon/Geoff_Hoon_0001.jpg,Geoff_Hoon/Geoff_Hoon_0002.jpg,1,scored,0.7923348546028137,0.40350908041000366,1,1
707,1,Geoff_Hoon/Geoff_Hoon_0003.jpg,Geoff_Hoon/Geoff_Hoon_0004.jpg,1,scored,0.8550797700881958,0.40350908041000366,1,1
708,1,Geoff_Hoon/Geoff_Hoon_0004.jpg,Geoff_Hoon/Geoff_Hoon_0005.jpg,1,scored,0.8111047744750977,0.40350908041000366,1,1
709,1,George_Brumley/George_Brumley_0001.jpg,George_Brumley/George_Brumley_0002.jpg,1,scored,0.6997416019439697,0.40350908041000366,1,1
710,1,George_Papandreou/George_Papandreou_0001.jpg,George_Papandreou/George_Papandreou_0002.jpg,1,scored,0.6928526759147644,0.40350908041000366,1,1
711,1,George_Papandreou/George_Papandreou_0001.jpg,George_Papandreou/George_Papandreou_0003.jpg,1,scored,0.8102771639823914,0.40350908041000366,1,1
712,1,George_Papandreou/George_Papandreou_0001.jpg,George_Papandreou/George_Papandreou_0004.jpg,1,scored,0.8307057619094849,0.40350908041000366,1,1
713,1,George_Papandreou/George_Papandreou_0003.jpg,George_Papandreou/George_Papandreou_0004.jpg,1,scored,0.8050710558891296,0.40350908041000366,1,1
714,1,Gloria_Allred/Gloria_Allred_0001.jpg,Gloria_Allred/Gloria_Allred_0002.jpg,1,scored,0.8106825947761536,0.40350908041000366,1,1
715,1,Greg_Ostertag/Greg_Ostertag_0001.jpg,Greg_Ostertag/Greg_Ostertag_0002.jpg,1,scored,0.5309404134750366,0.40350908041000366,1,1
716,1,Greg_Owen/Greg_Owen_0001.jpg,Greg_Owen/Greg_Owen_0002.jpg,1,scored,0.8577066659927368,0.40350908041000366,1,1
717,1,Hanan_Ashrawi/Hanan_Ashrawi_0001.jpg,Hanan_Ashrawi/Hanan_Ashrawi_0002.jpg,1,scored,0.8287204504013062,0.40350908041000366,1,1
718,1,Harry_Kalas/Harry_Kalas_0001.jpg,Harry_Kalas/Harry_Kalas_0002.jpg,1,scored,0.719596266746521,0.40350908041000366,1,1
719,1,Hayley_Tullett/Hayley_Tullett_0001.jpg,Hayley_Tullett/Hayley_Tullett_0002.jpg,1,scored,0.8242287635803223,0.40350908041000366,1,1
720,1,Howard_Dean/Howard_Dean_0001.jpg,Howard_Dean/Howard_Dean_0003.jpg,1,scored,0.8870546817779541,0.40350908041000366,1,1
721,1,Howard_Dean/Howard_Dean_0001.jpg,Howard_Dean/Howard_Dean_0007.jpg,1,scored,0.8526456952095032,0.40350908041000366,1,1
722,1,Howard_Dean/Howard_Dean_0002.jpg,Howard_Dean/Howard_Dean_0008.jpg,1,scored,0.8132481575012207,0.40350908041000366,1,1
723,1,Howard_Dean/Howard_Dean_0004.jpg,Howard_Dean/Howard_Dean_0005.jpg,1,scored,0.7509530782699585,0.40350908041000366,1,1
724,1,Howard_Dean/Howard_Dean_0005.jpg,Howard_Dean/Howard_Dean_0012.jpg,1,scored,0.8803977966308594,0.40350908041000366,1,1
725,1,Hu_Jintao/Hu_Jintao_0004.jpg,Hu_Jintao/Hu_Jintao_0014.jpg,1,scored,0.912213921546936,0.40350908041000366,1,1
726,1,Hu_Jintao/Hu_Jintao_0005.jpg,Hu_Jintao/Hu_Jintao_0012.jpg,1,scored,0.8273338675498962,0.40350908041000366,1,1
727,1,Hu_Jintao/Hu_Jintao_0005.jpg,Hu_Jintao/Hu_Jintao_0015.jpg,1,scored,0.8863281011581421,0.40350908041000366,1,1
728,1,Hu_Jintao/Hu_Jintao_0011.jpg,Hu_Jintao/Hu_Jintao_0013.jpg,1,scored,0.8363919258117676,0.40350908041000366,1,1
729,1,Ian_McKellen/Ian_McKellen_0001.jpg,Ian_McKellen/Ian_McKellen_0003.jpg,1,scored,0.6230222582817078,0.40350908041000366,1,1
730,1,Ibrahim_Jaafari/Ibrahim_Jaafari_0001.jpg,Ibrahim_Jaafari/Ibrahim_Jaafari_0002.jpg,1,scored,0.8775360584259033,0.40350908041000366,1,1
731,1,Isabella_Rossellini/Isabella_Rossellini_0001.jpg,Isabella_Rossellini/Isabella_Rossellini_0003.jpg,1,scored,0.6788439154624939,0.40350908041000366,1,1
732,1,Ishaq_Shahryar/Ishaq_Shahryar_0001.jpg,Ishaq_Shahryar/Ishaq_Shahryar_0002.jpg,1,scored,0.7483121156692505,0.40350908041000366,1,1
733,1,Ismail_Merchant/Ismail_Merchant_0001.jpg,Ismail_Merchant/Ismail_Merchant_0002.jpg,1,scored,0.7341015338897705,0.40350908041000366,1,1
734,1,Jacques_Chirac/Jacques_Chirac_0002.jpg,Jacques_Chirac/Jacques_Chirac_0043.jpg,1,scored,0.8586674928665161,0.40350908041000366,1,1
735,1,Jacques_Chirac/Jacques_Chirac_0019.jpg,Jacques_Chirac/Jacques_Chirac_0028.jpg,1,scored,0.7978005409240723,0.40350908041000366,1,1
736,1,James_Cameron/James_Cameron_0001.jpg,James_Cameron/James_Cameron_0003.jpg,1,scored,0.6580475568771362,0.40350908041000366,1,1
737,1,James_McGreevey/James_McGreevey_0001.jpg,James_McGreevey/James_McGreevey_0003.jpg,1,scored,0.7334537506103516,0.40350908041000366,1,1
738,1,James_McGreevey/James_McGreevey_0001.jpg,James_McGreevey/James_McGreevey_0004.jpg,1,scored,0.7248371243476868,0.40350908041000366,1,1
739,1,Jason_Alexander/Jason_Alexander_0001.jpg,Jason_Alexander/Jason_Alexander_0002.jpg,1,scored,0.6163772344589233,0.40350908041000366,1,1
740,1,Jason_Kidd/Jason_Kidd_0002.jpg,Jason_Kidd/Jason_Kidd_0008.jpg,1,scored,0.6678926944732666,0.40350908041000366,1,1
741,1,Jason_Kidd/Jason_Kidd_0003.jpg,Jason_Kidd/Jason_Kidd_0008.jpg,1,scored,0.8441222906112671,0.40350908041000366,1,1
742,1,Jason_Kidd/Jason_Kidd_0006.jpg,Jason_Kidd/Jason_Kidd_0008.jpg,1,scored,0.8971625566482544,0.40350908041000366,1,1
743,1,Jelena_Dokic/Jelena_Dokic_0001.jpg,Jelena_Dokic/Jelena_Dokic_0002.jpg,1,scored,0.7757149934768677,0.40350908041000366,1,1
744,1,Jelena_Dokic/Jelena_Dokic_0002.jpg,Jelena_Dokic/Jelena_Dokic_0004.jpg,1,scored,0.6133002042770386,0.40350908041000366,1,1
745,1,Jelena_Dokic/Jelena_Dokic_0002.jpg,Jelena_Dokic/Jelena_Dokic_0008.jpg,1,scored,0.7586690783500671,0.40350908041000366,1,1
746,1,Jelena_Dokic/Jelena_Dokic_0003.jpg,Jelena_Dokic/Jelena_Dokic_0004.jpg,1,scored,0.5660057663917542,0.40350908041000366,1,1
747,1,Jelena_Dokic/Jelena_Dokic_0004.jpg,Jelena_Dokic/Jelena_Dokic_0005.jpg,1,scored,0.5373290181159973,0.40350908041000366,1,1
748,1,Jelena_Dokic/Jelena_Dokic_0004.jpg,Jelena_Dokic/Jelena_Dokic_0007.jpg,1,scored,0.6453662514686584,0.40350908041000366,1,1
749,1,Jelena_Dokic/Jelena_Dokic_0004.jpg,Jelena_Dokic/Jelena_Dokic_0008.jpg,1,scored,0.4244841933250427,0.40350908041000366,1,1
750,1,Jelena_Dokic/Jelena_Dokic_0005.jpg,Jelena_Dokic/Jelena_Dokic_0006.jpg,1,scored,0.6794891357421875,0.40350908041000366,1,1
751,1,Jelena_Dokic/Jelena_Dokic_0007.jpg,Jelena_Dokic/Jelena_Dokic_0008.jpg,1,scored,0.5968021154403687,0.40350908041000366,1,1
752,1,Jennifer_Connelly/Jennifer_Connelly_0001.jpg,Jennifer_Connelly/Jennifer_Connelly_0003.jpg,1,scored,0.823151171207428,0.40350908041000366,1,1
753,1,Jennifer_Connelly/Jennifer_Connelly_0001.jpg,Jennifer_Connelly/Jennifer_Connelly_0004.jpg,1,scored,0.7791192531585693,0.40350908041000366,1,1
754,1,Jennifer_Connelly/Jennifer_Connelly_0002.jpg,Jennifer_Connelly/Jennifer_Connelly_0004.jpg,1,scored,0.7863869667053223,0.40350908041000366,1,1
755,1,Jennifer_Connelly/Jennifer_Connelly_0003.jpg,Jennifer_Connelly/Jennifer_Connelly_0004.jpg,1,scored,0.8814568519592285,0.40350908041000366,1,1
756,1,Jennifer_Keller/Jennifer_Keller_0001.jpg,Jennifer_Keller/Jennifer_Keller_0004.jpg,1,scored,0.826443612575531,0.40350908041000366,1,1
757,1,Jennifer_Keller/Jennifer_Keller_0003.jpg,Jennifer_Keller/Jennifer_Keller_0004.jpg,1,scored,0.761198878288269,0.40350908041000366,1,1
758,1,Jennifer_Reilly/Jennifer_Reilly_0001.jpg,Jennifer_Reilly/Jennifer_Reilly_0002.jpg,1,scored,0.8986448049545288,0.40350908041000366,1,1
759,1,Jennifer_Thompson/Jennifer_Thompson_0001.jpg,Jennifer_Thompson/Jennifer_Thompson_0002.jpg,1,scored,0.8350715637207031,0.40350908041000366,1,1
760,1,Jim_Hahn/Jim_Hahn_0001.jpg,Jim_Hahn/Jim_Hahn_0003.jpg,1,scored,0.7668426036834717,0.40350908041000366,1,1
761,1,Jim_Hahn/Jim_Hahn_0001.jpg,Jim_Hahn/Jim_Hahn_0004.jpg,1,scored,0.6527186632156372,0.40350908041000366,1,1
762,1,Jim_Hahn/Jim_Hahn_0003.jpg,Jim_Hahn/Jim_Hahn_0004.jpg,1,scored,0.8777785301208496,0.40350908041000366,1,1
763,1,Johnny_Carson/Johnny_Carson_0001.jpg,Johnny_Carson/Johnny_Carson_0002.jpg,1,scored,0.8052359819412231,0.40350908041000366,1,1
764,1,Jorge_Batlle/Jorge_Batlle_0001.jpg,Jorge_Batlle/Jorge_Batlle_0002.jpg,1,scored,0.8708468675613403,0.40350908041000366,1,1
765,1,Jorge_Batlle/Jorge_Batlle_0001.jpg,Jorge_Batlle/Jorge_Batlle_0003.jpg,1,scored,0.8046586513519287,0.40350908041000366,1,1
766,1,Jorge_Rodolfo_Canicoba_Corral/Jorge_Rodolfo_Canicoba_Corral_0001.jpg,Jorge_Rodolfo_Canicoba_Corral/Jorge_Rodolfo_Canicoba_Corral_0002.jpg,1,scored,0.8203954100608826,0.40350908041000366,1,1
767,1,Juan_Ignacio_Chela/Juan_Ignacio_Chela_0001.jpg,Juan_Ignacio_Chela/Juan_Ignacio_Chela_0002.jpg,1,scored,0.774506688117981,0.40350908041000366,1,1
768,1,Juan_Ignacio_Chela/Juan_Ignacio_Chela_0001.jpg,Juan_Ignacio_Chela/Juan_Ignacio_Chela_0003.jpg,1,scored,0.77892005443573,0.40350908041000366,1,1
769,1,Juan_Ignacio_Chela/Juan_Ignacio_Chela_0002.jpg,Juan_Ignacio_Chela/Juan_Ignacio_Chela_0003.jpg,1,scored,0.7021584510803223,0.40350908041000366,1,1
770,1,Justin_Gatlin/Justin_Gatlin_0001.jpg,Justin_Gatlin/Justin_Gatlin_0002.jpg,1,scored,0.862665057182312,0.40350908041000366,1,1
771,1,Karen_Mok/Karen_Mok_0001.jpg,Karen_Mok/Karen_Mok_0002.jpg,1,scored,0.8577297925949097,0.40350908041000366,1,1
772,1,Katie_Harman/Katie_Harman_0001.jpg,Katie_Harman/Katie_Harman_0002.jpg,1,scored,0.5530955791473389,0.40350908041000366,1,1
773,1,Katie_Harman/Katie_Harman_0001.jpg,Katie_Harman/Katie_Harman_0003.jpg,1,scored,0.4405211806297302,0.40350908041000366,1,1
774,1,Katie_Harman/Katie_Harman_0002.jpg,Katie_Harman/Katie_Harman_0003.jpg,1,scored,0.6874035000801086,0.40350908041000366,1,1
775,1,Kenneth_Branagh/Kenneth_Branagh_0001.jpg,Kenneth_Branagh/Kenneth_Branagh_0002.jpg,1,scored,0.8357874155044556,0.40350908041000366,1,1
776,1,Kevin_Costner/Kevin_Costner_0001.jpg,Kevin_Costner/Kevin_Costner_0003.jpg,1,scored,0.8663992881774902,0.40350908041000366,1,1
777,1,Kevin_Costner/Kevin_Costner_0002.jpg,Kevin_Costner/Kevin_Costner_0006.jpg,1,scored,0.6520813703536987,0.40350908041000366,1,1
778,1,Kevin_Costner/Kevin_Costner_0002.jpg,Kevin_Costner/Kevin_Costner_0008.jpg,1,scored,0.6116293668746948,0.40350908041000366,1,1
779,1,Kevin_Costner/Kevin_Costner_0006.jpg,Kevin_Costner/Kevin_Costner_0008.jpg,1,scored,0.9198863506317139,0.40350908041000366,1,1
780,1,Larry_Lindsey/Larry_Lindsey_0001.jpg,Larry_Lindsey/Larry_Lindsey_0002.jpg,1,scored,0.7909116744995117,0.40350908041000366,1,1
781,1,Leonardo_DiCaprio/Leonardo_DiCaprio_0003.jpg,Leonardo_DiCaprio/Leonardo_DiCaprio_0007.jpg,1,scored,0.7687922120094299,0.40350908041000366,1,1
782,1,Leonardo_DiCaprio/Leonardo_DiCaprio_0005.jpg,Leonardo_DiCaprio/Leonardo_DiCaprio_0006.jpg,1,scored,0.8954364061355591,0.40350908041000366,1,1
783,1,Leonardo_DiCaprio/Leonardo_DiCaprio_0006.jpg,Leonardo_DiCaprio/Leonardo_DiCaprio_0008.jpg,1,scored,0.9230286478996277,0.40350908041000366,1,1
784,1,Lindsay_Davenport/Lindsay_Davenport_0002.jpg,Lindsay_Davenport/Lindsay_Davenport_0010.jpg,1,scored,0.7725350856781006,0.40350908041000366,1,1
785,1,Lindsay_Davenport/Lindsay_Davenport_0005.jpg,Lindsay_Davenport/Lindsay_Davenport_0009.jpg,1,scored,0.7289344072341919,0.40350908041000366,1,1
786,1,Lisa_Ling/Lisa_Ling_0001.jpg,Lisa_Ling/Lisa_Ling_0002.jpg,1,scored,0.7354905009269714,0.40350908041000366,1,1
787,1,Lucy_Liu/Lucy_Liu_0002.jpg,Lucy_Liu/Lucy_Liu_0004.jpg,1,scored,0.5791088342666626,0.40350908041000366,1,1
788,1,Lucy_Liu/Lucy_Liu_0002.jpg,Lucy_Liu/Lucy_Liu_0005.jpg,1,scored,0.7194035053253174,0.40350908041000366,1,1
789,1,Lucy_Liu/Lucy_Liu_0003.jpg,Lucy_Liu/Lucy_Liu_0005.jpg,1,scored,0.86795973777771,0.40350908041000366,1,1
790,1,Manfred_Stolpe/Manfred_Stolpe_0001.jpg,Manfred_Stolpe/Manfred_Stolpe_0002.jpg,1,scored,0.9311988949775696,0.40350908041000366,1,1
791,1,Maria_Luisa_Mendonca/Maria_Luisa_Mendonca_0001.jpg,Maria_Luisa_Mendonca/Maria_Luisa_Mendonca_0002.jpg,1,scored,0.8679896593093872,0.40350908041000366,1,1
792,1,Mario_Kreutzberger/Mario_Kreutzberger_0001.jpg,Mario_Kreutzberger/Mario_Kreutzberger_0002.jpg,1,scored,0.7939122915267944,0.40350908041000366,1,1
793,1,Melissa_Etheridge/Melissa_Etheridge_0001.jpg,Melissa_Etheridge/Melissa_Etheridge_0002.jpg,1,scored,0.8855524659156799,0.40350908041000366,1,1
794,1,Michael_Jordan/Michael_Jordan_0001.jpg,Michael_Jordan/Michael_Jordan_0002.jpg,1,scored,0.6636103987693787,0.40350908041000366,1,1
795,1,Michael_Jordan/Michael_Jordan_0001.jpg,Michael_Jordan/Michael_Jordan_0003.jpg,1,scored,0.7018849849700928,0.40350908041000366,1,1
796,1,Michael_Jordan/Michael_Jordan_0002.jpg,Michael_Jordan/Michael_Jordan_0004.jpg,1,scored,0.8260116577148438,0.40350908041000366,1,1
797,1,Mikhail_Youzhny/Mikhail_Youzhny_0001.jpg,Mikhail_Youzhny/Mikhail_Youzhny_0002.jpg,1,scored,0.889498233795166,0.40350908041000366,1,1
798,1,Mitchell_Daniels/Mitchell_Daniels_0001.jpg,Mitchell_Daniels/Mitchell_Daniels_0002.jpg,1,scored,0.8768142461776733,0.40350908041000366,1,1
799,1,Mitchell_Daniels/Mitchell_Daniels_0001.jpg,Mitchell_Daniels/Mitchell_Daniels_0004.jpg,1,scored,0.8777962923049927,0.40350908041000366,1,1
800,1,Mitchell_Daniels/Mitchell_Daniels_0003.jpg,Mitchell_Daniels/Mitchell_Daniels_0004.jpg,1,scored,0.828505277633667,0.40350908041000366,1,1
801,1,Mohammad_Khatami/Mohammad_Khatami_0001.jpg,Mohammad_Khatami/Mohammad_Khatami_0005.jpg,1,scored,0.6864967942237854,0.40350908041000366,1,1
802,1,Mohammad_Khatami/Mohammad_Khatami_0003.jpg,Mohammad_Khatami/Mohammad_Khatami_0009.jpg,1,scored,0.8272108435630798,0.40350908041000366,1,1
803,1,Mohammad_Khatami/Mohammad_Khatami_0008.jpg,Mohammad_Khatami/Mohammad_Khatami_0010.jpg,1,scored,0.6169936656951904,0.40350908041000366,1,1
804,1,Monique_Garbrecht-Enfeldt/Monique_Garbrecht-Enfeldt_0001.jpg,Monique_Garbrecht-Enfeldt/Monique_Garbrecht-Enfeldt_0003.jpg,1,scored,0.8039170503616333,0.40350908041000366,1,1
805,1,Natalie_Maines/Natalie_Maines_0002.jpg,Natalie_Maines/Natalie_Maines_0005.jpg,1,scored,0.743497371673584,0.40350908041000366,1,1
806,1,Natalie_Maines/Natalie_Maines_0004.jpg,Natalie_Maines/Natalie_Maines_0005.jpg,1,scored,0.7505272626876831,0.40350908041000366,1,1
807,1,Nelson_Mandela/Nelson_Mandela_0001.jpg,Nelson_Mandela/Nelson_Mandela_0003.jpg,1,scored,0.8230079412460327,0.40350908041000366,1,1
808,1,Norodom_Sihanouk/Norodom_Sihanouk_0001.jpg,Norodom_Sihanouk/Norodom_Sihanouk_0003.jpg,1,scored,0.8643957376480103,0.40350908041000366,1,1
809,1,Norodom_Sihanouk/Norodom_Sihanouk_0002.jpg,Norodom_Sihanouk/Norodom_Sihanouk_0003.jpg,1,scored,0.720483124256134,0.40350908041000366,1,1
810,1,Osama_bin_Laden/Osama_bin_Laden_0002.jpg,Osama_bin_Laden/Osama_bin_Laden_0004.jpg,1,scored,0.8295363187789917,0.40350908041000366,1,1
811,1,Osama_bin_Laden/Osama_bin_Laden_0003.jpg,Osama_bin_Laden/Osama_bin_Laden_0004.jpg,1,scored,0.8622989654541016,0.40350908041000366,1,1
812,1,Oxana_Fedorova/Oxana_Fedorova_0001.jpg,Oxana_Fedorova/Oxana_Fedorova_0002.jpg,1,scored,0.6513853073120117,0.40350908041000366,1,1
813,1,Peter_Bacanovic/Peter_Bacanovic_0001.jpg,Peter_Bacanovic/Peter_Bacanovic_0002.jpg,1,scored,0.8669763803482056,0.40350908041000366,1,1
814,1,Philippe_Noiret/Philippe_Noiret_0001.jpg,Philippe_Noiret/Philippe_Noiret_0002.jpg,1,scored,0.7619789242744446,0.40350908041000366,1,1
815,1,Placido_Domingo/Placido_Domingo_0001.jpg,Placido_Domingo/Placido_Domingo_0002.jpg,1,scored,0.746052086353302,0.40350908041000366,1,1
816,1,Placido_Domingo/Placido_Domingo_0002.jpg,Placido_Domingo/Placido_Domingo_0003.jpg,1,scored,0.8740969896316528,0.40350908041000366,1,1
817,1,Prince_William/Prince_William_0001.jpg,Prince_William/Prince_William_0002.jpg,1,scored,0.6949402093887329,0.40350908041000366,1,1
818,1,Princess_Aiko/Princess_Aiko_0001.jpg,Princess_Aiko/Princess_Aiko_0002.jpg,1,preprocessing_failed,,0.40350908041000366,,
819,1,Priscilla_Presley/Priscilla_Presley_0001.jpg,Priscilla_Presley/Priscilla_Presley_0002.jpg,1,scored,0.8482444286346436,0.40350908041000366,1,1
820,1,Richard_Haass/Richard_Haass_0001.jpg,Richard_Haass/Richard_Haass_0002.jpg,1,scored,0.7494702935218811,0.40350908041000366,1,1
821,1,Richard_Shelby/Richard_Shelby_0001.jpg,Richard_Shelby/Richard_Shelby_0002.jpg,1,scored,0.8411356210708618,0.40350908041000366,1,1
822,1,Rick_Barnes/Rick_Barnes_0001.jpg,Rick_Barnes/Rick_Barnes_0002.jpg,1,scored,0.7580324411392212,0.40350908041000366,1,1
823,1,Rick_Barnes/Rick_Barnes_0001.jpg,Rick_Barnes/Rick_Barnes_0003.jpg,1,scored,0.8652517795562744,0.40350908041000366,1,1
824,1,Rick_Dinse/Rick_Dinse_0001.jpg,Rick_Dinse/Rick_Dinse_0003.jpg,1,scored,0.903369665145874,0.40350908041000366,1,1
825,1,Rick_Dinse/Rick_Dinse_0002.jpg,Rick_Dinse/Rick_Dinse_0003.jpg,1,scored,0.9015433192253113,0.40350908041000366,1,1
826,1,Rio_Ferdinand/Rio_Ferdinand_0001.jpg,Rio_Ferdinand/Rio_Ferdinand_0002.jpg,1,scored,0.504006028175354,0.40350908041000366,1,1
827,1,Rita_Grande/Rita_Grande_0001.jpg,Rita_Grande/Rita_Grande_0002.jpg,1,scored,0.7880516052246094,0.40350908041000366,1,1
828,1,Rita_Grande/Rita_Grande_0002.jpg,Rita_Grande/Rita_Grande_0003.jpg,1,scored,0.8506831526756287,0.40350908041000366,1,1
829,1,Robin_McLaurin_Williams/Robin_McLaurin_Williams_0001.jpg,Robin_McLaurin_Williams/Robin_McLaurin_Williams_0002.jpg,1,scored,0.667453408241272,0.40350908041000366,1,1
830,1,Saddam_Hussein/Saddam_Hussein_0002.jpg,Saddam_Hussein/Saddam_Hussein_0004.jpg,1,scored,0.8595404624938965,0.40350908041000366,1,1
831,1,Saddam_Hussein/Saddam_Hussein_0002.jpg,Saddam_Hussein/Saddam_Hussein_0010.jpg,1,scored,0.4258878231048584,0.40350908041000366,1,1
832,1,Saddam_Hussein/Saddam_Hussein_0003.jpg,Saddam_Hussein/Saddam_Hussein_0011.jpg,1,scored,0.8385607600212097,0.40350908041000366,1,1
833,1,Saddam_Hussein/Saddam_Hussein_0006.jpg,Saddam_Hussein/Saddam_Hussein_0009.jpg,1,scored,0.9349106550216675,0.40350908041000366,1,1
834,1,Sally_Field/Sally_Field_0001.jpg,Sally_Field/Sally_Field_0002.jpg,1,scored,0.8321102857589722,0.40350908041000366,1,1
835,1,Salma_Hayek/Salma_Hayek_0001.jpg,Salma_Hayek/Salma_Hayek_0010.jpg,1,scored,0.6554359197616577,0.40350908041000366,1,1
836,1,Salma_Hayek/Salma_Hayek_0001.jpg,Salma_Hayek/Salma_Hayek_0011.jpg,1,scored,0.7739643454551697,0.40350908041000366,1,1
837,1,Sandra_Bullock/Sandra_Bullock_0001.jpg,Sandra_Bullock/Sandra_Bullock_0003.jpg,1,scored,0.7550673484802246,0.40350908041000366,1,1
838,1,Sandra_Bullock/Sandra_Bullock_0001.jpg,Sandra_Bullock/Sandra_Bullock_0004.jpg,1,scored,0.7158179879188538,0.40350908041000366,1,1
839,1,Sandra_Bullock/Sandra_Bullock_0002.jpg,Sandra_Bullock/Sandra_Bullock_0004.jpg,1,scored,0.5993407964706421,0.40350908041000366,1,1
840,1,Sandra_Bullock/Sandra_Bullock_0003.jpg,Sandra_Bullock/Sandra_Bullock_0004.jpg,1,scored,0.688668966293335,0.40350908041000366,1,1
841,1,Sarah_Hughes/Sarah_Hughes_0001.jpg,Sarah_Hughes/Sarah_Hughes_0006.jpg,1,scored,0.5765138864517212,0.40350908041000366,1,1
842,1,Sarah_Hughes/Sarah_Hughes_0002.jpg,Sarah_Hughes/Sarah_Hughes_0005.jpg,1,scored,0.7795650959014893,0.40350908041000366,1,1
843,1,Sarah_Hughes/Sarah_Hughes_0003.jpg,Sarah_Hughes/Sarah_Hughes_0005.jpg,1,scored,0.8206243515014648,0.40350908041000366,1,1
844,1,Sarah_Hughes/Sarah_Hughes_0004.jpg,Sarah_Hughes/Sarah_Hughes_0006.jpg,1,scored,0.4977789521217346,0.40350908041000366,1,1
845,1,Sharon_Frey/Sharon_Frey_0001.jpg,Sharon_Frey/Sharon_Frey_0002.jpg,1,scored,0.8190948963165283,0.40350908041000366,1,1
846,1,Silvio_Berlusconi/Silvio_Berlusconi_0006.jpg,Silvio_Berlusconi/Silvio_Berlusconi_0030.jpg,1,scored,0.6682747602462769,0.40350908041000366,1,1
847,1,Silvio_Berlusconi/Silvio_Berlusconi_0008.jpg,Silvio_Berlusconi/Silvio_Berlusconi_0023.jpg,1,scored,0.7045243978500366,0.40350908041000366,1,1
848,1,Silvio_Berlusconi/Silvio_Berlusconi_0013.jpg,Silvio_Berlusconi/Silvio_Berlusconi_0021.jpg,1,scored,0.7396617531776428,0.40350908041000366,1,1
849,1,Silvio_Berlusconi/Silvio_Berlusconi_0017.jpg,Silvio_Berlusconi/Silvio_Berlusconi_0029.jpg,1,scored,0.7333396673202515,0.40350908041000366,1,1
850,1,Silvio_Berlusconi/Silvio_Berlusconi_0018.jpg,Silvio_Berlusconi/Silvio_Berlusconi_0025.jpg,1,scored,0.6753773093223572,0.40350908041000366,1,1
851,1,Silvio_Berlusconi/Silvio_Berlusconi_0023.jpg,Silvio_Berlusconi/Silvio_Berlusconi_0028.jpg,1,scored,0.7420522570610046,0.40350908041000366,1,1
852,1,Silvio_Berlusconi/Silvio_Berlusconi_0024.jpg,Silvio_Berlusconi/Silvio_Berlusconi_0030.jpg,1,scored,0.8227645754814148,0.40350908041000366,1,1
853,1,Silvio_Berlusconi/Silvio_Berlusconi_0026.jpg,Silvio_Berlusconi/Silvio_Berlusconi_0032.jpg,1,scored,0.8161885738372803,0.40350908041000366,1,1
854,1,Spencer_Abraham/Spencer_Abraham_0003.jpg,Spencer_Abraham/Spencer_Abraham_0017.jpg,1,scored,0.6901392936706543,0.40350908041000366,1,1
855,1,Steffi_Graf/Steffi_Graf_0002.jpg,Steffi_Graf/Steffi_Graf_0005.jpg,1,scored,0.6921231746673584,0.40350908041000366,1,1
856,1,Steffi_Graf/Steffi_Graf_0003.jpg,Steffi_Graf/Steffi_Graf_0004.jpg,1,scored,0.5109720230102539,0.40350908041000366,1,1
857,1,Steven_Spielberg/Steven_Spielberg_0001.jpg,Steven_Spielberg/Steven_Spielberg_0005.jpg,1,scored,0.7846372127532959,0.40350908041000366,1,1
858,1,Steven_Spielberg/Steven_Spielberg_0001.jpg,Steven_Spielberg/Steven_Spielberg_0006.jpg,1,scored,0.7581861019134521,0.40350908041000366,1,1
859,1,Steven_Spielberg/Steven_Spielberg_0003.jpg,Steven_Spielberg/Steven_Spielberg_0006.jpg,1,scored,0.6168406009674072,0.40350908041000366,1,1
860,1,Steven_Spielberg/Steven_Spielberg_0004.jpg,Steven_Spielberg/Steven_Spielberg_0006.jpg,1,scored,0.7172201871871948,0.40350908041000366,1,1
861,1,Steven_Spielberg/Steven_Spielberg_0004.jpg,Steven_Spielberg/Steven_Spielberg_0007.jpg,1,scored,0.613477349281311,0.40350908041000366,1,1
862,1,Steven_Spielberg/Steven_Spielberg_0006.jpg,Steven_Spielberg/Steven_Spielberg_0007.jpg,1,scored,0.6947885751724243,0.40350908041000366,1,1
863,1,Theresa_May/Theresa_May_0001.jpg,Theresa_May/Theresa_May_0002.jpg,1,scored,0.9327905178070068,0.40350908041000366,1,1
864,1,Theresa_May/Theresa_May_0002.jpg,Theresa_May/Theresa_May_0003.jpg,1,scored,0.7512508630752563,0.40350908041000366,1,1
865,1,Tippi_Hedren/Tippi_Hedren_0001.jpg,Tippi_Hedren/Tippi_Hedren_0002.jpg,1,scored,0.849159836769104,0.40350908041000366,1,1
866,1,Todd_Haynes/Todd_Haynes_0001.jpg,Todd_Haynes/Todd_Haynes_0002.jpg,1,scored,0.8133609890937805,0.40350908041000366,1,1
867,1,Todd_Haynes/Todd_Haynes_0001.jpg,Todd_Haynes/Todd_Haynes_0003.jpg,1,scored,0.5554360747337341,0.40350908041000366,1,1
868,1,Todd_Haynes/Todd_Haynes_0001.jpg,Todd_Haynes/Todd_Haynes_0004.jpg,1,scored,0.8052552342414856,0.40350908041000366,1,1
869,1,Todd_Haynes/Todd_Haynes_0002.jpg,Todd_Haynes/Todd_Haynes_0004.jpg,1,scored,0.832763671875,0.40350908041000366,1,1
870,1,Tony_Blair/Tony_Blair_0018.jpg,Tony_Blair/Tony_Blair_0086.jpg,1,scored,0.547044575214386,0.40350908041000366,1,1
871,1,Tony_Blair/Tony_Blair_0032.jpg,Tony_Blair/Tony_Blair_0048.jpg,1,scored,0.8518140912055969,0.40350908041000366,1,1
872,1,Tony_Blair/Tony_Blair_0032.jpg,Tony_Blair/Tony_Blair_0110.jpg,1,scored,0.5666885375976562,0.40350908041000366,1,1
873,1,Tony_Blair/Tony_Blair_0053.jpg,Tony_Blair/Tony_Blair_0102.jpg,1,scored,0.8571981191635132,0.40350908041000366,1,1
874,1,Tony_Blair/Tony_Blair_0091.jpg,Tony_Blair/Tony_Blair_0134.jpg,1,scored,0.7434450387954712,0.40350908041000366,1,1
875,1,Tony_Blair/Tony_Blair_0092.jpg,Tony_Blair/Tony_Blair_0133.jpg,1,scored,0.7367368936538696,0.40350908041000366,1,1
876,1,Tony_Blair/Tony_Blair_0105.jpg,Tony_Blair/Tony_Blair_0121.jpg,1,scored,0.8541520833969116,0.40350908041000366,1,1
877,1,Vicente_Fox/Vicente_Fox_0004.jpg,Vicente_Fox/Vicente_Fox_0030.jpg,1,scored,0.852928638458252,0.40350908041000366,1,1
878,1,Vicente_Fox/Vicente_Fox_0009.jpg,Vicente_Fox/Vicente_Fox_0016.jpg,1,scored,0.8429169654846191,0.40350908041000366,1,1
879,1,Vicente_Fox/Vicente_Fox_0011.jpg,Vicente_Fox/Vicente_Fox_0017.jpg,1,scored,0.8347289562225342,0.40350908041000366,1,1
880,1,Vicente_Fox/Vicente_Fox_0015.jpg,Vicente_Fox/Vicente_Fox_0030.jpg,1,scored,0.7873062491416931,0.40350908041000366,1,1
881,1,Vojislav_Kostunica/Vojislav_Kostunica_0001.jpg,Vojislav_Kostunica/Vojislav_Kostunica_0003.jpg,1,scored,0.6160639524459839,0.40350908041000366,1,1
882,1,Vojislav_Kostunica/Vojislav_Kostunica_0002.jpg,Vojislav_Kostunica/Vojislav_Kostunica_0004.jpg,1,scored,0.7682549953460693,0.40350908041000366,1,1
883,1,Vojislav_Kostunica/Vojislav_Kostunica_0004.jpg,Vojislav_Kostunica/Vojislav_Kostunica_0007.jpg,1,scored,0.9159266948699951,0.40350908041000366,1,1
884,1,Vojislav_Kostunica/Vojislav_Kostunica_0005.jpg,Vojislav_Kostunica/Vojislav_Kostunica_0007.jpg,1,scored,0.8905984163284302,0.40350908041000366,1,1
885,1,Walter_Mondale/Walter_Mondale_0001.jpg,Walter_Mondale/Walter_Mondale_0006.jpg,1,scored,0.6672258377075195,0.40350908041000366,1,1
886,1,Walter_Mondale/Walter_Mondale_0001.jpg,Walter_Mondale/Walter_Mondale_0007.jpg,1,scored,0.690833330154419,0.40350908041000366,1,1
887,1,Walter_Mondale/Walter_Mondale_0005.jpg,Walter_Mondale/Walter_Mondale_0007.jpg,1,scored,0.8126407265663147,0.40350908041000366,1,1
888,1,Walter_Mondale/Walter_Mondale_0006.jpg,Walter_Mondale/Walter_Mondale_0008.jpg,1,scored,0.6061407327651978,0.40350908041000366,1,1
889,1,Walter_Mondale/Walter_Mondale_0007.jpg,Walter_Mondale/Walter_Mondale_0009.jpg,1,scored,0.8193451166152954,0.40350908041000366,1,1
890,1,Wang_Yingfan/Wang_Yingfan_0002.jpg,Wang_Yingfan/Wang_Yingfan_0003.jpg,1,scored,0.8653379678726196,0.40350908041000366,1,1
891,1,William_Bratton/William_Bratton_0001.jpg,William_Bratton/William_Bratton_0003.jpg,1,scored,0.8484047651290894,0.40350908041000366,1,1
892,1,William_Donaldson/William_Donaldson_0001.jpg,William_Donaldson/William_Donaldson_0005.jpg,1,scored,0.5645737648010254,0.40350908041000366,1,1
893,1,William_Donaldson/William_Donaldson_0003.jpg,William_Donaldson/William_Donaldson_0005.jpg,1,scored,0.868971586227417,0.40350908041000366,1,1
894,1,William_Donaldson/William_Donaldson_0004.jpg,William_Donaldson/William_Donaldson_0006.jpg,1,scored,0.7591238021850586,0.40350908041000366,1,1
895,1,Xavier_Malisse/Xavier_Malisse_0001.jpg,Xavier_Malisse/Xavier_Malisse_0003.jpg,1,scored,0.8034807443618774,0.40350908041000366,1,1
896,1,Xavier_Malisse/Xavier_Malisse_0003.jpg,Xavier_Malisse/Xavier_Malisse_0004.jpg,1,scored,0.7885433435440063,0.40350908041000366,1,1
897,1,Xavier_Malisse/Xavier_Malisse_0003.jpg,Xavier_Malisse/Xavier_Malisse_0005.jpg,1,scored,0.748492419719696,0.40350908041000366,1,1
898,1,Yevgeny_Kafelnikov/Yevgeny_Kafelnikov_0001.jpg,Yevgeny_Kafelnikov/Yevgeny_Kafelnikov_0004.jpg,1,scored,0.6794560551643372,0.40350908041000366,1,1
899,1,Zarai_Toledo/Zarai_Toledo_0001.jpg,Zarai_Toledo/Zarai_Toledo_0002.jpg,1,scored,0.6337217688560486,0.40350908041000366,1,1
900,1,Adolfo_Rodriguez_Saa/Adolfo_Rodriguez_Saa_0001.jpg,Dave_Odom/Dave_Odom_0001.jpg,0,scored,0.028088238090276718,0.40350908041000366,0,1
901,1,Adolfo_Rodriguez_Saa/Adolfo_Rodriguez_Saa_0001.jpg,Nancy_Powell/Nancy_Powell_0001.jpg,0,scored,0.1300051510334015,0.40350908041000366,0,1
902,1,Adrien_Brody/Adrien_Brody_0003.jpg,Damon_Dash/Damon_Dash_0001.jpg,0,scored,0.031563155353069305,0.40350908041000366,0,1
903,1,Ahmed_Ahmed/Ahmed_Ahmed_0001.jpg,Mike_Smith/Mike_Smith_0001.jpg,0,scored,0.13703440129756927,0.40350908041000366,0,1
904,1,Al_Sharpton/Al_Sharpton_0005.jpg,Cole_Chapman/Cole_Chapman_0001.jpg,0,scored,-0.20896396040916443,0.40350908041000366,0,1
905,1,Alberto_Sordi/Alberto_Sordi_0001.jpg,James_Cameron/James_Cameron_0002.jpg,0,scored,0.13900399208068848,0.40350908041000366,0,1
906,1,Alejandro_Lerner/Alejandro_Lerner_0001.jpg,Jesper_Parnevik/Jesper_Parnevik_0001.jpg,0,scored,-0.0709603875875473,0.40350908041000366,0,1
907,1,Alejandro_Lerner/Alejandro_Lerner_0001.jpg,TA_McLendon/TA_McLendon_0001.jpg,0,scored,-0.08000624179840088,0.40350908041000366,0,1
908,1,Alex_Penelas/Alex_Penelas_0001.jpg,Robin_Johansen/Robin_Johansen_0001.jpg,0,scored,0.17430585622787476,0.40350908041000366,0,1
909,1,Alex_Penelas/Alex_Penelas_0002.jpg,Gretchen_Mol/Gretchen_Mol_0001.jpg,0,scored,0.153329998254776,0.40350908041000366,0,1
910,1,Alexandra_Stevenson/Alexandra_Stevenson_0003.jpg,Ronde_Barber/Ronde_Barber_0001.jpg,0,scored,0.11133100837469101,0.40350908041000366,0,1
911,1,Ali_Adbul_Karim_Madani/Ali_Adbul_Karim_Madani_0001.jpg,Carey_Lowell/Carey_Lowell_0001.jpg,0,scored,-0.053302280604839325,0.40350908041000366,0,1
912,1,Ali_Mohammed_Maher/Ali_Mohammed_Maher_0001.jpg,Isabela_Moraes/Isabela_Moraes_0001.jpg,0,scored,0.01382998563349247,0.40350908041000366,0,1
913,1,Ali_Mohammed_Maher/Ali_Mohammed_Maher_0001.jpg,Isidro_Pastor/Isidro_Pastor_0001.jpg,0,scored,0.18790052831172943,0.40350908041000366,0,1
914,1,Alicia_Silverstone/Alicia_Silverstone_0002.jpg,Jennifer_Thompson/Jennifer_Thompson_0001.jpg,0,scored,0.31875038146972656,0.40350908041000366,0,1
915,1,Alicia_Silverstone/Alicia_Silverstone_0002.jpg,Jonathan_Tiomkin/Jonathan_Tiomkin_0001.jpg,0,scored,-0.08306348323822021,0.40350908041000366,0,1
916,1,Alicia_Silverstone/Alicia_Silverstone_0002.jpg,Serge_Tchuruk/Serge_Tchuruk_0001.jpg,0,scored,-0.004004025831818581,0.40350908041000366,0,1
917,1,Andre_Agassi/Andre_Agassi_0031.jpg,Boris_Jordan/Boris_Jordan_0001.jpg,0,scored,0.23181617259979248,0.40350908041000366,0,1
918,1,Andre_Techine/Andre_Techine_0001.jpg,Lloyd_Richards/Lloyd_Richards_0001.jpg,0,scored,-0.05776028707623482,0.40350908041000366,0,1
919,1,Andy_Benes/Andy_Benes_0001.jpg,Doug_Moe/Doug_Moe_0001.jpg,0,scored,0.25862351059913635,0.40350908041000366,0,1
920,1,Andy_Benes/Andy_Benes_0001.jpg,Mitar_Rasevic/Mitar_Rasevic_0001.jpg,0,scored,-0.007646198384463787,0.40350908041000366,0,1
921,1,Andy_Bryant/Andy_Bryant_0001.jpg,Mike_Slive/Mike_Slive_0001.jpg,0,scored,0.002258971333503723,0.40350908041000366,0,1
922,1,Anna_Kournikova/Anna_Kournikova_0008.jpg,Colin_Farrell/Colin_Farrell_0001.jpg,0,scored,-0.10098165273666382,0.40350908041000366,0,1
923,1,Anne_ONeil/Anne_ONeil_0001.jpg,Sophie/Sophie_0001.jpg,0,scored,0.11274663358926773,0.40350908041000366,0,1
924,1,Anthony_Lee_Johnson/Anthony_Lee_Johnson_0001.jpg,Dave_Williams/Dave_Williams_0001.jpg,0,scored,-0.24548165500164032,0.40350908041000366,0,1
925,1,Arnold_Palmer/Arnold_Palmer_0001.jpg,Stephanie_Zimbalist/Stephanie_Zimbalist_0001.jpg,0,scored,0.048269160091876984,0.40350908041000366,0,1
926,1,Arnold_Palmer/Arnold_Palmer_0003.jpg,Charles_Kartman/Charles_Kartman_0001.jpg,0,scored,0.11549501121044159,0.40350908041000366,0,1
927,1,Aron_Ralston/Aron_Ralston_0001.jpg,Bill_Fennelly/Bill_Fennelly_0001.jpg,0,scored,0.21270862221717834,0.40350908041000366,0,1
928,1,Bart_Hendricks/Bart_Hendricks_0001.jpg,Philippe_Noiret/Philippe_Noiret_0001.jpg,0,scored,0.0939335748553276,0.40350908041000366,0,1
929,1,Ben_Kingsley/Ben_Kingsley_0001.jpg,Daryl_Hannah/Daryl_Hannah_0001.jpg,0,scored,0.02772543951869011,0.40350908041000366,0,1
930,1,Ben_Kingsley/Ben_Kingsley_0001.jpg,Jean_Nagel/Jean_Nagel_0001.jpg,0,scored,0.11584560573101044,0.40350908041000366,0,1
931,1,Ben_Kingsley/Ben_Kingsley_0001.jpg,Perry_Farrell/Perry_Farrell_0001.jpg,0,scored,0.09578829258680344,0.40350908041000366,0,1
932,1,Benjamin_Neulander/Benjamin_Neulander_0001.jpg,Robin_Tunney/Robin_Tunney_0001.jpg,0,scored,0.031690001487731934,0.40350908041000366,0,1
933,1,Bernardo_Segura/Bernardo_Segura_0001.jpg,Debra_Shank/Debra_Shank_0001.jpg,0,scored,-0.1651672124862671,0.40350908041000366,0,1
934,1,Bernardo_Segura/Bernardo_Segura_0002.jpg,Douglas_Paal/Douglas_Paal_0001.jpg,0,scored,0.22404053807258606,0.40350908041000366,0,1
935,1,Bernardo_Segura/Bernardo_Segura_0002.jpg,Jeanette_Stauffer/Jeanette_Stauffer_0001.jpg,0,scored,-0.1457185298204422,0.40350908041000366,0,1
936,1,Bill_Pryor/Bill_Pryor_0001.jpg,Ronde_Barber/Ronde_Barber_0001.jpg,0,scored,-0.15240497887134552,0.40350908041000366,0,1
937,1,Bob_Melvin/Bob_Melvin_0001.jpg,Richard_Hamilton/Richard_Hamilton_0001.jpg,0,scored,-0.13917124271392822,0.40350908041000366,0,1
938,1,Bob_Stoops/Bob_Stoops_0003.jpg,Wayne_Allard/Wayne_Allard_0001.jpg,0,scored,0.06375636905431747,0.40350908041000366,0,1
939,1,Bobby_Jackson/Bobby_Jackson_0001.jpg,Bruce_Gebhardt/Bruce_Gebhardt_0001.jpg,0,scored,-0.1646893322467804,0.40350908041000366,0,1
940,1,Bobby_Jackson/Bobby_Jackson_0001.jpg,JP_Suarez/JP_Suarez_0001.jpg,0,scored,-0.1658635139465332,0.40350908041000366,0,1
941,1,Bobby_Jackson/Bobby_Jackson_0001.jpg,Madge_Overhouse/Madge_Overhouse_0001.jpg,0,scored,0.02455311082303524,0.40350908041000366,0,1
942,1,Bobby_Jackson/Bobby_Jackson_0001.jpg,Nicola_Wells/Nicola_Wells_0001.jpg,0,scored,0.1926148235797882,0.40350908041000366,0,1
943,1,Bobby_Robson/Bobby_Robson_0001.jpg,Rollie_Massimino/Rollie_Massimino_0001.jpg,0,scored,0.19411860406398773,0.40350908041000366,0,1
944,1,Bode_Miller/Bode_Miller_0001.jpg,David_Howard/David_Howard_0001.jpg,0,scored,-0.05653664842247963,0.40350908041000366,0,1
945,1,Bode_Miller/Bode_Miller_0001.jpg,Steffi_Graf/Steffi_Graf_0001.jpg,0,scored,-0.015414389781653881,0.40350908041000366,0,1
946,1,Boris_Jordan/Boris_Jordan_0001.jpg,Kim_Weeks/Kim_Weeks_0001.jpg,0,scored,-0.0061915419064462185,0.40350908041000366,0,1
947,1,Boris_Jordan/Boris_Jordan_0001.jpg,Vincent_Sombrotto/Vincent_Sombrotto_0001.jpg,0,scored,0.040785808116197586,0.40350908041000366,0,1
948,1,Brad_Alexander_Smith/Brad_Alexander_Smith_0001.jpg,Jason_Alexander/Jason_Alexander_0002.jpg,0,scored,-0.053323715925216675,0.40350908041000366,0,1
949,1,Brad_Alexander_Smith/Brad_Alexander_Smith_0001.jpg,Kate_Lee/Kate_Lee_0001.jpg,0,scored,0.0421554371714592,0.40350908041000366,0,1
950,1,Brad_Alexander_Smith/Brad_Alexander_Smith_0001.jpg,Tatiana_Gratcheva/Tatiana_Gratcheva_0001.jpg,0,scored,-0.13656285405158997,0.40350908041000366,0,1
951,1,Brandon_Webb/Brandon_Webb_0001.jpg,Helmut_Panke/Helmut_Panke_0001.jpg,0,scored,-0.26290062069892883,0.40350908041000366,0,1
952,1,Brandon_Webb/Brandon_Webb_0001.jpg,Larry_Hahn/Larry_Hahn_0001.jpg,0,scored,-0.002701707184314728,0.40350908041000366,0,1
953,1,Brandon_Webb/Brandon_Webb_0001.jpg,Ryan_Leaf/Ryan_Leaf_0001.jpg,0,scored,0.0183243528008461,0.40350908041000366,0,1
954,1,Brennon_Leighton/Brennon_Leighton_0001.jpg,Laurel_Clark/Laurel_Clark_0001.jpg,0,scored,0.07581073045730591,0.40350908041000366,0,1
955,1,Brett_Hawke/Brett_Hawke_0001.jpg,Teri_Files/Teri_Files_0001.jpg,0,scored,0.09866765141487122,0.40350908041000366,0,1
956,1,Bruce_Gebhardt/Bruce_Gebhardt_0001.jpg,Jean-Luc_Bideau/Jean-Luc_Bideau_0001.jpg,0,scored,0.25450268387794495,0.40350908041000366,0,1
957,1,Bruce_Gebhardt/Bruce_Gebhardt_0001.jpg,Masao_Azuma/Masao_Azuma_0001.jpg,0,scored,0.09986454248428345,0.40350908041000366,0,1
958,1,Bryan_Cooley/Bryan_Cooley_0001.jpg,Katie_Harman/Katie_Harman_0003.jpg,0,scored,-0.007126066833734512,0.40350908041000366,0,1
959,1,Bryan_Murray/Bryan_Murray_0001.jpg,Eric_Schacht/Eric_Schacht_0001.jpg,0,scored,-0.0373804047703743,0.40350908041000366,0,1
960,1,Bryan_Murray/Bryan_Murray_0001.jpg,Mikhail_Youzhny/Mikhail_Youzhny_0001.jpg,0,scored,0.2791273891925812,0.40350908041000366,0,1
961,1,Bryan_Murray/Bryan_Murray_0001.jpg,Mitchell_Daniels/Mitchell_Daniels_0002.jpg,0,scored,0.08235552906990051,0.40350908041000366,0,1
962,1,Camille_Colvin/Camille_Colvin_0001.jpg,Irina_Yatchenko/Irina_Yatchenko_0001.jpg,0,scored,0.15631340444087982,0.40350908041000366,0,1
963,1,Carey_Lowell/Carey_Lowell_0001.jpg,Charlie_Coles/Charlie_Coles_0001.jpg,0,scored,0.21090035140514374,0.40350908041000366,0,1
964,1,Carl_Pope/Carl_Pope_0001.jpg,Larry_Hahn/Larry_Hahn_0001.jpg,0,scored,0.17503121495246887,0.40350908041000366,0,1
965,1,Carolina_Barco/Carolina_Barco_0001.jpg,Daryl_Hannah/Daryl_Hannah_0001.jpg,0,scored,0.11569207906723022,0.40350908041000366,0,1
966,1,Carolina_Barco/Carolina_Barco_0001.jpg,Lindsay_Davenport/Lindsay_Davenport_0022.jpg,0,scored,0.0009910576045513153,0.40350908041000366,0,1
967,1,Carolina_Barco/Carolina_Barco_0001.jpg,Norodom_Sihanouk/Norodom_Sihanouk_0001.jpg,0,scored,0.0624924898147583,0.40350908041000366,0,1
968,1,Caroline_Kennedy/Caroline_Kennedy_0003.jpg,Henry_Suazo/Henry_Suazo_0001.jpg,0,scored,0.19289958477020264,0.40350908041000366,0,1
969,1,Catherine_Bell/Catherine_Bell_0001.jpg,Guillaume_Cannet/Guillaume_Cannet_0001.jpg,0,scored,-0.02887772209942341,0.40350908041000366,0,1
970,1,Catherine_Zeta-Jones/Catherine_Zeta-Jones_0010.jpg,Pier_Ferdinando_Casini/Pier_Ferdinando_Casini_0001.jpg,0,scored,0.018199145793914795,0.40350908041000366,0,1
971,1,Catherine_Zeta-Jones/Catherine_Zeta-Jones_0011.jpg,Hayley_Tullett/Hayley_Tullett_0002.jpg,0,scored,-0.06359932571649551,0.40350908041000366,0,1
972,1,Celso_Amorim/Celso_Amorim_0002.jpg,Juljia_Vysotskij/Juljia_Vysotskij_0001.jpg,0,scored,-0.032258290797472,0.40350908041000366,0,1
973,1,Celso_Amorim/Celso_Amorim_0002.jpg,Kevin_Costner/Kevin_Costner_0001.jpg,0,scored,-0.2920167148113251,0.40350908041000366,0,1
974,1,Celso_Amorim/Celso_Amorim_0002.jpg,Thomas_Stewart/Thomas_Stewart_0001.jpg,0,scored,0.2438315898180008,0.40350908041000366,0,1
975,1,Chanda_Rubin/Chanda_Rubin_0003.jpg,Richard_Tubb/Richard_Tubb_0001.jpg,0,scored,-0.2572440803050995,0.40350908041000366,0,1
976,1,Chante_Jawan_Mallard/Chante_Jawan_Mallard_0001.jpg,Stephen_Glassroth/Stephen_Glassroth_0001.jpg,0,scored,0.0053365956991910934,0.40350908041000366,0,1
977,1,Chante_Jawan_Mallard/Chante_Jawan_Mallard_0001.jpg,Vicente_Fox/Vicente_Fox_0023.jpg,0,scored,-0.04226651415228844,0.40350908041000366,0,1
978,1,Charles_Bronson/Charles_Bronson_0002.jpg,Hu_Jintao/Hu_Jintao_0004.jpg,0,scored,-0.07449781149625778,0.40350908041000366,0,1
979,1,Charles_Kartman/Charles_Kartman_0001.jpg,Debra_Shank/Debra_Shank_0001.jpg,0,scored,0.1006193682551384,0.40350908041000366,0,1
980,1,Charles_Schumer/Charles_Schumer_0002.jpg,James_Watt/James_Watt_0001.jpg,0,scored,0.1174020767211914,0.40350908041000366,0,1
981,1,Charles_Schumer/Charles_Schumer_0002.jpg,Justin_Gatlin/Justin_Gatlin_0002.jpg,0,scored,0.15051895380020142,0.40350908041000366,0,1
982,1,Charles_Schumer/Charles_Schumer_0002.jpg,Lionel_Chalmers/Lionel_Chalmers_0001.jpg,0,scored,0.20865002274513245,0.40350908041000366,0,1
983,1,Chris_Rock/Chris_Rock_0002.jpg,Dalai_Lama/Dalai_Lama_0001.jpg,0,scored,-0.13387373089790344,0.40350908041000366,0,1
984,1,Christine_Baumgartner/Christine_Baumgartner_0002.jpg,Vincent_Sombrotto/Vincent_Sombrotto_0001.jpg,0,scored,-0.04106849059462547,0.40350908041000366,0,1
985,1,Christine_Baumgartner/Christine_Baumgartner_0003.jpg,Lars_Burgsmuller/Lars_Burgsmuller_0001.jpg,0,scored,0.023619389161467552,0.40350908041000366,0,1
986,1,Chyung_Dai-chul/Chyung_Dai-chul_0001.jpg,Dan_Reeves/Dan_Reeves_0001.jpg,0,scored,0.10271717607975006,0.40350908041000366,0,1
987,1,Cindy_Moll/Cindy_Moll_0001.jpg,Daniel_Radcliffe/Daniel_Radcliffe_0003.jpg,0,scored,0.04561662673950195,0.40350908041000366,0,1
988,1,Cindy_Moll/Cindy_Moll_0001.jpg,James_McPherson/James_McPherson_0001.jpg,0,scored,-0.0285178292542696,0.40350908041000366,0,1
989,1,Cindy_Moll/Cindy_Moll_0001.jpg,Robin_Johansen/Robin_Johansen_0001.jpg,0,scored,0.2769821286201477,0.40350908041000366,0,1
990,1,Claire_De_Gryse/Claire_De_Gryse_0001.jpg,Deb_Santos/Deb_Santos_0001.jpg,0,scored,0.19137313961982727,0.40350908041000366,0,1
991,1,Claire_Tomalin/Claire_Tomalin_0001.jpg,Steve_Case/Steve_Case_0001.jpg,0,scored,-0.19308967888355255,0.40350908041000366,0,1
992,1,Clay_Campbell/Clay_Campbell_0001.jpg,Leonardo_DiCaprio/Leonardo_DiCaprio_0002.jpg,0,scored,0.003259073942899704,0.40350908041000366,0,1
993,1,Cole_Chapman/Cole_Chapman_0001.jpg,Marisol_Martinez_Sambran/Marisol_Martinez_Sambran_0001.jpg,0,scored,-0.21408897638320923,0.40350908041000366,0,1
994,1,Colin_Phillips/Colin_Phillips_0001.jpg,Ian_McKellen/Ian_McKellen_0003.jpg,0,scored,0.000620061531662941,0.40350908041000366,0,1
995,1,Colin_Phillips/Colin_Phillips_0001.jpg,Lloyd_Richards/Lloyd_Richards_0001.jpg,0,scored,0.0862123891711235,0.40350908041000366,0,1
996,1,Colin_Prescot/Colin_Prescot_0001.jpg,Laurie_Hobbs/Laurie_Hobbs_0001.jpg,0,scored,-0.12311818450689316,0.40350908041000366,0,1
997,1,Connie_Freydell/Connie_Freydell_0001.jpg,Tommy_Maddox/Tommy_Maddox_0001.jpg,0,scored,0.02625191956758499,0.40350908041000366,0,1
998,1,Craig_OClair/Craig_OClair_0001.jpg,Steve_Avery/Steve_Avery_0001.jpg,0,scored,-0.04330795258283615,0.40350908041000366,0,1
999,1,Damarius_Bilbo/Damarius_Bilbo_0001.jpg,Juljia_Vysotskij/Juljia_Vysotskij_0001.jpg,0,scored,0.03285462036728859,0.40350908041000366,0,1
1000,1,Damon_Dash/Damon_Dash_0001.jpg,Henry_Suazo/Henry_Suazo_0001.jpg,0,scored,0.3617267310619354,0.40350908041000366,0,1
1001,1,Daniel_Comisso_Urdaneta/Daniel_Comisso_Urdaneta_0001.jpg,Larry_Ralston/Larry_Ralston_0001.jpg,0,scored,-0.09521875530481339,0.40350908041000366,0,1
1002,1,Daniel_Radcliffe/Daniel_Radcliffe_0003.jpg,Diane_Green/Diane_Green_0002.jpg,0,scored,0.3445303440093994,0.40350908041000366,0,1
1003,1,Daniel_Radcliffe/Daniel_Radcliffe_0003.jpg,Rick_Barnes/Rick_Barnes_0002.jpg,0,scored,-0.04879205673933029,0.40350908041000366,0,1
1004,1,Daniel_Radcliffe/Daniel_Radcliffe_0003.jpg,Vicente_Fox/Vicente_Fox_0032.jpg,0,scored,-0.31578850746154785,0.40350908041000366,0,1
1005,1,Dany_Heatley/Dany_Heatley_0001.jpg,Richard_Parsons/Richard_Parsons_0001.jpg,0,scored,-0.07259039580821991,0.40350908041000366,0,1
1006,1,Dany_Heatley/Dany_Heatley_0001.jpg,Terry_Hoeppner/Terry_Hoeppner_0001.jpg,0,scored,0.0013596806675195694,0.40350908041000366,0,1
1007,1,Dave_Odom/Dave_Odom_0001.jpg,Maritza_Macias_Furano/Maritza_Macias_Furano_0001.jpg,0,scored,0.23524519801139832,0.40350908041000366,0,1
1008,1,David_Beckham/David_Beckham_0022.jpg,Laura_Morante/Laura_Morante_0001.jpg,0,scored,-0.15029692649841309,0.40350908041000366,0,1
1009,1,David_Duval/David_Duval_0001.jpg,Philippe_Noiret/Philippe_Noiret_0002.jpg,0,scored,0.03109823912382126,0.40350908041000366,0,1
1010,1,David_Ho/David_Ho_0001.jpg,Doug_Moe/Doug_Moe_0001.jpg,0,scored,-0.07335948944091797,0.40350908041000366,0,1
1011,1,David_Ho/David_Ho_0001.jpg,Erskine_Bowles/Erskine_Bowles_0001.jpg,0,scored,0.17658904194831848,0.40350908041000366,0,1
1012,1,David_Ho/David_Ho_0001.jpg,Evander_Holyfield/Evander_Holyfield_0001.jpg,0,scored,-0.1879713237285614,0.40350908041000366,0,1
1013,1,David_Howard/David_Howard_0001.jpg,Hugo_Conte/Hugo_Conte_0001.jpg,0,scored,0.10374891757965088,0.40350908041000366,0,1
1014,1,Denzel_Washington/Denzel_Washington_0004.jpg,Henry_Suazo/Henry_Suazo_0001.jpg,0,scored,0.17442908883094788,0.40350908041000366,0,1
1015,1,Des_Brown/Des_Brown_0001.jpg,Eliott_Spitzer/Eliott_Spitzer_0001.jpg,0,scored,-0.12290441989898682,0.40350908041000366,0,1
1016,1,Des_Brown/Des_Brown_0001.jpg,Svetislav_Pesic/Svetislav_Pesic_0001.jpg,0,scored,0.17212793231010437,0.40350908041000366,0,1
1017,1,Diana_Ross/Diana_Ross_0001.jpg,Rick_Rickert/Rick_Rickert_0001.jpg,0,scored,0.07476656138896942,0.40350908041000366,0,1
1018,1,Dianne_Feinstein/Dianne_Feinstein_0003.jpg,Dwayne_Johnson/Dwayne_Johnson_0002.jpg,0,scored,-0.10984932631254196,0.40350908041000366,0,1
1019,1,Dick_Clark/Dick_Clark_0003.jpg,Manfred_Stolpe/Manfred_Stolpe_0001.jpg,0,scored,0.20356500148773193,0.40350908041000366,0,1
1020,1,Dino_Risi/Dino_Risi_0001.jpg,Gabriel_Farhi/Gabriel_Farhi_0001.jpg,0,scored,-0.2488085776567459,0.40350908041000366,0,1
1021,1,Doc_Rivers/Doc_Rivers_0001.jpg,Melissa_Joan_Hart/Melissa_Joan_Hart_0001.jpg,0,scored,-0.0863288938999176,0.40350908041000366,0,1
1022,1,Dominick_Dunne/Dominick_Dunne_0001.jpg,Nicoletta_Braschi/Nicoletta_Braschi_0001.jpg,0,scored,0.01108220499008894,0.40350908041000366,0,1
1023,1,Don_Flanagan/Don_Flanagan_0001.jpg,Ed_Sullivan/Ed_Sullivan_0001.jpg,0,scored,-0.17620915174484253,0.40350908041000366,0,1
1024,1,Don_Flanagan/Don_Flanagan_0001.jpg,Ratna_Sari_Dewi_Sukarno/Ratna_Sari_Dewi_Sukarno_0001.jpg,0,scored,-0.05665908753871918,0.40350908041000366,0,1
1025,1,Donald_Keyser/Donald_Keyser_0001.jpg,Salma_Hayek/Salma_Hayek_0002.jpg,0,scored,0.35238757729530334,0.40350908041000366,0,1
1026,1,Douglas_Paal/Douglas_Paal_0001.jpg,Ed_Sullivan/Ed_Sullivan_0001.jpg,0,scored,0.15514668822288513,0.40350908041000366,0,1
1027,1,Douglas_Paal/Douglas_Paal_0001.jpg,Richard_Hamilton/Richard_Hamilton_0001.jpg,0,scored,-0.08251303434371948,0.40350908041000366,0,1
1028,1,Dusty_Baker/Dusty_Baker_0001.jpg,Saddam_Hussein/Saddam_Hussein_0002.jpg,0,scored,0.10813301801681519,0.40350908041000366,0,1
1029,1,Ed_Rendell/Ed_Rendell_0001.jpg,Jamie_Dimon/Jamie_Dimon_0001.jpg,0,scored,-0.19429045915603638,0.40350908041000366,0,1
1030,1,Ed_Rendell/Ed_Rendell_0001.jpg,Richard_Cohen/Richard_Cohen_0001.jpg,0,scored,-0.4051557779312134,0.40350908041000366,0,1
1031,1,Eddie_Murray/Eddie_Murray_0001.jpg,Kevin_Costner/Kevin_Costner_0007.jpg,0,scored,-0.20832714438438416,0.40350908041000366,0,1
1032,1,Elaine_Stritch/Elaine_Stritch_0001.jpg,Richard_Parsons/Richard_Parsons_0001.jpg,0,scored,0.009461171925067902,0.40350908041000366,0,1
1033,1,Elena_Tihomirova/Elena_Tihomirova_0001.jpg,Mike_Slive/Mike_Slive_0001.jpg,0,scored,-0.1818966269493103,0.40350908041000366,0,1
1034,1,Elena_Tihomirova/Elena_Tihomirova_0001.jpg,Mohammed_Abu_Sharia/Mohammed_Abu_Sharia_0001.jpg,0,scored,0.03836449235677719,0.40350908041000366,0,1
1035,1,Eric_Schacht/Eric_Schacht_0001.jpg,Jennifer_Keller/Jennifer_Keller_0002.jpg,0,scored,-0.1097746267914772,0.40350908041000366,0,1
1036,1,Erik_Morales/Erik_Morales_0003.jpg,Werner_Schlager/Werner_Schlager_0001.jpg,0,scored,-0.029490703716874123,0.40350908041000366,0,1
1037,1,Erin_Brockovich/Erin_Brockovich_0001.jpg,Henry_Suazo/Henry_Suazo_0001.jpg,0,scored,0.07629493623971939,0.40350908041000366,0,1
1038,1,Erin_Brockovich/Erin_Brockovich_0001.jpg,Mike_Carona/Mike_Carona_0001.jpg,0,scored,0.060651008039712906,0.40350908041000366,0,1
1039,1,Evan_Rachel_Wood/Evan_Rachel_Wood_0001.jpg,Sharon_Frey/Sharon_Frey_0001.jpg,0,scored,0.13284310698509216,0.40350908041000366,0,1
1040,1,Evander_Holyfield/Evander_Holyfield_0001.jpg,Julio_Rossi/Julio_Rossi_0001.jpg,0,scored,-0.080813929438591,0.40350908041000366,0,1
1041,1,Evander_Holyfield/Evander_Holyfield_0001.jpg,Michael_Jordan/Michael_Jordan_0003.jpg,0,scored,0.2201981544494629,0.40350908041000366,0,1
1042,1,Evander_Holyfield/Evander_Holyfield_0001.jpg,Mike_Carona/Mike_Carona_0001.jpg,0,scored,0.27469855546951294,0.40350908041000366,0,1
1043,1,Fatmir_Limaj/Fatmir_Limaj_0001.jpg,Todd_Haynes/Todd_Haynes_0004.jpg,0,scored,0.3238266706466675,0.40350908041000366,0,1
1044,1,Felicity_Huffman/Felicity_Huffman_0001.jpg,Nelson_Acosta/Nelson_Acosta_0001.jpg,0,scored,-0.01498719584196806,0.40350908041000366,0,1
1045,1,Felipe_De_Borbon/Felipe_De_Borbon_0001.jpg,Jose_Bove/Jose_Bove_0001.jpg,0,scored,0.004152771085500717,0.40350908041000366,0,1
1046,1,Frank_Cassell/Frank_Cassell_0002.jpg,Jesper_Parnevik/Jesper_Parnevik_0001.jpg,0,scored,-0.18570461869239807,0.40350908041000366,0,1
1047,1,Frank_Cassell/Frank_Cassell_0003.jpg,Ronde_Barber/Ronde_Barber_0001.jpg,0,scored,0.13076341152191162,0.40350908041000366,0,1
1048,1,Fred_Durst/Fred_Durst_0001.jpg,Marisol_Martinez_Sambran/Marisol_Martinez_Sambran_0001.jpg,0,scored,-0.12596647441387177,0.40350908041000366,0,1
1049,1,Fred_Durst/Fred_Durst_0001.jpg,Shavon_Earp/Shavon_Earp_0001.jpg,0,scored,0.09197542071342468,0.40350908041000366,0,1
1050,1,Fujio_Cho/Fujio_Cho_0001.jpg,Javier_Vargas/Javier_Vargas_0001.jpg,0,scored,0.10659215599298477,0.40350908041000366,0,1
1051,1,Fujio_Cho/Fujio_Cho_0002.jpg,Tatsuya_Fuji/Tatsuya_Fuji_0001.jpg,0,scored,0.14043571054935455,0.40350908041000366,0,1
1052,1,Fujio_Cho/Fujio_Cho_0003.jpg,Michael_Brandon/Michael_Brandon_0001.jpg,0,scored,0.1539476215839386,0.40350908041000366,0,1
1053,1,Fujio_Cho/Fujio_Cho_0006.jpg,Olene_Walker/Olene_Walker_0001.jpg,0,scored,-0.042399812489748,0.40350908041000366,0,1
1054,1,Gabriel_Farhi/Gabriel_Farhi_0001.jpg,Lars_Burgsmuller/Lars_Burgsmuller_0001.jpg,0,scored,-0.0867931917309761,0.40350908041000366,0,1
1055,1,Gao_Qiang/Gao_Qiang_0002.jpg,Kenneth_Brill/Kenneth_Brill_0001.jpg,0,scored,0.16746355593204498,0.40350908041000366,0,1
1056,1,Gary_Stevens/Gary_Stevens_0001.jpg,Wanda_Ilene_Barzee/Wanda_Ilene_Barzee_0001.jpg,0,scored,-0.2098238170146942,0.40350908041000366,0,1
1057,1,Geoff_Hoon/Geoff_Hoon_0001.jpg,Osama_bin_Laden/Osama_bin_Laden_0003.jpg,0,scored,-0.288760781288147,0.40350908041000366,0,1
1058,1,Geoff_Hoon/Geoff_Hoon_0003.jpg,Richard_Tubb/Richard_Tubb_0001.jpg,0,scored,0.3108178675174713,0.40350908041000366,0,1
1059,1,Geoff_Hoon/Geoff_Hoon_0005.jpg,Thomas_Stewart/Thomas_Stewart_0001.jpg,0,scored,0.1701788306236267,0.40350908041000366,0,1
1060,1,George_Brumley/George_Brumley_0001.jpg,Manfred_Stolpe/Manfred_Stolpe_0001.jpg,0,scored,-0.0073850397020578384,0.40350908041000366,0,1
1061,1,George_Brumley/George_Brumley_0001.jpg,Ryan_Leaf/Ryan_Leaf_0001.jpg,0,scored,-0.03369821980595589,0.40350908041000366,0,1
1062,1,George_Brumley/George_Brumley_0002.jpg,Sergei_Yushenkov/Sergei_Yushenkov_0001.jpg,0,scored,-0.3462398052215576,0.40350908041000366,0,1
1063,1,George_Papandreou/George_Papandreou_0002.jpg,Tatiana_Panova/Tatiana_Panova_0001.jpg,0,scored,0.0052377041429281235,0.40350908041000366,0,1
1064,1,George_Papandreou/George_Papandreou_0004.jpg,Larry_Lindsey/Larry_Lindsey_0002.jpg,0,scored,0.06764597445726395,0.40350908041000366,0,1
1065,1,George_Papandreou/George_Papandreou_0004.jpg,Paul_LeClerc/Paul_LeClerc_0001.jpg,0,scored,-0.06158250570297241,0.40350908041000366,0,1
1066,1,Ghassan_Elashi/Ghassan_Elashi_0001.jpg,Rick_Rickert/Rick_Rickert_0001.jpg,0,scored,0.078586146235466,0.40350908041000366,0,1
1067,1,Gloria_Allred/Gloria_Allred_0002.jpg,Roman_Tam/Roman_Tam_0001.jpg,0,scored,0.005920912139117718,0.40350908041000366,0,1
1068,1,Greg_Kinsey/Greg_Kinsey_0001.jpg,Priscilla_Presley/Priscilla_Presley_0001.jpg,0,scored,0.05408401042222977,0.40350908041000366,0,1
1069,1,Greg_Ostertag/Greg_Ostertag_0002.jpg,Kevin_Costner/Kevin_Costner_0006.jpg,0,scored,0.006898278836160898,0.40350908041000366,0,1
1070,1,Greg_Owen/Greg_Owen_0001.jpg,Mark_Sisk/Mark_Sisk_0001.jpg,0,scored,0.04275552183389664,0.40350908041000366,0,1
1071,1,Greg_Owen/Greg_Owen_0002.jpg,Mike_Smith/Mike_Smith_0001.jpg,0,scored,-0.006664968095719814,0.40350908041000366,0,1
1072,1,Gretchen_Mol/Gretchen_Mol_0001.jpg,Isabella_Rossellini/Isabella_Rossellini_0002.jpg,0,scored,0.19311964511871338,0.40350908041000366,0,1
1073,1,Gunilla_Backman/Gunilla_Backman_0001.jpg,Kathleen_Abernathy/Kathleen_Abernathy_0001.jpg,0,scored,-0.022458555176854134,0.40350908041000366,0,1
1074,1,Hanan_Ashrawi/Hanan_Ashrawi_0001.jpg,Mario_Kreutzberger/Mario_Kreutzberger_0002.jpg,0,scored,0.1734045296907425,0.40350908041000366,0,1
1075,1,Hans_Leistritz/Hans_Leistritz_0001.jpg,Saddam_Hussein/Saddam_Hussein_0018.jpg,0,scored,-0.31785449385643005,0.40350908041000366,0,1
1076,1,Hans_Leistritz/Hans_Leistritz_0001.jpg,Sue_Grafton/Sue_Grafton_0001.jpg,0,scored,0.09448699653148651,0.40350908041000366,0,1
1077,1,Hans_Peter_Briegel/Hans_Peter_Briegel_0001.jpg,Theresa_May/Theresa_May_0002.jpg,0,scored,-0.07555954158306122,0.40350908041000366,0,1
1078,1,Harriet_Lessy/Harriet_Lessy_0001.jpg,Mike_Carona/Mike_Carona_0001.jpg,0,scored,-0.12422442436218262,0.40350908041000366,0,1
1079,1,Harry_Kalas/Harry_Kalas_0002.jpg,Joe_Strummer/Joe_Strummer_0001.jpg,0,scored,0.2898694574832916,0.40350908041000366,0,1
1080,1,Harry_Kalas/Harry_Kalas_0002.jpg,Lewis_Booth/Lewis_Booth_0001.jpg,0,scored,0.18117256462574005,0.40350908041000366,0,1
1081,1,Hayley_Tullett/Hayley_Tullett_0001.jpg,Ian_McKellen/Ian_McKellen_0001.jpg,0,scored,-0.15043558180332184,0.40350908041000366,0,1
1082,1,Henry_Suazo/Henry_Suazo_0001.jpg,Ratna_Sari_Dewi_Sukarno/Ratna_Sari_Dewi_Sukarno_0001.jpg,0,scored,-0.1731410026550293,0.40350908041000366,0,1
1083,1,Hernan_Crespo/Hernan_Crespo_0001.jpg,Ronde_Barber/Ronde_Barber_0001.jpg,0,scored,0.1460953652858734,0.40350908041000366,0,1
1084,1,Hiroyuki_Yoshino/Hiroyuki_Yoshino_0001.jpg,Rollie_Massimino/Rollie_Massimino_0001.jpg,0,scored,-0.09320954978466034,0.40350908041000366,0,1
1085,1,Hu_Jintao/Hu_Jintao_0006.jpg,Jerome_Jenkins/Jerome_Jenkins_0001.jpg,0,scored,-0.2500457167625427,0.40350908041000366,0,1
1086,1,Hugh_Jessiman/Hugh_Jessiman_0001.jpg,Solomon_Passy/Solomon_Passy_0001.jpg,0,scored,-0.19341343641281128,0.40350908041000366,0,1
1087,1,Hugh_Jessiman/Hugh_Jessiman_0001.jpg,TA_McLendon/TA_McLendon_0001.jpg,0,scored,-0.06314527988433838,0.40350908041000366,0,1
1088,1,Hugo_Conte/Hugo_Conte_0001.jpg,Laurent_Woulzy/Laurent_Woulzy_0001.jpg,0,scored,-0.07452316582202911,0.40350908041000366,0,1
1089,1,Irina_Yatchenko/Irina_Yatchenko_0001.jpg,Katie_Harman/Katie_Harman_0002.jpg,0,scored,0.17552217841148376,0.40350908041000366,0,1
1090,1,Isidro_Pastor/Isidro_Pastor_0001.jpg,Mark_Butcher/Mark_Butcher_0001.jpg,0,scored,0.04045435041189194,0.40350908041000366,0,1
1091,1,Ismail_Merchant/Ismail_Merchant_0001.jpg,Mack_Brown/Mack_Brown_0002.jpg,0,scored,-0.1852898895740509,0.40350908041000366,0,1
1092,1,Ismail_Merchant/Ismail_Merchant_0002.jpg,Kathleen_Abernathy/Kathleen_Abernathy_0001.jpg,0,scored,-0.19344115257263184,0.40350908041000366,0,1
1093,1,Ivan_Helguera/Ivan_Helguera_0001.jpg,William_Donaldson/William_Donaldson_0004.jpg,0,scored,0.0396868921816349,0.40350908041000366,0,1
1094,1,Iveta_Benesova/Iveta_Benesova_0001.jpg,Jacques_Chirac/Jacques_Chirac_0050.jpg,0,scored,-0.011969022452831268,0.40350908041000366,0,1
1095,1,Jacques_Chirac/Jacques_Chirac_0020.jpg,Tzipora_Obziler/Tzipora_Obziler_0001.jpg,0,scored,-0.13385805487632751,0.40350908041000366,0,1
1096,1,Jacques_Chirac/Jacques_Chirac_0035.jpg,Richard_Shelby/Richard_Shelby_0002.jpg,0,scored,0.38556867837905884,0.40350908041000366,0,1
1097,1,James_Cameron/James_Cameron_0001.jpg,Richard_Shelby/Richard_Shelby_0002.jpg,0,scored,0.06234390661120415,0.40350908041000366,0,1
1098,1,James_McGreevey/James_McGreevey_0001.jpg,Katie_Harman/Katie_Harman_0002.jpg,0,scored,-0.09836427867412567,0.40350908041000366,0,1
1099,1,James_McGreevey/James_McGreevey_0001.jpg,Tzipora_Obziler/Tzipora_Obziler_0001.jpg,0,scored,-0.023452207446098328,0.40350908041000366,0,1
1100,1,James_Sensenbrenner/James_Sensenbrenner_0001.jpg,Jimmy_Smits/Jimmy_Smits_0001.jpg,0,scored,-0.007202410139143467,0.40350908041000366,0,1
1101,1,James_Sensenbrenner/James_Sensenbrenner_0001.jpg,Maria_Shkolnikova/Maria_Shkolnikova_0001.jpg,0,scored,0.012558603659272194,0.40350908041000366,0,1
1102,1,James_Watt/James_Watt_0001.jpg,Priscilla_Presley/Priscilla_Presley_0002.jpg,0,scored,0.0666421577334404,0.40350908041000366,0,1
1103,1,Jamie_Dimon/Jamie_Dimon_0001.jpg,Robert_Korzeniowski/Robert_Korzeniowski_0001.jpg,0,scored,0.030109839513897896,0.40350908041000366,0,1
1104,1,Jason_Alexander/Jason_Alexander_0001.jpg,Mike_Maroth/Mike_Maroth_0001.jpg,0,scored,-0.060729146003723145,0.40350908041000366,0,1
1105,1,Jason_Alexander/Jason_Alexander_0001.jpg,Wayne_Allard/Wayne_Allard_0001.jpg,0,scored,-0.12813089787960052,0.40350908041000366,0,1
1106,1,Jason_Kidd/Jason_Kidd_0007.jpg,Louisa_Baileche/Louisa_Baileche_0001.jpg,0,scored,-0.25952187180519104,0.40350908041000366,0,1
1107,1,Javier_Vargas/Javier_Vargas_0001.jpg,Jesse_Helms/Jesse_Helms_0001.jpg,0,scored,-0.3001169264316559,0.40350908041000366,0,1
1108,1,Jeanette_Gray/Jeanette_Gray_0001.jpg,Keith_Fotta/Keith_Fotta_0001.jpg,0,scored,0.08157728612422943,0.40350908041000366,0,1
1109,1,Jeanette_Stauffer/Jeanette_Stauffer_0001.jpg,Marie-Josee_Croze/Marie-Josee_Croze_0001.jpg,0,scored,-0.1221756786108017,0.40350908041000366,0,1
1110,1,Jeffrey_Donaldson/Jeffrey_Donaldson_0001.jpg,Leonardo_DiCaprio/Leonardo_DiCaprio_0008.jpg,0,scored,0.049948062747716904,0.40350908041000366,0,1
1111,1,Jeffrey_Donaldson/Jeffrey_Donaldson_0001.jpg,Peter_Bacanovic/Peter_Bacanovic_0001.jpg,0,scored,0.17056050896644592,0.40350908041000366,0,1
1112,1,Jennifer_Connelly/Jennifer_Connelly_0004.jpg,Martin_Bandier/Martin_Bandier_0001.jpg,0,scored,-0.025921357795596123,0.40350908041000366,0,1
1113,1,Jesper_Parnevik/Jesper_Parnevik_0001.jpg,Justin_Gatlin/Justin_Gatlin_0002.jpg,0,scored,0.1369471549987793,0.40350908041000366,0,1
1114,1,Jimmy_Smits/Jimmy_Smits_0001.jpg,Robin_Johansen/Robin_Johansen_0001.jpg,0,scored,-0.043801575899124146,0.40350908041000366,0,1
1115,1,Jimmy_Smits/Jimmy_Smits_0001.jpg,Shane_Hmiel/Shane_Hmiel_0001.jpg,0,scored,0.07885981351137161,0.40350908041000366,0,1
1116,1,Joe_Crede/Joe_Crede_0001.jpg,Tom_DeLay/Tom_DeLay_0001.jpg,0,scored,0.04619226232171059,0.40350908041000366,0,1
1117,1,John_Burkett/John_Burkett_0001.jpg,Leonardo_DiCaprio/Leonardo_DiCaprio_0002.jpg,0,scored,0.24236728250980377,0.40350908041000366,0,1
1118,1,John_McKay/John_McKay_0001.jpg,Mary_Sue_Coleman/Mary_Sue_Coleman_0001.jpg,0,scored,-0.08383817970752716,0.40350908041000366,0,1
1119,1,Johnny_Hallyday/Johnny_Hallyday_0001.jpg,Olene_Walker/Olene_Walker_0001.jpg,0,scored,-0.0564718022942543,0.40350908041000366,0,1
1120,1,Jonathan_Tiomkin/Jonathan_Tiomkin_0001.jpg,Rita_Grande/Rita_Grande_0002.jpg,0,scored,-0.00621451810002327,0.40350908041000366,0,1
1121,1,Jorge_Rodolfo_Canicoba_Corral/Jorge_Rodolfo_Canicoba_Corral_0001.jpg,Wayne_Allard/Wayne_Allard_0001.jpg,0,scored,0.006297562271356583,0.40350908041000366,0,1
1122,1,Jose_Bove/Jose_Bove_0001.jpg,Juergen_Trittin/Juergen_Trittin_0001.jpg,0,scored,0.16801109910011292,0.40350908041000366,0,1
1123,1,Juljia_Vysotskij/Juljia_Vysotskij_0001.jpg,Patrick_Coleman/Patrick_Coleman_0001.jpg,0,scored,-0.23203831911087036,0.40350908041000366,0,1
1124,1,Kate_Lee/Kate_Lee_0001.jpg,Toshimitsu_Motegi/Toshimitsu_Motegi_0001.jpg,0,scored,-0.12134522199630737,0.40350908041000366,0,1
1125,1,Kathie_Louise_Saunders/Kathie_Louise_Saunders_0001.jpg,Roberto_Lavagna/Roberto_Lavagna_0001.jpg,0,scored,0.04312966763973236,0.40350908041000366,0,1
1126,1,Kathie_Louise_Saunders/Kathie_Louise_Saunders_0001.jpg,Rosalyn_Carter/Rosalyn_Carter_0001.jpg,0,scored,-0.3532460629940033,0.40350908041000366,0,1
1127,1,Kenneth_Branagh/Kenneth_Branagh_0001.jpg,Pinar_del_Rio/Pinar_del_Rio_0001.jpg,0,scored,-0.12926240265369415,0.40350908041000366,0,1
1128,1,Kevin_Costner/Kevin_Costner_0005.jpg,Stephen_Glassroth/Stephen_Glassroth_0001.jpg,0,scored,0.09883476793766022,0.40350908041000366,0,1
1129,1,Khader_Rashid_Rahim/Khader_Rashid_Rahim_0001.jpg,Richard_Cohen/Richard_Cohen_0001.jpg,0,scored,0.05639420077204704,0.40350908041000366,0,1
1130,1,Khalid_Khannouchi/Khalid_Khannouchi_0001.jpg,Werner_Schlager/Werner_Schlager_0001.jpg,0,scored,-0.3172159790992737,0.40350908041000366,0,1
1131,1,Kim_Su_Nam/Kim_Su_Nam_0001.jpg,Todd_Haynes/Todd_Haynes_0004.jpg,0,scored,-0.015432482585310936,0.40350908041000366,0,1
1132,1,Kim_Weeks/Kim_Weeks_0001.jpg,Marie-Josee_Croze/Marie-Josee_Croze_0001.jpg,0,scored,0.21313080191612244,0.40350908041000366,0,1
1133,1,Kimora_Lee/Kimora_Lee_0001.jpg,Robin_Johansen/Robin_Johansen_0001.jpg,0,scored,-0.08359882235527039,0.40350908041000366,0,1
1134,1,Kurt_Suzuki/Kurt_Suzuki_0001.jpg,Scott_Hoch/Scott_Hoch_0001.jpg,0,scored,0.27906322479248047,0.40350908041000366,0,1
1135,1,Larry_Lindsey/Larry_Lindsey_0001.jpg,Wanda_Ilene_Barzee/Wanda_Ilene_Barzee_0001.jpg,0,scored,-0.007156731095165014,0.40350908041000366,0,1
1136,1,Larry_Ralston/Larry_Ralston_0001.jpg,Richard_Carl/Richard_Carl_0001.jpg,0,scored,0.17775124311447144,0.40350908041000366,0,1
1137,1,Larry_Ralston/Larry_Ralston_0001.jpg,William_Donaldson/William_Donaldson_0006.jpg,0,scored,0.32937848567962646,0.40350908041000366,0,1
1138,1,Larry_Ralston/Larry_Ralston_0001.jpg,Willie_Wilson/Willie_Wilson_0001.jpg,0,scored,-0.083436518907547,0.40350908041000366,0,1
1139,1,Laurel_Clark/Laurel_Clark_0001.jpg,Laurent_Woulzy/Laurent_Woulzy_0001.jpg,0,scored,0.19705025851726532,0.40350908041000366,0,1
1140,1,Laurel_Clark/Laurel_Clark_0001.jpg,Priscilla_Presley/Priscilla_Presley_0001.jpg,0,scored,-0.14816062152385712,0.40350908041000366,0,1
1141,1,Leandrinho_Barbosa/Leandrinho_Barbosa_0001.jpg,Melissa_Joan_Hart/Melissa_Joan_Hart_0001.jpg,0,scored,-0.15477854013442993,0.40350908041000366,0,1
1142,1,Leandrinho_Barbosa/Leandrinho_Barbosa_0001.jpg,Olene_Walker/Olene_Walker_0001.jpg,0,scored,-0.3319512605667114,0.40350908041000366,0,1
1143,1,Leon_Barmore/Leon_Barmore_0001.jpg,Sachin_Tendulkar/Sachin_Tendulkar_0001.jpg,0,scored,-0.07024988532066345,0.40350908041000366,0,1
1144,1,Leon_Barmore/Leon_Barmore_0001.jpg,Yusaku_Miyazato/Yusaku_Miyazato_0001.jpg,0,scored,0.1876201331615448,0.40350908041000366,0,1
1145,1,Leonard_Schrank/Leonard_Schrank_0001.jpg,Marie_Haghal/Marie_Haghal_0001.jpg,0,scored,-0.05898529663681984,0.40350908041000366,0,1
1146,1,Leonard_Schrank/Leonard_Schrank_0001.jpg,Rick_Rickert/Rick_Rickert_0001.jpg,0,scored,0.0795334205031395,0.40350908041000366,0,1
1147,1,Linda_Franklin/Linda_Franklin_0001.jpg,Melissa_Joan_Hart/Melissa_Joan_Hart_0001.jpg,0,scored,0.0993245542049408,0.40350908041000366,0,1
1148,1,Lindsay_Davenport/Lindsay_Davenport_0001.jpg,Martin_Burnham/Martin_Burnham_0001.jpg,0,scored,0.058010369539260864,0.40350908041000366,0,1
1149,1,Lindsay_Davenport/Lindsay_Davenport_0017.jpg,Oxana_Fedorova/Oxana_Fedorova_0003.jpg,0,scored,0.06446798145771027,0.40350908041000366,0,1
1150,1,Lionel_Chalmers/Lionel_Chalmers_0001.jpg,Mohammad_Fares/Mohammad_Fares_0001.jpg,0,scored,-0.22371728718280792,0.40350908041000366,0,1
1151,1,Lisa_Ling/Lisa_Ling_0002.jpg,Mike_Maroth/Mike_Maroth_0001.jpg,0,scored,0.057796262204647064,0.40350908041000366,0,1
1152,1,Lucy_Liu/Lucy_Liu_0003.jpg,Prince_William/Prince_William_0001.jpg,0,scored,-0.09093526005744934,0.40350908041000366,0,1
1153,1,Maria_Luisa_Mendonca/Maria_Luisa_Mendonca_0002.jpg,Stephane_Delajoux/Stephane_Delajoux_0001.jpg,0,scored,0.050881411880254745,0.40350908041000366,0,1
1154,1,Maria_Luisa_Mendonca/Maria_Luisa_Mendonca_0002.jpg,Terunobu_Maeda/Terunobu_Maeda_0001.jpg,0,scored,0.06309063732624054,0.40350908041000366,0,1
1155,1,Maria_Shkolnikova/Maria_Shkolnikova_0001.jpg,Martin_Rodriguez/Martin_Rodriguez_0001.jpg,0,scored,0.03161375969648361,0.40350908041000366,0,1
1156,1,Mariana_Ohata/Mariana_Ohata_0001.jpg,Xavier_Malisse/Xavier_Malisse_0003.jpg,0,scored,0.26254355907440186,0.40350908041000366,0,1
1157,1,Mario_Kreutzberger/Mario_Kreutzberger_0001.jpg,Shavon_Earp/Shavon_Earp_0001.jpg,0,scored,0.06040187180042267,0.40350908041000366,0,1
1158,1,Mario_Kreutzberger/Mario_Kreutzberger_0002.jpg,Raul_Cubas/Raul_Cubas_0001.jpg,0,scored,0.27261874079704285,0.40350908041000366,0,1
1159,1,Maritza_Macias_Furano/Maritza_Macias_Furano_0001.jpg,Qusai_Hussein/Qusai_Hussein_0001.jpg,0,scored,0.08939187973737717,0.40350908041000366,0,1
1160,1,Mark_Butcher/Mark_Butcher_0001.jpg,Scott_Hoch/Scott_Hoch_0001.jpg,0,scored,0.08622633665800095,0.40350908041000366,0,1
1161,1,Mark_Sisk/Mark_Sisk_0001.jpg,Mehdi_Baala/Mehdi_Baala_0001.jpg,0,scored,-0.013432372361421585,0.40350908041000366,0,1
1162,1,Mark_Sisk/Mark_Sisk_0001.jpg,Stephen_Swindal/Stephen_Swindal_0001.jpg,0,scored,-0.07056206464767456,0.40350908041000366,0,1
1163,1,Masao_Azuma/Masao_Azuma_0001.jpg,Mikhail_Kalashnikov/Mikhail_Kalashnikov_0001.jpg,0,scored,0.06378535181283951,0.40350908041000366,0,1
1164,1,McGuire_Gibson/McGuire_Gibson_0001.jpg,Richard_Haass/Richard_Haass_0001.jpg,0,scored,0.2748696208000183,0.40350908041000366,0,1
1165,1,Mehdi_Baala/Mehdi_Baala_0001.jpg,Steve_Avery/Steve_Avery_0001.jpg,0,scored,-0.13973551988601685,0.40350908041000366,0,1
1166,1,Melissa_Joan_Hart/Melissa_Joan_Hart_0001.jpg,Mikhail_Kalashnikov/Mikhail_Kalashnikov_0001.jpg,0,scored,0.05704032629728317,0.40350908041000366,0,1
1167,1,Melissa_Joan_Hart/Melissa_Joan_Hart_0001.jpg,Sue_Grafton/Sue_Grafton_0001.jpg,0,scored,-0.012251108884811401,0.40350908041000366,0,1
1168,1,Michael_Brandon/Michael_Brandon_0001.jpg,Toshimitsu_Motegi/Toshimitsu_Motegi_0001.jpg,0,scored,0.130467489361763,0.40350908041000366,0,1
1169,1,Michael_Shelby/Michael_Shelby_0001.jpg,Olene_Walker/Olene_Walker_0001.jpg,0,scored,0.11515801399946213,0.40350908041000366,0,1
1170,1,Michel_Kratochvil/Michel_Kratochvil_0001.jpg,Sheldon_Silver/Sheldon_Silver_0001.jpg,0,scored,-0.22243642807006836,0.40350908041000366,0,1
1171,1,Mike_Eskew/Mike_Eskew_0001.jpg,Zarai_Toledo/Zarai_Toledo_0001.jpg,0,scored,-0.2356112003326416,0.40350908041000366,0,1
1172,1,Mike_OConnell/Mike_OConnell_0001.jpg,Roberto_Lavagna/Roberto_Lavagna_0001.jpg,0,scored,-0.09288652241230011,0.40350908041000366,0,1
1173,1,Mike_Sherman/Mike_Sherman_0001.jpg,Natalie_Maines/Natalie_Maines_0003.jpg,0,scored,0.26354533433914185,0.40350908041000366,0,1
1174,1,Mike_Sherman/Mike_Sherman_0001.jpg,Paige_Fitzgerald/Paige_Fitzgerald_0001.jpg,0,scored,0.015093011781573296,0.40350908041000366,0,1
1175,1,Milt_Heflin/Milt_Heflin_0001.jpg,Pier_Ferdinando_Casini/Pier_Ferdinando_Casini_0001.jpg,0,scored,-0.15994122624397278,0.40350908041000366,0,1
1176,1,Nicholoas_DiMarzio/Nicholoas_DiMarzio_0001.jpg,Richard_Parsons/Richard_Parsons_0001.jpg,0,scored,0.16348440945148468,0.40350908041000366,0,1
1177,1,Nikki_McKibbin/Nikki_McKibbin_0001.jpg,Stephen_Swindal/Stephen_Swindal_0001.jpg,0,scored,0.011133987456560135,0.40350908041000366,0,1
1178,1,Nikki_McKibbin/Nikki_McKibbin_0001.jpg,Steven_Tyler/Steven_Tyler_0001.jpg,0,scored,-0.20988662540912628,0.40350908041000366,0,1
1179,1,Osama_Al_Baz/Osama_Al_Baz_0001.jpg,Patricia_Wartusch/Patricia_Wartusch_0001.jpg,0,scored,-0.21415087580680847,0.40350908041000366,0,1
1180,1,Osama_Al_Baz/Osama_Al_Baz_0001.jpg,Sandra_Day_OConner/Sandra_Day_OConner_0001.jpg,0,scored,0.25744450092315674,0.40350908041000366,0,1
1181,1,Patricia_Phillips/Patricia_Phillips_0001.jpg,Thierry_Falise/Thierry_Falise_0002.jpg,0,scored,0.10688089579343796,0.40350908041000366,0,1
1182,1,Paula_Locke/Paula_Locke_0001.jpg,Teri_Files/Teri_Files_0001.jpg,0,scored,0.20971132814884186,0.40350908041000366,0,1
1183,1,Peter_Bacanovic/Peter_Bacanovic_0002.jpg,Robert_Korzeniowski/Robert_Korzeniowski_0001.jpg,0,scored,0.10390654951334,0.40350908041000366,0,1
1184,1,Pier_Ferdinando_Casini/Pier_Ferdinando_Casini_0001.jpg,Ratna_Sari_Dewi_Sukarno/Ratna_Sari_Dewi_Sukarno_0001.jpg,0,scored,0.1195879727602005,0.40350908041000366,0,1
1185,1,Priscilla_Presley/Priscilla_Presley_0002.jpg,Raul_Rivero/Raul_Rivero_0001.jpg,0,scored,0.2663842737674713,0.40350908041000366,0,1
1186,1,Raaf_Schefter/Raaf_Schefter_0001.jpg,Rick_Dinse/Rick_Dinse_0002.jpg,0,scored,0.07279685139656067,0.40350908041000366,0,1
1187,1,Richard_Sterner/Richard_Sterner_0001.jpg,Steven_Spielberg/Steven_Spielberg_0002.jpg,0,scored,0.3351117968559265,0.40350908041000366,0,1
1188,1,Rick_Dinse/Rick_Dinse_0002.jpg,Shavon_Earp/Shavon_Earp_0001.jpg,0,scored,0.1318381130695343,0.40350908041000366,0,1
1189,1,Roberto_Lavagna/Roberto_Lavagna_0001.jpg,Sandra_Bullock/Sandra_Bullock_0004.jpg,0,scored,0.012566536664962769,0.40350908041000366,0,1
1190,1,Rod_Stewart/Rod_Stewart_0001.jpg,Steffi_Graf/Steffi_Graf_0002.jpg,0,scored,0.06362783908843994,0.40350908041000366,0,1
1191,1,Rodolfo_Abalos/Rodolfo_Abalos_0001.jpg,Thierry_Falise/Thierry_Falise_0003.jpg,0,scored,-0.01516981516033411,0.40350908041000366,0,1
1192,1,Roman_Tam/Roman_Tam_0001.jpg,Zalmay_Khalilzad/Zalmay_Khalilzad_0001.jpg,0,scored,0.01312082726508379,0.40350908041000366,0,1
1193,1,Scott_Hoch/Scott_Hoch_0001.jpg,Thomas_Stewart/Thomas_Stewart_0001.jpg,0,scored,0.22039663791656494,0.40350908041000366,0,1
1194,1,Seymour_Cassell/Seymour_Cassell_0001.jpg,Todd_Haynes/Todd_Haynes_0004.jpg,0,scored,-0.12823161482810974,0.40350908041000366,0,1
1195,1,Shaun_Rusling/Shaun_Rusling_0001.jpg,Vincent_Sombrotto/Vincent_Sombrotto_0001.jpg,0,scored,0.015538147650659084,0.40350908041000366,0,1
1196,1,Sheldon_Silver/Sheldon_Silver_0001.jpg,Xavier_Malisse/Xavier_Malisse_0003.jpg,0,scored,-0.19119814038276672,0.40350908041000366,0,1
1197,1,Stephane_Delajoux/Stephane_Delajoux_0001.jpg,Tristan_Gretzky/Tristan_Gretzky_0001.jpg,0,scored,-0.21741119027137756,0.40350908041000366,0,1
1198,1,Takahiro_Mori/Takahiro_Mori_0001.jpg,Tony_Blair/Tony_Blair_0064.jpg,0,scored,0.04697752743959427,0.40350908041000366,0,1
1199,1,Thierry_Falise/Thierry_Falise_0002.jpg,Werner_Schlager/Werner_Schlager_0001.jpg,0,scored,-0.06055232882499695,0.40350908041000366,0,1
1200,2,Aaron_Sorkin/Aaron_Sorkin_0001.jpg,Aaron_Sorkin/Aaron_Sorkin_0002.jpg,1,scored,0.6131268739700317,0.41554616391658783,1,1
1201,2,Abdullah/Abdullah_0001.jpg,Abdullah/Abdullah_0003.jpg,1,scored,0.8060819506645203,0.41554616391658783,1,1
1202,2,Abdullah/Abdullah_0002.jpg,Abdullah/Abdullah_0003.jpg,1,scored,0.8016455173492432,0.41554616391658783,1,1
1203,2,Abdullah/Abdullah_0002.jpg,Abdullah/Abdullah_0004.jpg,1,scored,0.770911455154419,0.41554616391658783,1,1
1204,2,Abdullah/Abdullah_0003.jpg,Abdullah/Abdullah_0004.jpg,1,scored,0.8754528760910034,0.41554616391658783,1,1
1205,2,Abid_Hamid_Mahmud_Al-Tikriti/Abid_Hamid_Mahmud_Al-Tikriti_0001.jpg,Abid_Hamid_Mahmud_Al-Tikriti/Abid_Hamid_Mahmud_Al-Tikriti_0002.jpg,1,scored,0.7244667410850525,0.41554616391658783,1,1
1206,2,Abid_Hamid_Mahmud_Al-Tikriti/Abid_Hamid_Mahmud_Al-Tikriti_0001.jpg,Abid_Hamid_Mahmud_Al-Tikriti/Abid_Hamid_Mahmud_Al-Tikriti_0003.jpg,1,scored,0.7836325764656067,0.41554616391658783,1,1
1207,2,Alan_Ball/Alan_Ball_0001.jpg,Alan_Ball/Alan_Ball_0002.jpg,1,scored,0.9572515487670898,0.41554616391658783,1,1
1208,2,Albert_Costa/Albert_Costa_0003.jpg,Albert_Costa/Albert_Costa_0005.jpg,1,scored,0.6729683876037598,0.41554616391658783,1,1
1209,2,Albert_Costa/Albert_Costa_0005.jpg,Albert_Costa/Albert_Costa_0006.jpg,1,scored,0.7888253927230835,0.41554616391658783,1,1
1210,2,Ali_Khamenei/Ali_Khamenei_0001.jpg,Ali_Khamenei/Ali_Khamenei_0002.jpg,1,scored,0.913231611251831,0.41554616391658783,1,1
1211,2,Ali_Khamenei/Ali_Khamenei_0001.jpg,Ali_Khamenei/Ali_Khamenei_0003.jpg,1,scored,0.9245423078536987,0.41554616391658783,1,1
1212,2,Amelia_Vega/Amelia_Vega_0001.jpg,Amelia_Vega/Amelia_Vega_0007.jpg,1,scored,0.7785305380821228,0.41554616391658783,1,1
1213,2,Amelia_Vega/Amelia_Vega_0002.jpg,Amelia_Vega/Amelia_Vega_0007.jpg,1,scored,0.6891300082206726,0.41554616391658783,1,1
1214,2,Amelia_Vega/Amelia_Vega_0003.jpg,Amelia_Vega/Amelia_Vega_0005.jpg,1,scored,0.7391155958175659,0.41554616391658783,1,1
1215,2,Antonio_Banderas/Antonio_Banderas_0001.jpg,Antonio_Banderas/Antonio_Banderas_0005.jpg,1,scored,0.6806349754333496,0.41554616391658783,1,1
1216,2,Antonio_Banderas/Antonio_Banderas_0002.jpg,Antonio_Banderas/Antonio_Banderas_0005.jpg,1,scored,0.5303748250007629,0.41554616391658783,1,1
1217,2,Antonio_Banderas/Antonio_Banderas_0003.jpg,Antonio_Banderas/Antonio_Banderas_0005.jpg,1,scored,0.8076268434524536,0.41554616391658783,1,1
1218,2,Arye_Mekel/Arye_Mekel_0001.jpg,Arye_Mekel/Arye_Mekel_0002.jpg,1,scored,0.9290642738342285,0.41554616391658783,1,1
1219,2,Azra_Akin/Azra_Akin_0001.jpg,Azra_Akin/Azra_Akin_0003.jpg,1,scored,0.8595695495605469,0.41554616391658783,1,1
1220,2,Azra_Akin/Azra_Akin_0001.jpg,Azra_Akin/Azra_Akin_0004.jpg,1,scored,0.8709664344787598,0.41554616391658783,1,1
1221,2,Bernard_Landry/Bernard_Landry_0002.jpg,Bernard_Landry/Bernard_Landry_0003.jpg,1,scored,0.6519030332565308,0.41554616391658783,1,1
1222,2,Bernard_Landry/Bernard_Landry_0002.jpg,Bernard_Landry/Bernard_Landry_0004.jpg,1,scored,0.6781579256057739,0.41554616391658783,1,1
1223,2,Bernard_Landry/Bernard_Landry_0003.jpg,Bernard_Landry/Bernard_Landry_0004.jpg,1,scored,0.6608073115348816,0.41554616391658783,1,1
1224,2,Biljana_Plavsic/Biljana_Plavsic_0001.jpg,Biljana_Plavsic/Biljana_Plavsic_0002.jpg,1,scored,0.8829787969589233,0.41554616391658783,1,1
1225,2,Biljana_Plavsic/Biljana_Plavsic_0001.jpg,Biljana_Plavsic/Biljana_Plavsic_0003.jpg,1,scored,0.8058276772499084,0.41554616391658783,1,1
1226,2,Biljana_Plavsic/Biljana_Plavsic_0002.jpg,Biljana_Plavsic/Biljana_Plavsic_0003.jpg,1,scored,0.839907169342041,0.41554616391658783,1,1
1227,2,Bob_Hope/Bob_Hope_0001.jpg,Bob_Hope/Bob_Hope_0005.jpg,1,scored,0.4077167510986328,0.41554616391658783,0,0
1228,2,Bob_Hope/Bob_Hope_0003.jpg,Bob_Hope/Bob_Hope_0006.jpg,1,scored,0.35886624455451965,0.41554616391658783,0,0
1229,2,Bob_Hope/Bob_Hope_0004.jpg,Bob_Hope/Bob_Hope_0005.jpg,1,scored,0.23820877075195312,0.41554616391658783,0,0
1230,2,Bob_Hope/Bob_Hope_0004.jpg,Bob_Hope/Bob_Hope_0007.jpg,1,scored,0.5671676397323608,0.41554616391658783,1,1
1231,2,Bridget_Fonda/Bridget_Fonda_0001.jpg,Bridget_Fonda/Bridget_Fonda_0003.jpg,1,scored,0.7777434587478638,0.41554616391658783,1,1
1232,2,Bridget_Fonda/Bridget_Fonda_0002.jpg,Bridget_Fonda/Bridget_Fonda_0003.jpg,1,scored,0.7884328961372375,0.41554616391658783,1,1
1233,2,Carlos_Ruiz/Carlos_Ruiz_0001.jpg,Carlos_Ruiz/Carlos_Ruiz_0003.jpg,1,scored,0.2606216073036194,0.41554616391658783,0,0
1234,2,Carlos_Ruiz/Carlos_Ruiz_0002.jpg,Carlos_Ruiz/Carlos_Ruiz_0003.jpg,1,scored,0.444580078125,0.41554616391658783,1,1
1235,2,Carly_Fiorina/Carly_Fiorina_0001.jpg,Carly_Fiorina/Carly_Fiorina_0002.jpg,1,scored,0.5389304161071777,0.41554616391658783,1,1
1236,2,Carly_Fiorina/Carly_Fiorina_0001.jpg,Carly_Fiorina/Carly_Fiorina_0003.jpg,1,scored,0.6675520539283752,0.41554616391658783,1,1
1237,2,Cherie_Blair/Cherie_Blair_0001.jpg,Cherie_Blair/Cherie_Blair_0003.jpg,1,scored,0.7855410575866699,0.41554616391658783,1,1
1238,2,Cherie_Blair/Cherie_Blair_0001.jpg,Cherie_Blair/Cherie_Blair_0004.jpg,1,scored,0.784598708152771,0.41554616391658783,1,1
1239,2,Cherie_Blair/Cherie_Blair_0002.jpg,Cherie_Blair/Cherie_Blair_0004.jpg,1,scored,0.7482802867889404,0.41554616391658783,1,1
1240,2,Cherie_Blair/Cherie_Blair_0003.jpg,Cherie_Blair/Cherie_Blair_0004.jpg,1,scored,0.820337176322937,0.41554616391658783,1,1
1241,2,Chuck_Yeager/Chuck_Yeager_0001.jpg,Chuck_Yeager/Chuck_Yeager_0002.jpg,1,scored,0.8990452289581299,0.41554616391658783,1,1
1242,2,Chung_Mong-joon/Chung_Mong-joon_0001.jpg,Chung_Mong-joon/Chung_Mong-joon_0002.jpg,1,scored,0.885685920715332,0.41554616391658783,1,1
1243,2,Claire_Hentzen/Claire_Hentzen_0001.jpg,Claire_Hentzen/Claire_Hentzen_0002.jpg,1,scored,0.919758677482605,0.41554616391658783,1,1
1244,2,Claire_Leger/Claire_Leger_0001.jpg,Claire_Leger/Claire_Leger_0002.jpg,1,scored,0.8101351857185364,0.41554616391658783,1,1
1245,2,Darren_Clarke/Darren_Clarke_0001.jpg,Darren_Clarke/Darren_Clarke_0002.jpg,1,scored,0.5412213802337646,0.41554616391658783,1,1
1246,2,David_Caraway/David_Caraway_0001.jpg,David_Caraway/David_Caraway_0002.jpg,1,scored,0.7347256541252136,0.41554616391658783,1,1
1247,2,David_Leahy/David_Leahy_0001.jpg,David_Leahy/David_Leahy_0002.jpg,1,scored,0.4919953942298889,0.41554616391658783,1,1
1248,2,Dick_Cheney/Dick_Cheney_0002.jpg,Dick_Cheney/Dick_Cheney_0014.jpg,1,scored,0.7566019296646118,0.41554616391658783,1,1
1249,2,Dick_Cheney/Dick_Cheney_0003.jpg,Dick_Cheney/Dick_Cheney_0011.jpg,1,scored,0.7282158732414246,0.41554616391658783,1,1
1250,2,Dick_Cheney/Dick_Cheney_0003.jpg,Dick_Cheney/Dick_Cheney_0012.jpg,1,scored,0.7178441286087036,0.41554616391658783,1,1
1251,2,Dick_Cheney/Dick_Cheney_0008.jpg,Dick_Cheney/Dick_Cheney_0010.jpg,1,scored,0.7180895209312439,0.41554616391658783,1,1
1252,2,Dino_de_Laurentis/Dino_de_Laurentis_0001.jpg,Dino_de_Laurentis/Dino_de_Laurentis_0002.jpg,1,scored,0.8694902658462524,0.41554616391658783,1,1
1253,2,Don_Nickles/Don_Nickles_0001.jpg,Don_Nickles/Don_Nickles_0002.jpg,1,scored,0.7490848898887634,0.41554616391658783,1,1
1254,2,Doris_Schroeder/Doris_Schroeder_0001.jpg,Doris_Schroeder/Doris_Schroeder_0003.jpg,1,scored,0.5159942507743835,0.41554616391658783,1,1
1255,2,Doris_Schroeder/Doris_Schroeder_0002.jpg,Doris_Schroeder/Doris_Schroeder_0004.jpg,1,scored,0.6903886795043945,0.41554616391658783,1,1
1256,2,Eduardo_Duhalde/Eduardo_Duhalde_0002.jpg,Eduardo_Duhalde/Eduardo_Duhalde_0003.jpg,1,scored,0.7017213106155396,0.41554616391658783,1,1
1257,2,Eduardo_Duhalde/Eduardo_Duhalde_0002.jpg,Eduardo_Duhalde/Eduardo_Duhalde_0012.jpg,1,scored,0.7501813769340515,0.41554616391658783,1,1
1258,2,Eduardo_Duhalde/Eduardo_Duhalde_0003.jpg,Eduardo_Duhalde/Eduardo_Duhalde_0004.jpg,1,scored,0.7446697950363159,0.41554616391658783,1,1
1259,2,Eduardo_Duhalde/Eduardo_Duhalde_0006.jpg,Eduardo_Duhalde/Eduardo_Duhalde_0013.jpg,1,scored,0.6996853351593018,0.41554616391658783,1,1
1260,2,Eduardo_Duhalde/Eduardo_Duhalde_0007.jpg,Eduardo_Duhalde/Eduardo_Duhalde_0010.jpg,1,scored,0.6569244861602783,0.41554616391658783,1,1
1261,2,Eduardo_Duhalde/Eduardo_Duhalde_0010.jpg,Eduardo_Duhalde/Eduardo_Duhalde_0012.jpg,1,scored,0.7306686639785767,0.41554616391658783,1,1
1262,2,Edwin_Edwards/Edwin_Edwards_0001.jpg,Edwin_Edwards/Edwin_Edwards_0003.jpg,1,scored,0.7841541767120361,0.41554616391658783,1,1
1263,2,Eric_Rosser/Eric_Rosser_0001.jpg,Eric_Rosser/Eric_Rosser_0002.jpg,1,scored,0.7469891309738159,0.41554616391658783,1,1
1264,2,Ernie_Eves/Ernie_Eves_0001.jpg,Ernie_Eves/Ernie_Eves_0002.jpg,1,scored,0.8350166082382202,0.41554616391658783,1,1
1265,2,Ernie_Fletcher/Ernie_Fletcher_0001.jpg,Ernie_Fletcher/Ernie_Fletcher_0002.jpg,1,scored,0.8033462762832642,0.41554616391658783,1,1
1266,2,Eva_Dimas/Eva_Dimas_0001.jpg,Eva_Dimas/Eva_Dimas_0002.jpg,1,scored,0.7014942169189453,0.41554616391658783,1,1
1267,2,Fernando_Vargas/Fernando_Vargas_0001.jpg,Fernando_Vargas/Fernando_Vargas_0002.jpg,1,scored,0.3808104991912842,0.41554616391658783,0,0
1268,2,Fernando_Vargas/Fernando_Vargas_0001.jpg,Fernando_Vargas/Fernando_Vargas_0003.jpg,1,scored,0.5021146535873413,0.41554616391658783,1,1
1269,2,Fernando_Vargas/Fernando_Vargas_0001.jpg,Fernando_Vargas/Fernando_Vargas_0004.jpg,1,scored,0.3720911145210266,0.41554616391658783,0,0
1270,2,Fernando_Vargas/Fernando_Vargas_0002.jpg,Fernando_Vargas/Fernando_Vargas_0003.jpg,1,scored,0.43286368250846863,0.41554616391658783,1,1
1271,2,Fernando_Vargas/Fernando_Vargas_0003.jpg,Fernando_Vargas/Fernando_Vargas_0004.jpg,1,scored,0.6396775245666504,0.41554616391658783,1,1
1272,2,Frank_Lautenberg/Frank_Lautenberg_0001.jpg,Frank_Lautenberg/Frank_Lautenberg_0002.jpg,1,scored,0.6896460652351379,0.41554616391658783,1,1
1273,2,George_HW_Bush/George_HW_Bush_0001.jpg,George_HW_Bush/George_HW_Bush_0003.jpg,1,scored,0.6687843203544617,0.41554616391658783,1,1
1274,2,George_HW_Bush/George_HW_Bush_0002.jpg,George_HW_Bush/George_HW_Bush_0013.jpg,1,scored,0.6365159749984741,0.41554616391658783,1,1
1275,2,George_HW_Bush/George_HW_Bush_0004.jpg,George_HW_Bush/George_HW_Bush_0006.jpg,1,scored,0.547295093536377,0.41554616391658783,1,1
1276,2,George_HW_Bush/George_HW_Bush_0005.jpg,George_HW_Bush/George_HW_Bush_0008.jpg,1,scored,0.8481369018554688,0.41554616391658783,1,1
1277,2,George_HW_Bush/George_HW_Bush_0009.jpg,George_HW_Bush/George_HW_Bush_0010.jpg,1,scored,0.7863732576370239,0.41554616391658783,1,1
1278,2,Gisele_Bundchen/Gisele_Bundchen_0001.jpg,Gisele_Bundchen/Gisele_Bundchen_0002.jpg,1,scored,0.7798269391059875,0.41554616391658783,1,1
1279,2,Glafcos_Clerides/Glafcos_Clerides_0001.jpg,Glafcos_Clerides/Glafcos_Clerides_0002.jpg,1,scored,0.8799605369567871,0.41554616391658783,1,1
1280,2,Glafcos_Clerides/Glafcos_Clerides_0001.jpg,Glafcos_Clerides/Glafcos_Clerides_0003.jpg,1,scored,0.8728278875350952,0.41554616391658783,1,1
1281,2,Glafcos_Clerides/Glafcos_Clerides_0002.jpg,Glafcos_Clerides/Glafcos_Clerides_0003.jpg,1,scored,0.8917315602302551,0.41554616391658783,1,1
1282,2,Glafcos_Clerides/Glafcos_Clerides_0002.jpg,Glafcos_Clerides/Glafcos_Clerides_0004.jpg,1,scored,0.8096873760223389,0.41554616391658783,1,1
1283,2,Greg_Gilbert/Greg_Gilbert_0001.jpg,Greg_Gilbert/Greg_Gilbert_0002.jpg,1,scored,0.8020087480545044,0.41554616391658783,1,1
1284,2,Hashim_Thaci/Hashim_Thaci_0001.jpg,Hashim_Thaci/Hashim_Thaci_0002.jpg,1,scored,0.7721601724624634,0.41554616391658783,1,1
1285,2,Hassan_Wirajuda/Hassan_Wirajuda_0001.jpg,Hassan_Wirajuda/Hassan_Wirajuda_0002.jpg,1,scored,0.8288216590881348,0.41554616391658783,1,1
1286,2,Hector_Babenco/Hector_Babenco_0001.jpg,Hector_Babenco/Hector_Babenco_0003.jpg,1,scored,0.6988971829414368,0.41554616391658783,1,1
1287,2,Hector_Babenco/Hector_Babenco_0002.jpg,Hector_Babenco/Hector_Babenco_0003.jpg,1,scored,0.7106857299804688,0.41554616391658783,1,1
1288,2,Hideki_Matsui/Hideki_Matsui_0001.jpg,Hideki_Matsui/Hideki_Matsui_0002.jpg,1,scored,0.7258919477462769,0.41554616391658783,1,1
1289,2,Hillary_Clinton/Hillary_Clinton_0001.jpg,Hillary_Clinton/Hillary_Clinton_0010.jpg,1,scored,0.6925626397132874,0.41554616391658783,1,1
1290,2,Hillary_Clinton/Hillary_Clinton_0001.jpg,Hillary_Clinton/Hillary_Clinton_0014.jpg,1,scored,0.7456517815589905,0.41554616391658783,1,1
1291,2,Hillary_Clinton/Hillary_Clinton_0004.jpg,Hillary_Clinton/Hillary_Clinton_0005.jpg,1,scored,0.7356915473937988,0.41554616391658783,1,1
1292,2,Hillary_Clinton/Hillary_Clinton_0007.jpg,Hillary_Clinton/Hillary_Clinton_0010.jpg,1,scored,0.8312162160873413,0.41554616391658783,1,1
1293,2,Hillary_Clinton/Hillary_Clinton_0011.jpg,Hillary_Clinton/Hillary_Clinton_0013.jpg,1,scored,0.8626214265823364,0.41554616391658783,1,1
1294,2,Hisao_Oguchi/Hisao_Oguchi_0001.jpg,Hisao_Oguchi/Hisao_Oguchi_0002.jpg,1,scored,0.7033035159111023,0.41554616391658783,1,1
1295,2,Hitomi_Soga/Hitomi_Soga_0001.jpg,Hitomi_Soga/Hitomi_Soga_0004.jpg,1,scored,0.7595213055610657,0.41554616391658783,1,1
1296,2,Hitomi_Soga/Hitomi_Soga_0001.jpg,Hitomi_Soga/Hitomi_Soga_0005.jpg,1,scored,0.7608217000961304,0.41554616391658783,1,1
1297,2,Hitomi_Soga/Hitomi_Soga_0002.jpg,Hitomi_Soga/Hitomi_Soga_0003.jpg,1,scored,0.7527700662612915,0.41554616391658783,1,1
1298,2,Hitomi_Soga/Hitomi_Soga_0003.jpg,Hitomi_Soga/Hitomi_Soga_0004.jpg,1,scored,0.7588840126991272,0.41554616391658783,1,1
1299,2,JJ_Redick/JJ_Redick_0001.jpg,JJ_Redick/JJ_Redick_0002.jpg,1,scored,0.43158209323883057,0.41554616391658783,1,1
1300,2,Jean_Brumley/Jean_Brumley_0001.jpg,Jean_Brumley/Jean_Brumley_0002.jpg,1,scored,0.885230541229248,0.41554616391658783,1,1
1301,2,Jean_Carnahan/Jean_Carnahan_0001.jpg,Jean_Carnahan/Jean_Carnahan_0002.jpg,1,scored,0.6765152812004089,0.41554616391658783,1,1
1302,2,Jeremy_Shockey/Jeremy_Shockey_0001.jpg,Jeremy_Shockey/Jeremy_Shockey_0002.jpg,1,scored,0.9287611842155457,0.41554616391658783,1,1
1303,2,Jerry_Regier/Jerry_Regier_0001.jpg,Jerry_Regier/Jerry_Regier_0003.jpg,1,scored,0.6072239279747009,0.41554616391658783,1,1
1304,2,Jerry_Regier/Jerry_Regier_0002.jpg,Jerry_Regier/Jerry_Regier_0003.jpg,1,scored,0.692982017993927,0.41554616391658783,1,1
1305,2,Jerry_Springer/Jerry_Springer_0001.jpg,Jerry_Springer/Jerry_Springer_0002.jpg,1,scored,0.7524489760398865,0.41554616391658783,1,1
1306,2,Jerry_Springer/Jerry_Springer_0001.jpg,Jerry_Springer/Jerry_Springer_0004.jpg,1,scored,0.7229673862457275,0.41554616391658783,1,1
1307,2,Jessica_Lynch/Jessica_Lynch_0001.jpg,Jessica_Lynch/Jessica_Lynch_0002.jpg,1,scored,0.5579495429992676,0.41554616391658783,1,1
1308,2,Jiang_Zemin/Jiang_Zemin_0001.jpg,Jiang_Zemin/Jiang_Zemin_0017.jpg,1,scored,0.7930331230163574,0.41554616391658783,1,1
1309,2,Jiang_Zemin/Jiang_Zemin_0002.jpg,Jiang_Zemin/Jiang_Zemin_0003.jpg,1,scored,0.8077753782272339,0.41554616391658783,1,1
1310,2,Jiang_Zemin/Jiang_Zemin_0004.jpg,Jiang_Zemin/Jiang_Zemin_0010.jpg,1,scored,0.7584768533706665,0.41554616391658783,1,1
1311,2,Jiang_Zemin/Jiang_Zemin_0007.jpg,Jiang_Zemin/Jiang_Zemin_0009.jpg,1,scored,0.8049206733703613,0.41554616391658783,1,1
1312,2,Jiang_Zemin/Jiang_Zemin_0015.jpg,Jiang_Zemin/Jiang_Zemin_0018.jpg,1,scored,0.892282247543335,0.41554616391658783,1,1
1313,2,Jim_Harrick/Jim_Harrick_0001.jpg,Jim_Harrick/Jim_Harrick_0002.jpg,1,scored,0.7910600900650024,0.41554616391658783,1,1
1314,2,Jiri_Novak/Jiri_Novak_0003.jpg,Jiri_Novak/Jiri_Novak_0004.jpg,1,scored,0.9099963307380676,0.41554616391658783,1,1
1315,2,Jiri_Novak/Jiri_Novak_0003.jpg,Jiri_Novak/Jiri_Novak_0008.jpg,1,scored,0.8053978681564331,0.41554616391658783,1,1
1316,2,Jiri_Novak/Jiri_Novak_0003.jpg,Jiri_Novak/Jiri_Novak_0009.jpg,1,scored,0.8555881977081299,0.41554616391658783,1,1
1317,2,Jiri_Novak/Jiri_Novak_0005.jpg,Jiri_Novak/Jiri_Novak_0006.jpg,1,scored,0.8811308741569519,0.41554616391658783,1,1
1318,2,Jiri_Novak/Jiri_Novak_0005.jpg,Jiri_Novak/Jiri_Novak_0010.jpg,1,scored,0.8607274293899536,0.41554616391658783,1,1
1319,2,Jiri_Novak/Jiri_Novak_0005.jpg,Jiri_Novak/Jiri_Novak_0011.jpg,1,scored,0.8769879937171936,0.41554616391658783,1,1
1320,2,Jiri_Novak/Jiri_Novak_0007.jpg,Jiri_Novak/Jiri_Novak_0010.jpg,1,scored,0.8637070655822754,0.41554616391658783,1,1
1321,2,Joe_Torre/Joe_Torre_0001.jpg,Joe_Torre/Joe_Torre_0003.jpg,1,scored,0.7774742841720581,0.41554616391658783,1,1
1322,2,Joe_Torre/Joe_Torre_0002.jpg,Joe_Torre/Joe_Torre_0004.jpg,1,scored,0.6109815239906311,0.41554616391658783,1,1
1323,2,John_Wolf/John_Wolf_0001.jpg,John_Wolf/John_Wolf_0002.jpg,1,scored,0.9139204621315002,0.41554616391658783,1,1
1324,2,Jonathan_Edwards/Jonathan_Edwards_0001.jpg,Jonathan_Edwards/Jonathan_Edwards_0006.jpg,1,scored,0.6762092113494873,0.41554616391658783,1,1
1325,2,Jonathan_Edwards/Jonathan_Edwards_0002.jpg,Jonathan_Edwards/Jonathan_Edwards_0007.jpg,1,scored,0.568019449710846,0.41554616391658783,1,1
1326,2,Jonathan_Edwards/Jonathan_Edwards_0003.jpg,Jonathan_Edwards/Jonathan_Edwards_0006.jpg,1,scored,0.5489391684532166,0.41554616391658783,1,1
1327,2,Jonathan_Edwards/Jonathan_Edwards_0005.jpg,Jonathan_Edwards/Jonathan_Edwards_0006.jpg,1,scored,0.5165019035339355,0.41554616391658783,1,1
1328,2,Jonathan_Edwards/Jonathan_Edwards_0005.jpg,Jonathan_Edwards/Jonathan_Edwards_0007.jpg,1,scored,0.6244072914123535,0.41554616391658783,1,1
1329,2,Jonathan_Edwards/Jonathan_Edwards_0006.jpg,Jonathan_Edwards/Jonathan_Edwards_0008.jpg,1,scored,0.52047199010849,0.41554616391658783,1,1
1330,2,Jose_Manuel_Durao_Barroso/Jose_Manuel_Durao_Barroso_0001.jpg,Jose_Manuel_Durao_Barroso/Jose_Manuel_Durao_Barroso_0002.jpg,1,scored,0.7452366352081299,0.41554616391658783,1,1
1331,2,Jose_Manuel_Durao_Barroso/Jose_Manuel_Durao_Barroso_0001.jpg,Jose_Manuel_Durao_Barroso/Jose_Manuel_Durao_Barroso_0006.jpg,1,scored,0.6538668870925903,0.41554616391658783,1,1
1332,2,Jose_Manuel_Durao_Barroso/Jose_Manuel_Durao_Barroso_0002.jpg,Jose_Manuel_Durao_Barroso/Jose_Manuel_Durao_Barroso_0005.jpg,1,scored,0.8756163120269775,0.41554616391658783,1,1
1333,2,Jose_Manuel_Durao_Barroso/Jose_Manuel_Durao_Barroso_0003.jpg,Jose_Manuel_Durao_Barroso/Jose_Manuel_Durao_Barroso_0005.jpg,1,scored,0.8309828042984009,0.41554616391658783,1,1
1334,2,Jose_Manuel_Durao_Barroso/Jose_Manuel_Durao_Barroso_0004.jpg,Jose_Manuel_Durao_Barroso/Jose_Manuel_Durao_Barroso_0005.jpg,1,scored,0.8994611501693726,0.41554616391658783,1,1
1335,2,Joseph_Biden/Joseph_Biden_0001.jpg,Joseph_Biden/Joseph_Biden_0004.jpg,1,scored,0.810051441192627,0.41554616391658783,1,1
1336,2,Joseph_Biden/Joseph_Biden_0002.jpg,Joseph_Biden/Joseph_Biden_0003.jpg,1,scored,0.704101026058197,0.41554616391658783,1,1
1337,2,Joseph_Biden/Joseph_Biden_0003.jpg,Joseph_Biden/Joseph_Biden_0004.jpg,1,scored,0.7884135246276855,0.41554616391658783,1,1
1338,2,Judi_Dench/Judi_Dench_0001.jpg,Judi_Dench/Judi_Dench_0002.jpg,1,scored,0.7181576490402222,0.41554616391658783,1,1
1339,2,Judy_Genshaft/Judy_Genshaft_0001.jpg,Judy_Genshaft/Judy_Genshaft_0002.jpg,1,scored,0.860977828502655,0.41554616391658783,1,1
1340,2,Keanu_Reeves/Keanu_Reeves_0001.jpg,Keanu_Reeves/Keanu_Reeves_0009.jpg,1,scored,0.6107322573661804,0.41554616391658783,1,1
1341,2,Keanu_Reeves/Keanu_Reeves_0004.jpg,Keanu_Reeves/Keanu_Reeves_0007.jpg,1,scored,0.6034300923347473,0.41554616391658783,1,1
1342,2,Keanu_Reeves/Keanu_Reeves_0006.jpg,Keanu_Reeves/Keanu_Reeves_0009.jpg,1,scored,0.40971580147743225,0.41554616391658783,0,0
1343,2,Keanu_Reeves/Keanu_Reeves_0006.jpg,Keanu_Reeves/Keanu_Reeves_0010.jpg,1,scored,0.5221843719482422,0.41554616391658783,1,1
1344,2,Keanu_Reeves/Keanu_Reeves_0007.jpg,Keanu_Reeves/Keanu_Reeves_0012.jpg,1,scored,0.450964093208313,0.41554616391658783,1,1
1345,2,Keira_Knightley/Keira_Knightley_0001.jpg,Keira_Knightley/Keira_Knightley_0002.jpg,1,scored,0.7028577327728271,0.41554616391658783,1,1
1346,2,Ken_Watanabe/Ken_Watanabe_0001.jpg,Ken_Watanabe/Ken_Watanabe_0002.jpg,1,scored,0.7717630863189697,0.41554616391658783,1,1
1347,2,Kieran_Prendergast/Kieran_Prendergast_0001.jpg,Kieran_Prendergast/Kieran_Prendergast_0002.jpg,1,scored,0.954308032989502,0.41554616391658783,1,1
1348,2,King_Abdullah_II/King_Abdullah_II_0001.jpg,King_Abdullah_II/King_Abdullah_II_0003.jpg,1,scored,0.8440008759498596,0.41554616391658783,1,1
1349,2,King_Abdullah_II/King_Abdullah_II_0001.jpg,King_Abdullah_II/King_Abdullah_II_0004.jpg,1,scored,0.7421396970748901,0.41554616391658783,1,1
1350,2,King_Abdullah_II/King_Abdullah_II_0002.jpg,King_Abdullah_II/King_Abdullah_II_0005.jpg,1,scored,0.7301191687583923,0.41554616391658783,1,1
1351,2,King_Abdullah_II/King_Abdullah_II_0003.jpg,King_Abdullah_II/King_Abdullah_II_0004.jpg,1,scored,0.7423953413963318,0.41554616391658783,1,1
1352,2,Kirk_Ferentz/Kirk_Ferentz_0001.jpg,Kirk_Ferentz/Kirk_Ferentz_0002.jpg,1,scored,0.5799435377120972,0.41554616391658783,1,1
1353,2,Kurt_Busch/Kurt_Busch_0001.jpg,Kurt_Busch/Kurt_Busch_0002.jpg,1,scored,0.6242985725402832,0.41554616391658783,1,1
1354,2,Larry_Bowa/Larry_Bowa_0001.jpg,Larry_Bowa/Larry_Bowa_0002.jpg,1,scored,0.8401317596435547,0.41554616391658783,1,1
1355,2,Larry_Thompson/Larry_Thompson_0001.jpg,Larry_Thompson/Larry_Thompson_0003.jpg,1,scored,0.7713907957077026,0.41554616391658783,1,1
1356,2,Larry_Thompson/Larry_Thompson_0001.jpg,Larry_Thompson/Larry_Thompson_0004.jpg,1,scored,0.8257454037666321,0.41554616391658783,1,1
1357,2,Larry_Thompson/Larry_Thompson_0002.jpg,Larry_Thompson/Larry_Thompson_0004.jpg,1,scored,0.8571465015411377,0.41554616391658783,1,1
1358,2,Laura_Bush/Laura_Bush_0001.jpg,Laura_Bush/Laura_Bush_0011.jpg,1,scored,0.6748855113983154,0.41554616391658783,1,1
1359,2,Laura_Bush/Laura_Bush_0021.jpg,Laura_Bush/Laura_Bush_0024.jpg,1,scored,0.8058028221130371,0.41554616391658783,1,1
1360,2,Laura_Bush/Laura_Bush_0021.jpg,Laura_Bush/Laura_Bush_0039.jpg,1,scored,0.7483720779418945,0.41554616391658783,1,1
1361,2,Laura_Bush/Laura_Bush_0026.jpg,Laura_Bush/Laura_Bush_0029.jpg,1,scored,0.6930044889450073,0.41554616391658783,1,1
1362,2,Lauren_Hutton/Lauren_Hutton_0001.jpg,Lauren_Hutton/Lauren_Hutton_0002.jpg,1,scored,0.7733858823776245,0.41554616391658783,1,1
1363,2,Leslie_Ann_Woodward/Leslie_Ann_Woodward_0001.jpg,Leslie_Ann_Woodward/Leslie_Ann_Woodward_0002.jpg,1,scored,0.9638172388076782,0.41554616391658783,1,1
1364,2,Leslie_Moonves/Leslie_Moonves_0001.jpg,Leslie_Moonves/Leslie_Moonves_0002.jpg,1,scored,0.6028779745101929,0.41554616391658783,1,1
1365,2,Lyle_Vanclief/Lyle_Vanclief_0001.jpg,Lyle_Vanclief/Lyle_Vanclief_0002.jpg,1,scored,0.8486549854278564,0.41554616391658783,1,1
1366,2,Magui_Serna/Magui_Serna_0001.jpg,Magui_Serna/Magui_Serna_0002.jpg,1,scored,0.9121731519699097,0.41554616391658783,1,1
1367,2,Makhdoom_Amin_Fahim/Makhdoom_Amin_Fahim_0001.jpg,Makhdoom_Amin_Fahim/Makhdoom_Amin_Fahim_0003.jpg,1,scored,0.9500716328620911,0.41554616391658783,1,1
1368,2,Makhdoom_Amin_Fahim/Makhdoom_Amin_Fahim_0002.jpg,Makhdoom_Amin_Fahim/Makhdoom_Amin_Fahim_0003.jpg,1,scored,0.8843905329704285,0.41554616391658783,1,1
1369,2,Marc-Andre_Fleury/Marc-Andre_Fleury_0001.jpg,Marc-Andre_Fleury/Marc-Andre_Fleury_0002.jpg,1,scored,0.9455044865608215,0.41554616391658783,1,1
1370,2,Marco_Antonio_Barrera/Marco_Antonio_Barrera_0001.jpg,Marco_Antonio_Barrera/Marco_Antonio_Barrera_0005.jpg,1,scored,0.7415332794189453,0.41554616391658783,1,1
1371,2,Marco_Antonio_Barrera/Marco_Antonio_Barrera_0005.jpg,Marco_Antonio_Barrera/Marco_Antonio_Barrera_0006.jpg,1,scored,0.6940329074859619,0.41554616391658783,1,1
1372,2,Marie-Reine_Le_Gougne/Marie-Reine_Le_Gougne_0001.jpg,Marie-Reine_Le_Gougne/Marie-Reine_Le_Gougne_0002.jpg,1,scored,0.6884739398956299,0.41554616391658783,1,1
1373,2,Marieta_Chrousala/Marieta_Chrousala_0001.jpg,Marieta_Chrousala/Marieta_Chrousala_0002.jpg,1,scored,0.7450991272926331,0.41554616391658783,1,1
1374,2,Marieta_Chrousala/Marieta_Chrousala_0001.jpg,Marieta_Chrousala/Marieta_Chrousala_0003.jpg,1,scored,0.8351818323135376,0.41554616391658783,1,1
1375,2,Marieta_Chrousala/Marieta_Chrousala_0002.jpg,Marieta_Chrousala/Marieta_Chrousala_0003.jpg,1,scored,0.8209354877471924,0.41554616391658783,1,1
1376,2,Marina_Anissina/Marina_Anissina_0001.jpg,Marina_Anissina/Marina_Anissina_0002.jpg,1,scored,0.8859730958938599,0.41554616391658783,1,1
1377,2,Mark_Hamister/Mark_Hamister_0001.jpg,Mark_Hamister/Mark_Hamister_0002.jpg,1,scored,0.8519102931022644,0.41554616391658783,1,1
1378,2,Martha_Stewart/Martha_Stewart_0001.jpg,Martha_Stewart/Martha_Stewart_0003.jpg,1,scored,0.8207962512969971,0.41554616391658783,1,1
1379,2,Martha_Stewart/Martha_Stewart_0001.jpg,Martha_Stewart/Martha_Stewart_0005.jpg,1,scored,0.6897910237312317,0.41554616391658783,1,1
1380,2,Martha_Stewart/Martha_Stewart_0002.jpg,Martha_Stewart/Martha_Stewart_0003.jpg,1,scored,0.8948547840118408,0.41554616391658783,1,1
1381,2,Martha_Stewart/Martha_Stewart_0002.jpg,Martha_Stewart/Martha_Stewart_0005.jpg,1,scored,0.8426007032394409,0.41554616391658783,1,1
1382,2,Martha_Stewart/Martha_Stewart_0003.jpg,Martha_Stewart/Martha_Stewart_0004.jpg,1,scored,0.9160522818565369,0.41554616391658783,1,1
1383,2,Martin_Brodeur/Martin_Brodeur_0001.jpg,Martin_Brodeur/Martin_Brodeur_0002.jpg,1,scored,0.7089094519615173,0.41554616391658783,1,1
1384,2,Martin_McCauley/Martin_McCauley_0001.jpg,Martin_McCauley/Martin_McCauley_0002.jpg,1,scored,0.856971263885498,0.41554616391658783,1,1
1385,2,Martin_Verkerk/Martin_Verkerk_0001.jpg,Martin_Verkerk/Martin_Verkerk_0002.jpg,1,scored,0.8013515472412109,0.41554616391658783,1,1
1386,2,Martin_Verkerk/Martin_Verkerk_0001.jpg,Martin_Verkerk/Martin_Verkerk_0003.jpg,1,scored,0.8256856203079224,0.41554616391658783,1,1
1387,2,Martin_Verkerk/Martin_Verkerk_0002.jpg,Martin_Verkerk/Martin_Verkerk_0003.jpg,1,scored,0.8193466663360596,0.41554616391658783,1,1
1388,2,Martina_McBride/Martina_McBride_0001.jpg,Martina_McBride/Martina_McBride_0003.jpg,1,scored,0.8121984601020813,0.41554616391658783,1,1
1389,2,Martina_McBride/Martina_McBride_0002.jpg,Martina_McBride/Martina_McBride_0004.jpg,1,scored,0.5333260297775269,0.41554616391658783,1,1
1390,2,Matt_Doherty/Matt_Doherty_0001.jpg,Matt_Doherty/Matt_Doherty_0002.jpg,1,scored,0.8947931528091431,0.41554616391658783,1,1
1391,2,Matt_Doherty/Matt_Doherty_0001.jpg,Matt_Doherty/Matt_Doherty_0003.jpg,1,scored,0.765608549118042,0.41554616391658783,1,1
1392,2,Matt_Doherty/Matt_Doherty_0002.jpg,Matt_Doherty/Matt_Doherty_0003.jpg,1,scored,0.7401145696640015,0.41554616391658783,1,1
1393,2,Matthew_Perry/Matthew_Perry_0001.jpg,Matthew_Perry/Matthew_Perry_0006.jpg,1,scored,0.6402128338813782,0.41554616391658783,1,1
1394,2,Matthew_Perry/Matthew_Perry_0002.jpg,Matthew_Perry/Matthew_Perry_0007.jpg,1,scored,0.6390268802642822,0.41554616391658783,1,1
1395,2,Matthew_Perry/Matthew_Perry_0003.jpg,Matthew_Perry/Matthew_Perry_0004.jpg,1,scored,0.5171218514442444,0.41554616391658783,1,1
1396,2,Megawati_Sukarnoputri/Megawati_Sukarnoputri_0006.jpg,Megawati_Sukarnoputri/Megawati_Sukarnoputri_0023.jpg,1,scored,0.8870527744293213,0.41554616391658783,1,1
1397,2,Megawati_Sukarnoputri/Megawati_Sukarnoputri_0007.jpg,Megawati_Sukarnoputri/Megawati_Sukarnoputri_0022.jpg,1,scored,0.8251003623008728,0.41554616391658783,1,1
1398,2,Megawati_Sukarnoputri/Megawati_Sukarnoputri_0010.jpg,Megawati_Sukarnoputri/Megawati_Sukarnoputri_0015.jpg,1,scored,0.7516310214996338,0.41554616391658783,1,1
1399,2,Megawati_Sukarnoputri/Megawati_Sukarnoputri_0011.jpg,Megawati_Sukarnoputri/Megawati_Sukarnoputri_0024.jpg,1,scored,0.8040842413902283,0.41554616391658783,1,1
1400,2,Megawati_Sukarnoputri/Megawati_Sukarnoputri_0020.jpg,Megawati_Sukarnoputri/Megawati_Sukarnoputri_0024.jpg,1,scored,0.7390760183334351,0.41554616391658783,1,1
1401,2,Megawati_Sukarnoputri/Megawati_Sukarnoputri_0020.jpg,Megawati_Sukarnoputri/Megawati_Sukarnoputri_0030.jpg,1,scored,0.7922724485397339,0.41554616391658783,1,1
1402,2,Meghann_Shaughnessy/Meghann_Shaughnessy_0001.jpg,Meghann_Shaughnessy/Meghann_Shaughnessy_0002.jpg,1,scored,0.6998511552810669,0.41554616391658783,1,1
1403,2,Michael_Capellas/Michael_Capellas_0001.jpg,Michael_Capellas/Michael_Capellas_0002.jpg,1,scored,0.47099828720092773,0.41554616391658783,1,1
1404,2,Michael_Sullivan/Michael_Sullivan_0001.jpg,Michael_Sullivan/Michael_Sullivan_0002.jpg,1,scored,0.8756719827651978,0.41554616391658783,1,1
1405,2,Mike_Brey/Mike_Brey_0001.jpg,Mike_Brey/Mike_Brey_0002.jpg,1,scored,0.7433896064758301,0.41554616391658783,1,1
1406,2,Naji_Sabri/Naji_Sabri_0001.jpg,Naji_Sabri/Naji_Sabri_0006.jpg,1,scored,0.777258038520813,0.41554616391658783,1,1
1407,2,Naji_Sabri/Naji_Sabri_0002.jpg,Naji_Sabri/Naji_Sabri_0004.jpg,1,scored,0.6953754425048828,0.41554616391658783,1,1
1408,2,Naji_Sabri/Naji_Sabri_0002.jpg,Naji_Sabri/Naji_Sabri_0007.jpg,1,scored,0.7715017795562744,0.41554616391658783,1,1
1409,2,Naji_Sabri/Naji_Sabri_0003.jpg,Naji_Sabri/Naji_Sabri_0008.jpg,1,scored,0.729404091835022,0.41554616391658783,1,1
1410,2,Naji_Sabri/Naji_Sabri_0006.jpg,Naji_Sabri/Naji_Sabri_0007.jpg,1,scored,0.6753478050231934,0.41554616391658783,1,1
1411,2,Nanni_Moretti/Nanni_Moretti_0001.jpg,Nanni_Moretti/Nanni_Moretti_0002.jpg,1,scored,0.8026183843612671,0.41554616391658783,1,1
1412,2,Nastassia_Kinski/Nastassia_Kinski_0001.jpg,Nastassia_Kinski/Nastassia_Kinski_0002.jpg,1,scored,0.9077543616294861,0.41554616391658783,1,1
1413,2,Natalie_Coughlin/Natalie_Coughlin_0002.jpg,Natalie_Coughlin/Natalie_Coughlin_0003.jpg,1,scored,0.5616153478622437,0.41554616391658783,1,1
1414,2,Natalie_Coughlin/Natalie_Coughlin_0004.jpg,Natalie_Coughlin/Natalie_Coughlin_0006.jpg,1,scored,0.9040753841400146,0.41554616391658783,1,1
1415,2,Natalie_Coughlin/Natalie_Coughlin_0005.jpg,Natalie_Coughlin/Natalie_Coughlin_0006.jpg,1,scored,0.9329694509506226,0.41554616391658783,1,1
1416,2,Norah_Jones/Norah_Jones_0003.jpg,Norah_Jones/Norah_Jones_0015.jpg,1,scored,0.5990620851516724,0.41554616391658783,1,1
1417,2,Norah_Jones/Norah_Jones_0004.jpg,Norah_Jones/Norah_Jones_0012.jpg,1,scored,0.7331495881080627,0.41554616391658783,1,1
1418,2,Norah_Jones/Norah_Jones_0007.jpg,Norah_Jones/Norah_Jones_0015.jpg,1,scored,0.7492913007736206,0.41554616391658783,1,1
1419,2,Norah_Jones/Norah_Jones_0009.jpg,Norah_Jones/Norah_Jones_0015.jpg,1,scored,0.645379900932312,0.41554616391658783,1,1
1420,2,Norah_Jones/Norah_Jones_0011.jpg,Norah_Jones/Norah_Jones_0012.jpg,1,scored,0.6033650636672974,0.41554616391658783,1,1
1421,2,Norm_Coleman/Norm_Coleman_0005.jpg,Norm_Coleman/Norm_Coleman_0007.jpg,1,scored,0.7509142756462097,0.41554616391658783,1,1
1422,2,Oscar_De_La_Hoya/Oscar_De_La_Hoya_0001.jpg,Oscar_De_La_Hoya/Oscar_De_La_Hoya_0003.jpg,1,scored,0.750271201133728,0.41554616391658783,1,1
1423,2,Oscar_De_La_Hoya/Oscar_De_La_Hoya_0002.jpg,Oscar_De_La_Hoya/Oscar_De_La_Hoya_0006.jpg,1,scored,0.748818039894104,0.41554616391658783,1,1
1424,2,Oscar_De_La_Hoya/Oscar_De_La_Hoya_0002.jpg,Oscar_De_La_Hoya/Oscar_De_La_Hoya_0007.jpg,1,scored,0.6861233711242676,0.41554616391658783,1,1
1425,2,Pascal_Lamy/Pascal_Lamy_0001.jpg,Pascal_Lamy/Pascal_Lamy_0002.jpg,1,scored,0.854154109954834,0.41554616391658783,1,1
1426,2,Pat_Burns/Pat_Burns_0001.jpg,Pat_Burns/Pat_Burns_0002.jpg,1,scored,0.7962555885314941,0.41554616391658783,1,1
1427,2,Paul_McCartney/Paul_McCartney_0003.jpg,Paul_McCartney/Paul_McCartney_0004.jpg,1,scored,0.8383740186691284,0.41554616391658783,1,1
1428,2,Paul_McCartney/Paul_McCartney_0003.jpg,Paul_McCartney/Paul_McCartney_0005.jpg,1,scored,0.8496988415718079,0.41554616391658783,1,1
1429,2,Paul_Wellstone/Paul_Wellstone_0001.jpg,Paul_Wellstone/Paul_Wellstone_0002.jpg,1,scored,0.7370420098304749,0.41554616391658783,1,1
1430,2,Paul_Wellstone/Paul_Wellstone_0001.jpg,Paul_Wellstone/Paul_Wellstone_0003.jpg,1,scored,0.4886092245578766,0.41554616391658783,1,1
1431,2,Paul_Wellstone/Paul_Wellstone_0002.jpg,Paul_Wellstone/Paul_Wellstone_0003.jpg,1,scored,0.5992467999458313,0.41554616391658783,1,1
1432,2,Penelope_Cruz/Penelope_Cruz_0001.jpg,Penelope_Cruz/Penelope_Cruz_0002.jpg,1,scored,0.816204309463501,0.41554616391658783,1,1
1433,2,Penelope_Cruz/Penelope_Cruz_0001.jpg,Penelope_Cruz/Penelope_Cruz_0003.jpg,1,scored,0.7575541138648987,0.41554616391658783,1,1
1434,2,Pete_Rose/Pete_Rose_0001.jpg,Pete_Rose/Pete_Rose_0002.jpg,1,scored,0.7841867208480835,0.41554616391658783,1,1
1435,2,Prince_Harry/Prince_Harry_0001.jpg,Prince_Harry/Prince_Harry_0002.jpg,1,scored,0.8993382453918457,0.41554616391658783,1,1
1436,2,Prince_Harry/Prince_Harry_0002.jpg,Prince_Harry/Prince_Harry_0003.jpg,1,scored,0.7744752168655396,0.41554616391658783,1,1
1437,2,Princess_Caroline/Princess_Caroline_0001.jpg,Princess_Caroline/Princess_Caroline_0002.jpg,1,scored,0.8589276671409607,0.41554616391658783,1,1
1438,2,Princess_Caroline/Princess_Caroline_0002.jpg,Princess_Caroline/Princess_Caroline_0005.jpg,1,scored,0.6549022197723389,0.41554616391658783,1,1
1439,2,Raquel_Welch/Raquel_Welch_0001.jpg,Raquel_Welch/Raquel_Welch_0002.jpg,1,scored,0.9388753175735474,0.41554616391658783,1,1
1440,2,Reggie_Miller/Reggie_Miller_0001.jpg,Reggie_Miller/Reggie_Miller_0002.jpg,1,scored,0.7414717674255371,0.41554616391658783,1,1
1441,2,Renee_Zellweger/Renee_Zellweger_0002.jpg,Renee_Zellweger/Renee_Zellweger_0013.jpg,1,scored,0.6790745854377747,0.41554616391658783,1,1
1442,2,Renee_Zellweger/Renee_Zellweger_0002.jpg,Renee_Zellweger/Renee_Zellweger_0016.jpg,1,scored,0.808921754360199,0.41554616391658783,1,1
1443,2,Renee_Zellweger/Renee_Zellweger_0003.jpg,Renee_Zellweger/Renee_Zellweger_0016.jpg,1,scored,0.6842230558395386,0.41554616391658783,1,1
1444,2,Ricardo_Sanchez/Ricardo_Sanchez_0001.jpg,Ricardo_Sanchez/Ricardo_Sanchez_0006.jpg,1,scored,0.7356202602386475,0.41554616391658783,1,1
1445,2,Ricardo_Sanchez/Ricardo_Sanchez_0002.jpg,Ricardo_Sanchez/Ricardo_Sanchez_0004.jpg,1,scored,0.814517617225647,0.41554616391658783,1,1
1446,2,Richard_Butler/Richard_Butler_0001.jpg,Richard_Butler/Richard_Butler_0002.jpg,1,scored,0.6981656551361084,0.41554616391658783,1,1
1447,2,Rubens_Barrichello/Rubens_Barrichello_0002.jpg,Rubens_Barrichello/Rubens_Barrichello_0003.jpg,1,scored,0.6370042562484741,0.41554616391658783,1,1
1448,2,Rubens_Barrichello/Rubens_Barrichello_0004.jpg,Rubens_Barrichello/Rubens_Barrichello_0005.jpg,1,scored,0.7190068960189819,0.41554616391658783,1,1
1449,2,Rubens_Barrichello/Rubens_Barrichello_0004.jpg,Rubens_Barrichello/Rubens_Barrichello_0008.jpg,1,scored,0.5349016785621643,0.41554616391658783,1,1
1450,2,Rubens_Barrichello/Rubens_Barrichello_0006.jpg,Rubens_Barrichello/Rubens_Barrichello_0011.jpg,1,scored,0.6016170978546143,0.41554616391658783,1,1
1451,2,Rubens_Barrichello/Rubens_Barrichello_0009.jpg,Rubens_Barrichello/Rubens_Barrichello_0012.jpg,1,scored,0.6824382543563843,0.41554616391658783,1,1
1452,2,Samira_Makhmalbaf/Samira_Makhmalbaf_0001.jpg,Samira_Makhmalbaf/Samira_Makhmalbaf_0002.jpg,1,scored,0.695260226726532,0.41554616391658783,1,1
1453,2,Samuel_Waksal/Samuel_Waksal_0001.jpg,Samuel_Waksal/Samuel_Waksal_0002.jpg,1,scored,0.7782738208770752,0.41554616391658783,1,1
1454,2,Samuel_Waksal/Samuel_Waksal_0001.jpg,Samuel_Waksal/Samuel_Waksal_0003.jpg,1,scored,0.7936779856681824,0.41554616391658783,1,1
1455,2,Samuel_Waksal/Samuel_Waksal_0001.jpg,Samuel_Waksal/Samuel_Waksal_0004.jpg,1,scored,0.8162298798561096,0.41554616391658783,1,1
1456,2,Samuel_Waksal/Samuel_Waksal_0002.jpg,Samuel_Waksal/Samuel_Waksal_0004.jpg,1,scored,0.7072169780731201,0.41554616391658783,1,1
1457,2,Scott_McClellan/Scott_McClellan_0001.jpg,Scott_McClellan/Scott_McClellan_0003.jpg,1,scored,0.9408469796180725,0.41554616391658783,1,1
1458,2,Scott_McClellan/Scott_McClellan_0002.jpg,Scott_McClellan/Scott_McClellan_0004.jpg,1,scored,0.8174622654914856,0.41554616391658783,1,1
1459,2,Scott_McClellan/Scott_McClellan_0002.jpg,Scott_McClellan/Scott_McClellan_0005.jpg,1,scored,0.7667988538742065,0.41554616391658783,1,1
1460,2,Scott_Rudin/Scott_Rudin_0001.jpg,Scott_Rudin/Scott_Rudin_0002.jpg,1,scored,0.8840987682342529,0.41554616391658783,1,1
1461,2,Shane_Warne/Shane_Warne_0001.jpg,Shane_Warne/Shane_Warne_0002.jpg,1,scored,0.6174116730690002,0.41554616391658783,1,1
1462,2,Sheila_Wellstone/Sheila_Wellstone_0001.jpg,Sheila_Wellstone/Sheila_Wellstone_0002.jpg,1,scored,0.7681350111961365,0.41554616391658783,1,1
1463,2,Sheryl_Crow/Sheryl_Crow_0001.jpg,Sheryl_Crow/Sheryl_Crow_0003.jpg,1,scored,0.6169461011886597,0.41554616391658783,1,1
1464,2,Silvan_Shalom/Silvan_Shalom_0002.jpg,Silvan_Shalom/Silvan_Shalom_0003.jpg,1,scored,0.7665352821350098,0.41554616391658783,1,1
1465,2,Silvan_Shalom/Silvan_Shalom_0002.jpg,Silvan_Shalom/Silvan_Shalom_0004.jpg,1,scored,0.6766071915626526,0.41554616391658783,1,1
1466,2,Silvan_Shalom/Silvan_Shalom_0002.jpg,Silvan_Shalom/Silvan_Shalom_0006.jpg,1,scored,0.8296563625335693,0.41554616391658783,1,1
1467,2,Silvan_Shalom/Silvan_Shalom_0003.jpg,Silvan_Shalom/Silvan_Shalom_0004.jpg,1,scored,0.734203040599823,0.41554616391658783,1,1
1468,2,Silvan_Shalom/Silvan_Shalom_0003.jpg,Silvan_Shalom/Silvan_Shalom_0006.jpg,1,scored,0.8406318426132202,0.41554616391658783,1,1
1469,2,Steve_Mariucci/Steve_Mariucci_0001.jpg,Steve_Mariucci/Steve_Mariucci_0003.jpg,1,scored,0.8988560438156128,0.41554616391658783,1,1
1470,2,Steve_Mariucci/Steve_Mariucci_0002.jpg,Steve_Mariucci/Steve_Mariucci_0003.jpg,1,scored,0.8001630306243896,0.41554616391658783,1,1
1471,2,Steven_Seagal/Steven_Seagal_0001.jpg,Steven_Seagal/Steven_Seagal_0002.jpg,1,scored,0.8257086277008057,0.41554616391658783,1,1
1472,2,Taha_Yassin_Ramadan/Taha_Yassin_Ramadan_0003.jpg,Taha_Yassin_Ramadan/Taha_Yassin_Ramadan_0012.jpg,1,scored,0.8630796074867249,0.41554616391658783,1,1
1473,2,Taha_Yassin_Ramadan/Taha_Yassin_Ramadan_0007.jpg,Taha_Yassin_Ramadan/Taha_Yassin_Ramadan_0013.jpg,1,scored,0.6107237935066223,0.41554616391658783,1,1
1474,2,Tammy_Lynn_Michaels/Tammy_Lynn_Michaels_0001.jpg,Tammy_Lynn_Michaels/Tammy_Lynn_Michaels_0002.jpg,1,scored,0.8295772671699524,0.41554616391658783,1,1
1475,2,Theodore_Tweed_Roosevelt/Theodore_Tweed_Roosevelt_0001.jpg,Theodore_Tweed_Roosevelt/Theodore_Tweed_Roosevelt_0002.jpg,1,scored,0.8218981027603149,0.41554616391658783,1,1
1476,2,Theodore_Tweed_Roosevelt/Theodore_Tweed_Roosevelt_0001.jpg,Theodore_Tweed_Roosevelt/Theodore_Tweed_Roosevelt_0003.jpg,1,scored,0.8414337038993835,0.41554616391658783,1,1
1477,2,Theodore_Tweed_Roosevelt/Theodore_Tweed_Roosevelt_0002.jpg,Theodore_Tweed_Roosevelt/Theodore_Tweed_Roosevelt_0003.jpg,1,scored,0.8449900150299072,0.41554616391658783,1,1
1478,2,Tom_Crean/Tom_Crean_0001.jpg,Tom_Crean/Tom_Crean_0002.jpg,1,scored,0.5979909896850586,0.41554616391658783,1,1
1479,2,Tom_Crean/Tom_Crean_0003.jpg,Tom_Crean/Tom_Crean_0005.jpg,1,scored,0.8242225646972656,0.41554616391658783,1,1
1480,2,Tom_Crean/Tom_Crean_0004.jpg,Tom_Crean/Tom_Crean_0005.jpg,1,scored,0.612955629825592,0.41554616391658783,1,1
1481,2,Tony_Bennett/Tony_Bennett_0001.jpg,Tony_Bennett/Tony_Bennett_0003.jpg,1,scored,0.7161509394645691,0.41554616391658783,1,1
1482,2,Torri_Edwards/Torri_Edwards_0001.jpg,Torri_Edwards/Torri_Edwards_0002.jpg,1,scored,0.8228187561035156,0.41554616391658783,1,1
1483,2,Tung_Chee-hwa/Tung_Chee-hwa_0001.jpg,Tung_Chee-hwa/Tung_Chee-hwa_0002.jpg,1,scored,0.5844957828521729,0.41554616391658783,1,1
1484,2,Tung_Chee-hwa/Tung_Chee-hwa_0001.jpg,Tung_Chee-hwa/Tung_Chee-hwa_0008.jpg,1,scored,0.5390113592147827,0.41554616391658783,1,1
1485,2,Tung_Chee-hwa/Tung_Chee-hwa_0002.jpg,Tung_Chee-hwa/Tung_Chee-hwa_0008.jpg,1,scored,0.852275550365448,0.41554616391658783,1,1
1486,2,Vidar_Helgesen/Vidar_Helgesen_0001.jpg,Vidar_Helgesen/Vidar_Helgesen_0002.jpg,1,scored,0.6470396518707275,0.41554616391658783,1,1
1487,2,Warren_Buffett/Warren_Buffett_0001.jpg,Warren_Buffett/Warren_Buffett_0002.jpg,1,scored,0.7381346225738525,0.41554616391658783,1,1
1488,2,Warren_Buffett/Warren_Buffett_0001.jpg,Warren_Buffett/Warren_Buffett_0003.jpg,1,scored,0.868772566318512,0.41554616391658783,1,1
1489,2,Wen_Jiabao/Wen_Jiabao_0001.jpg,Wen_Jiabao/Wen_Jiabao_0012.jpg,1,scored,0.8401336669921875,0.41554616391658783,1,1
1490,2,Wen_Jiabao/Wen_Jiabao_0002.jpg,Wen_Jiabao/Wen_Jiabao_0011.jpg,1,scored,0.8984746932983398,0.41554616391658783,1,1
1491,2,Wen_Jiabao/Wen_Jiabao_0004.jpg,Wen_Jiabao/Wen_Jiabao_0007.jpg,1,scored,0.8731474876403809,0.41554616391658783,1,1
1492,2,Wen_Jiabao/Wen_Jiabao_0005.jpg,Wen_Jiabao/Wen_Jiabao_0006.jpg,1,scored,0.8063244819641113,0.41554616391658783,1,1
1493,2,Wen_Jiabao/Wen_Jiabao_0007.jpg,Wen_Jiabao/Wen_Jiabao_0009.jpg,1,scored,0.9170161485671997,0.41554616391658783,1,1
1494,2,Wen_Jiabao/Wen_Jiabao_0007.jpg,Wen_Jiabao/Wen_Jiabao_0012.jpg,1,scored,0.7771724462509155,0.41554616391658783,1,1
1495,2,Wen_Jiabao/Wen_Jiabao_0008.jpg,Wen_Jiabao/Wen_Jiabao_0012.jpg,1,scored,0.8269113302230835,0.41554616391658783,1,1
1496,2,Wen_Jiabao/Wen_Jiabao_0010.jpg,Wen_Jiabao/Wen_Jiabao_0011.jpg,1,scored,0.9345743060112,0.41554616391658783,1,1
1497,2,Wen_Jiabao/Wen_Jiabao_0011.jpg,Wen_Jiabao/Wen_Jiabao_0012.jpg,1,scored,0.8586282134056091,0.41554616391658783,1,1
1498,2,Wesley_Clark/Wesley_Clark_0001.jpg,Wesley_Clark/Wesley_Clark_0002.jpg,1,scored,0.8149923086166382,0.41554616391658783,1,1
1499,2,Yuri_Malenchenko/Yuri_Malenchenko_0001.jpg,Yuri_Malenchenko/Yuri_Malenchenko_0002.jpg,1,scored,0.7336878776550293,0.41554616391658783,1,1
1500,2,Abbas_Kiarostami/Abbas_Kiarostami_0001.jpg,Fujio_Mitarai/Fujio_Mitarai_0001.jpg,0,scored,0.1559450328350067,0.41554616391658783,0,1
1501,2,Abdullah/Abdullah_0001.jpg,Teresa_Heinz_Kerry/Teresa_Heinz_Kerry_0001.jpg,0,scored,0.00759302731603384,0.41554616391658783,0,1
1502,2,Abdullah/Abdullah_0003.jpg,Samuel_Waksal/Samuel_Waksal_0001.jpg,0,scored,-0.16949446499347687,0.41554616391658783,0,1
1503,2,Abdullah/Abdullah_0004.jpg,Julio_Cesar_Franco/Julio_Cesar_Franco_0001.jpg,0,scored,0.09215487539768219,0.41554616391658783,0,1
1504,2,Abid_Hamid_Mahmud_Al-Tikriti/Abid_Hamid_Mahmud_Al-Tikriti_0001.jpg,Anjum_Hussain/Anjum_Hussain_0001.jpg,0,scored,0.2407974898815155,0.41554616391658783,0,1
1505,2,Abid_Hamid_Mahmud_Al-Tikriti/Abid_Hamid_Mahmud_Al-Tikriti_0002.jpg,Doris_Schroeder/Doris_Schroeder_0001.jpg,0,scored,0.04874242842197418,0.41554616391658783,0,1
1506,2,Adam_Freier/Adam_Freier_0001.jpg,Hillary_Clinton/Hillary_Clinton_0003.jpg,0,scored,-0.13024114072322845,0.41554616391658783,0,1
1507,2,Adam_Freier/Adam_Freier_0001.jpg,Princess_Caroline/Princess_Caroline_0001.jpg,0,scored,0.03890641778707504,0.41554616391658783,0,1
1508,2,Adam_Freier/Adam_Freier_0001.jpg,Regina_Ip/Regina_Ip_0001.jpg,0,scored,0.06501124799251556,0.41554616391658783,0,1
1509,2,Alan_Ball/Alan_Ball_0001.jpg,Kristin_Scott_Thomas/Kristin_Scott_Thomas_0001.jpg,0,scored,-0.23335079848766327,0.41554616391658783,0,1
1510,2,Alan_Ball/Alan_Ball_0002.jpg,Yuri_Malenchenko/Yuri_Malenchenko_0001.jpg,0,scored,-0.31418147683143616,0.41554616391658783,0,1
1511,2,Albert_Costa/Albert_Costa_0006.jpg,Gary_Barnett/Gary_Barnett_0001.jpg,0,scored,0.13154135644435883,0.41554616391658783,0,1
1512,2,Albert_Costa/Albert_Costa_0006.jpg,John_Marburger/John_Marburger_0001.jpg,0,scored,0.15390822291374207,0.41554616391658783,0,1
1513,2,Albert_Costa/Albert_Costa_0006.jpg,Wen_Jiabao/Wen_Jiabao_0007.jpg,0,scored,-0.027419796213507652,0.41554616391658783,0,1
1514,2,Alberta_Lee/Alberta_Lee_0001.jpg,Babe_Ruth/Babe_Ruth_0001.jpg,0,scored,-0.06622640788555145,0.41554616391658783,0,1
1515,2,Alex_Popov/Alex_Popov_0001.jpg,Kent_Rominger/Kent_Rominger_0002.jpg,0,scored,0.2360559105873108,0.41554616391658783,0,1
1516,2,Alex_Popov/Alex_Popov_0001.jpg,Matthew_During/Matthew_During_0001.jpg,0,scored,0.11101242899894714,0.41554616391658783,0,1
1517,2,Ali_Khamenei/Ali_Khamenei_0002.jpg,Roberto_Canessa/Roberto_Canessa_0001.jpg,0,scored,-0.024967871606349945,0.41554616391658783,0,1
1518,2,Amelia_Vega/Amelia_Vega_0001.jpg,Gina_Lollobrigida/Gina_Lollobrigida_0001.jpg,0,scored,-0.1425040364265442,0.41554616391658783,0,1
1519,2,Amelia_Vega/Amelia_Vega_0005.jpg,Jim_Harrick/Jim_Harrick_0001.jpg,0,scored,-0.09596893191337585,0.41554616391658783,0,1
1520,2,Amy_Pascal/Amy_Pascal_0001.jpg,Eduardo_Duhalde/Eduardo_Duhalde_0007.jpg,0,scored,0.22315233945846558,0.41554616391658783,0,1
1521,2,Amy_Pascal/Amy_Pascal_0001.jpg,Hank_Azaria/Hank_Azaria_0001.jpg,0,scored,-0.1740575134754181,0.41554616391658783,0,1
1522,2,Amy_Pascal/Amy_Pascal_0001.jpg,John_Marburger/John_Marburger_0001.jpg,0,scored,0.09004315733909607,0.41554616391658783,0,1
1523,2,Amy_Redford/Amy_Redford_0001.jpg,Roman_Coppola/Roman_Coppola_0001.jpg,0,scored,-0.3767496943473816,0.41554616391658783,0,1
1524,2,Amy_Redford/Amy_Redford_0001.jpg,Victor_Kraatz/Victor_Kraatz_0001.jpg,0,scored,-0.07764238864183426,0.41554616391658783,0,1
1525,2,Anderson_Varejao/Anderson_Varejao_0001.jpg,Dennis_Oswald/Dennis_Oswald_0001.jpg,0,scored,-0.027319861575961113,0.41554616391658783,0,1
1526,2,Anderson_Varejao/Anderson_Varejao_0001.jpg,Garth_Drabinsky/Garth_Drabinsky_0001.jpg,0,scored,-0.10002067685127258,0.41554616391658783,0,1
1527,2,Andrei_Nikolishin/Andrei_Nikolishin_0001.jpg,Angelica_Romero/Angelica_Romero_0001.jpg,0,scored,0.036257997155189514,0.41554616391658783,0,1
1528,2,Andrew_Bernard/Andrew_Bernard_0001.jpg,Don_Nickles/Don_Nickles_0002.jpg,0,scored,0.18209515511989594,0.41554616391658783,0,1
1529,2,Andrew_Bernard/Andrew_Bernard_0001.jpg,Hassan_Wirajuda/Hassan_Wirajuda_0001.jpg,0,scored,0.2697118818759918,0.41554616391658783,0,1
1530,2,Andrew_Bernard/Andrew_Bernard_0001.jpg,Mark_Broxmeyer/Mark_Broxmeyer_0001.jpg,0,scored,-0.25225645303726196,0.41554616391658783,0,1
1531,2,Andrew_Fastow/Andrew_Fastow_0001.jpg,Luca_Cordero_di_Montezemolo/Luca_Cordero_di_Montezemolo_0001.jpg,0,scored,-0.015878736972808838,0.41554616391658783,0,1
1532,2,Andrew_Fastow/Andrew_Fastow_0001.jpg,Meghann_Shaughnessy/Meghann_Shaughnessy_0001.jpg,0,scored,-0.1390361487865448,0.41554616391658783,0,1
1533,2,Andrew_Fastow/Andrew_Fastow_0001.jpg,Tomas_Malik/Tomas_Malik_0001.jpg,0,scored,0.01888975314795971,0.41554616391658783,0,1
1534,2,Andrew_Luster/Andrew_Luster_0001.jpg,Eric_Rosser/Eric_Rosser_0001.jpg,0,scored,0.05037671700119972,0.41554616391658783,0,1
1535,2,Andrew_Luster/Andrew_Luster_0001.jpg,Jose_Manuel_Durao_Barroso/Jose_Manuel_Durao_Barroso_0006.jpg,0,scored,0.05687651410698891,0.41554616391658783,0,1
1536,2,Andrew_Luster/Andrew_Luster_0001.jpg,Lisa_Murkowski/Lisa_Murkowski_0001.jpg,0,scored,-0.01665629632771015,0.41554616391658783,0,1
1537,2,Anita_DeFrantz/Anita_DeFrantz_0001.jpg,Carla_Gay_Balingit/Carla_Gay_Balingit_0001.jpg,0,scored,0.3505910336971283,0.41554616391658783,0,1
1538,2,Anita_DeFrantz/Anita_DeFrantz_0001.jpg,Penny_Lancaster/Penny_Lancaster_0001.jpg,0,scored,-0.19148747622966766,0.41554616391658783,0,1
1539,2,Anjum_Hussain/Anjum_Hussain_0001.jpg,David_Caraway/David_Caraway_0002.jpg,0,scored,-0.04018007963895798,0.41554616391658783,0,1
1540,2,Anne_Cavers/Anne_Cavers_0001.jpg,James_Barksdale/James_Barksdale_0001.jpg,0,scored,0.04726888984441757,0.41554616391658783,0,1
1541,2,Anne_Cavers/Anne_Cavers_0001.jpg,Stephen_Oake/Stephen_Oake_0001.jpg,0,scored,0.2798589766025543,0.41554616391658783,0,1
1542,2,Anthony_Hazen/Anthony_Hazen_0001.jpg,Debra_Yang/Debra_Yang_0001.jpg,0,scored,-0.14102399349212646,0.41554616391658783,0,1
1543,2,Antonio_Catania/Antonio_Catania_0001.jpg,Barry_Bonds/Barry_Bonds_0001.jpg,0,scored,-0.031785160303115845,0.41554616391658783,0,1
1544,2,Antonio_Catania/Antonio_Catania_0001.jpg,Taylyn_Solomon/Taylyn_Solomon_0001.jpg,0,scored,-0.10611622035503387,0.41554616391658783,0,1
1545,2,Aretha_Franklin/Aretha_Franklin_0001.jpg,Jean_Brumley/Jean_Brumley_0001.jpg,0,scored,0.010237352922558784,0.41554616391658783,0,1
1546,2,Aretha_Franklin/Aretha_Franklin_0001.jpg,Teruaki_Masumoto/Teruaki_Masumoto_0001.jpg,0,scored,0.02829549089074135,0.41554616391658783,0,1
1547,2,Art_Lopez/Art_Lopez_0001.jpg,Diane_Lane/Diane_Lane_0001.jpg,0,scored,0.03635796159505844,0.41554616391658783,0,1
1548,2,Arthur_Johnson/Arthur_Johnson_0001.jpg,Selma_Phoenix/Selma_Phoenix_0001.jpg,0,scored,-0.23702406883239746,0.41554616391658783,0,1
1549,2,Arye_Mekel/Arye_Mekel_0002.jpg,Chung_Mong-joon/Chung_Mong-joon_0001.jpg,0,scored,0.01559627428650856,0.41554616391658783,0,1
1550,2,Arye_Mekel/Arye_Mekel_0002.jpg,Georgina_Papin/Georgina_Papin_0001.jpg,0,scored,-0.28742387890815735,0.41554616391658783,0,1
1551,2,Babe_Ruth/Babe_Ruth_0001.jpg,Jim_Harrick/Jim_Harrick_0001.jpg,0,scored,0.09641209244728088,0.41554616391658783,0,1
1552,2,Babe_Ruth/Babe_Ruth_0001.jpg,Pete_Aldridge/Pete_Aldridge_0001.jpg,0,scored,-0.12187423557043076,0.41554616391658783,0,1
1553,2,Barry_Bonds/Barry_Bonds_0001.jpg,James_Barksdale/James_Barksdale_0001.jpg,0,scored,0.19486141204833984,0.41554616391658783,0,1
1554,2,Barry_Bonds/Barry_Bonds_0001.jpg,Mickey_Sherman/Mickey_Sherman_0001.jpg,0,scored,0.33342042565345764,0.41554616391658783,0,1
1555,2,Barry_Switzer/Barry_Switzer_0001.jpg,Jiang_Zemin/Jiang_Zemin_0011.jpg,0,scored,-0.09025285392999649,0.41554616391658783,0,1
1556,2,Barry_Switzer/Barry_Switzer_0001.jpg,Kirk_Ferentz/Kirk_Ferentz_0002.jpg,0,scored,0.2419089376926422,0.41554616391658783,0,1
1557,2,Bernard_Giraudeau/Bernard_Giraudeau_0001.jpg,Keira_Knightley/Keira_Knightley_0001.jpg,0,scored,-0.08995583653450012,0.41554616391658783,0,1
1558,2,Bernard_Landry/Bernard_Landry_0003.jpg,Stacey_Jones/Stacey_Jones_0001.jpg,0,scored,-0.07591670751571655,0.41554616391658783,0,1
1559,2,Bernard_Landry/Bernard_Landry_0004.jpg,Sylvia_Plachy/Sylvia_Plachy_0001.jpg,0,scored,-0.10765044391155243,0.41554616391658783,0,1
1560,2,Biljana_Plavsic/Biljana_Plavsic_0001.jpg,Kieran_Prendergast/Kieran_Prendergast_0002.jpg,0,scored,0.0802944153547287,0.41554616391658783,0,1
1561,2,Bill_Cartwright/Bill_Cartwright_0001.jpg,Claude_Jorda/Claude_Jorda_0001.jpg,0,scored,0.1910233497619629,0.41554616391658783,0,1
1562,2,Bill_Lerach/Bill_Lerach_0001.jpg,Martin_Verkerk/Martin_Verkerk_0002.jpg,0,scored,0.07485999166965485,0.41554616391658783,0,1
1563,2,Bob_Hope/Bob_Hope_0001.jpg,Stanley_Ho/Stanley_Ho_0001.jpg,0,scored,0.3353230953216553,0.41554616391658783,0,1
1564,2,Bob_Hope/Bob_Hope_0005.jpg,Micah_Knorr/Micah_Knorr_0001.jpg,0,scored,-0.11263418942689896,0.41554616391658783,0,1
1565,2,Bob_Hope/Bob_Hope_0005.jpg,Mitchell_Potter/Mitchell_Potter_0001.jpg,0,scored,0.23882167041301727,0.41554616391658783,0,1
1566,2,Bob_Menendez/Bob_Menendez_0001.jpg,David_Caraway/David_Caraway_0002.jpg,0,scored,0.09053746610879898,0.41554616391658783,0,1
1567,2,Bob_Menendez/Bob_Menendez_0001.jpg,Lauren_Hutton/Lauren_Hutton_0001.jpg,0,scored,0.19687524437904358,0.41554616391658783,0,1
1568,2,Bob_Riley/Bob_Riley_0001.jpg,Danny_Ainge/Danny_Ainge_0001.jpg,0,scored,0.16939303278923035,0.41554616391658783,0,1
1569,2,Bob_Riley/Bob_Riley_0001.jpg,Nastassia_Kinski/Nastassia_Kinski_0002.jpg,0,scored,0.1921825110912323,0.41554616391658783,0,1
1570,2,Bob_Riley/Bob_Riley_0001.jpg,Sheila_Wellstone/Sheila_Wellstone_0002.jpg,0,scored,0.035651445388793945,0.41554616391658783,0,1
1571,2,Brad_Wilk/Brad_Wilk_0001.jpg,Phil_Cline/Phil_Cline_0001.jpg,0,scored,-0.007093815132975578,0.41554616391658783,0,1
1572,2,Brad_Wilk/Brad_Wilk_0001.jpg,Scott_Dalton/Scott_Dalton_0001.jpg,0,scored,0.03761977329850197,0.41554616391658783,0,1
1573,2,Brian_Grazier/Brian_Grazier_0001.jpg,Tomas_Malik/Tomas_Malik_0001.jpg,0,scored,0.2743132710456848,0.41554616391658783,0,1
1574,2,Brian_StPierre/Brian_StPierre_0001.jpg,Steve_Mariucci/Steve_Mariucci_0002.jpg,0,scored,-0.14723369479179382,0.41554616391658783,0,1
1575,2,Cari_Davis/Cari_Davis_0001.jpg,Don_Henley/Don_Henley_0001.jpg,0,scored,-0.23266470432281494,0.41554616391658783,0,1
1576,2,Cari_Davis/Cari_Davis_0001.jpg,Mark_Broxmeyer/Mark_Broxmeyer_0001.jpg,0,scored,-0.06807928532361984,0.41554616391658783,0,1
1577,2,Carin_Koch/Carin_Koch_0001.jpg,John_Banko/John_Banko_0002.jpg,0,scored,-0.20329132676124573,0.41554616391658783,0,1
1578,2,Carla_Gay_Balingit/Carla_Gay_Balingit_0001.jpg,Frank_Lautenberg/Frank_Lautenberg_0002.jpg,0,scored,-0.07658616453409195,0.41554616391658783,0,1
1579,2,Carla_Gay_Balingit/Carla_Gay_Balingit_0001.jpg,Paula_Dobriansky/Paula_Dobriansky_0001.jpg,0,scored,0.19499021768569946,0.41554616391658783,0,1
1580,2,Carlos_Ruiz/Carlos_Ruiz_0001.jpg,Peter_Schultz/Peter_Schultz_0001.jpg,0,scored,-0.2753509283065796,0.41554616391658783,0,1
1581,2,Carlos_Ruiz/Carlos_Ruiz_0003.jpg,Jennifer_Tilly/Jennifer_Tilly_0001.jpg,0,scored,0.18062081933021545,0.41554616391658783,0,1
1582,2,Carly_Fiorina/Carly_Fiorina_0002.jpg,Peter_Ueberroth/Peter_Ueberroth_0001.jpg,0,scored,0.11733948439359665,0.41554616391658783,0,1
1583,2,Catherine_Woodard/Catherine_Woodard_0001.jpg,Mike_Sweeney/Mike_Sweeney_0001.jpg,0,scored,-0.1445101499557495,0.41554616391658783,0,1
1584,2,Chan_Ho_Park/Chan_Ho_Park_0001.jpg,Xiang_Xu/Xiang_Xu_0001.jpg,0,scored,0.20403441786766052,0.41554616391658783,0,1
1585,2,Chance_Mock/Chance_Mock_0001.jpg,Herb_Ritts/Herb_Ritts_0001.jpg,0,scored,0.11293066293001175,0.41554616391658783,0,1
1586,2,Chance_Mock/Chance_Mock_0001.jpg,Shafal_Mosed/Shafal_Mosed_0001.jpg,0,scored,0.03451015055179596,0.41554616391658783,0,1
1587,2,Chance_Mock/Chance_Mock_0001.jpg,Simona_Hradil/Simona_Hradil_0001.jpg,0,scored,-0.09748496115207672,0.41554616391658783,0,1
1588,2,Chance_Mock/Chance_Mock_0001.jpg,Troy_Jenkins/Troy_Jenkins_0001.jpg,0,scored,0.11657628417015076,0.41554616391658783,0,1
1589,2,Charles_Taylor/Charles_Taylor_0007.jpg,Tom_Curley/Tom_Curley_0001.jpg,0,scored,0.02171928994357586,0.41554616391658783,0,1
1590,2,Chea_Sophara/Chea_Sophara_0001.jpg,John_Wolf/John_Wolf_0001.jpg,0,scored,0.20430779457092285,0.41554616391658783,0,1
1591,2,Chris_Cirino/Chris_Cirino_0001.jpg,Jen_Bice/Jen_Bice_0001.jpg,0,scored,-0.04957060515880585,0.41554616391658783,0,1
1592,2,Chris_Cirino/Chris_Cirino_0001.jpg,Mary_Lou_Markakis/Mary_Lou_Markakis_0001.jpg,0,scored,0.044137246906757355,0.41554616391658783,0,1
1593,2,Chris_Cirino/Chris_Cirino_0001.jpg,Peri_Gilpin/Peri_Gilpin_0001.jpg,0,scored,0.255157470703125,0.41554616391658783,0,1
1594,2,Christina_Sawaya/Christina_Sawaya_0001.jpg,Greg_Gilbert/Greg_Gilbert_0001.jpg,0,scored,-0.24593694508075714,0.41554616391658783,0,1
1595,2,Chung_Mong-joon/Chung_Mong-joon_0001.jpg,David_Modell/David_Modell_0001.jpg,0,scored,0.09392013400793076,0.41554616391658783,0,1
1596,2,Chung_Mong-joon/Chung_Mong-joon_0001.jpg,Luca_Cordero_di_Montezemolo/Luca_Cordero_di_Montezemolo_0001.jpg,0,scored,0.10084791481494904,0.41554616391658783,0,1
1597,2,Chung_Mong-joon/Chung_Mong-joon_0001.jpg,Nick_Markakis/Nick_Markakis_0001.jpg,0,scored,-0.0540245920419693,0.41554616391658783,0,1
1598,2,Chung_Mong-joon/Chung_Mong-joon_0002.jpg,John_Rusnak/John_Rusnak_0001.jpg,0,scored,0.05137476325035095,0.41554616391658783,0,1
1599,2,Claire_Leger/Claire_Leger_0001.jpg,David_Caraway/David_Caraway_0002.jpg,0,scored,0.1579955518245697,0.41554616391658783,0,1
1600,2,Claire_Leger/Claire_Leger_0001.jpg,Jerry_Sexton/Jerry_Sexton_0001.jpg,0,scored,0.013665424659848213,0.41554616391658783,0,1
1601,2,Claire_Leger/Claire_Leger_0001.jpg,Nobuyuki_Idei/Nobuyuki_Idei_0001.jpg,0,scored,-1.1261552572250366e-05,0.41554616391658783,0,1
1602,2,Clark_Randt/Clark_Randt_0001.jpg,Katie_Boone/Katie_Boone_0001.jpg,0,scored,0.2943263649940491,0.41554616391658783,0,1
1603,2,Clark_Randt/Clark_Randt_0001.jpg,Marc-Andre_Fleury/Marc-Andre_Fleury_0001.jpg,0,scored,0.38847094774246216,0.41554616391658783,0,1
1604,2,Clemente_de_la_Vega/Clemente_de_la_Vega_0001.jpg,Ron_Gonzales/Ron_Gonzales_0001.jpg,0,scored,0.13633441925048828,0.41554616391658783,0,1
1605,2,Colin_Campbell/Colin_Campbell_0001.jpg,Frank_Keating/Frank_Keating_0001.jpg,0,scored,0.20396387577056885,0.41554616391658783,0,1
1606,2,Colin_Campbell/Colin_Campbell_0001.jpg,Jean_Carnahan/Jean_Carnahan_0002.jpg,0,scored,-0.024664022028446198,0.41554616391658783,0,1
1607,2,Colin_Campbell/Colin_Campbell_0001.jpg,Mitchell_Potter/Mitchell_Potter_0001.jpg,0,scored,0.3042078912258148,0.41554616391658783,0,1
1608,2,Colleen_Atwood/Colleen_Atwood_0001.jpg,Penelope_Cruz/Penelope_Cruz_0002.jpg,0,scored,-0.13159018754959106,0.41554616391658783,0,1
1609,2,Craig_Morgan/Craig_Morgan_0001.jpg,Matthew_McConaughey/Matthew_McConaughey_0001.jpg,0,scored,0.19458787143230438,0.41554616391658783,0,1
1610,2,Dan_Duquette/Dan_Duquette_0001.jpg,Paddy_Torsney/Paddy_Torsney_0001.jpg,0,scored,-0.12399671226739883,0.41554616391658783,0,1
1611,2,Daniel_Ortega/Daniel_Ortega_0001.jpg,Norah_Jones/Norah_Jones_0006.jpg,0,scored,-0.13334921002388,0.41554616391658783,0,1
1612,2,Daniel_Patrick_Moynihan/Daniel_Patrick_Moynihan_0001.jpg,Eglis_Yaima_Cruz/Eglis_Yaima_Cruz_0001.jpg,0,scored,-0.26684898138046265,0.41554616391658783,0,1
1613,2,Daniel_Patrick_Moynihan/Daniel_Patrick_Moynihan_0001.jpg,Newton_Carlton_Slawson/Newton_Carlton_Slawson_0001.jpg,0,scored,-0.06602661311626434,0.41554616391658783,0,1
1614,2,Daniel_Rouse/Daniel_Rouse_0001.jpg,Doris_Schroeder/Doris_Schroeder_0001.jpg,0,scored,0.0645001009106636,0.41554616391658783,0,1
1615,2,Daniel_Rouse/Daniel_Rouse_0001.jpg,Mike_Johanns/Mike_Johanns_0001.jpg,0,scored,0.1992035210132599,0.41554616391658783,0,1
1616,2,Daniell_Sunjata/Daniell_Sunjata_0001.jpg,Marc-Andre_Fleury/Marc-Andre_Fleury_0002.jpg,0,scored,0.15864917635917664,0.41554616391658783,0,1
1617,2,Danny_Ainge/Danny_Ainge_0001.jpg,Lee_Ann_Terlaji/Lee_Ann_Terlaji_0001.jpg,0,scored,0.10600346326828003,0.41554616391658783,0,1
1618,2,David_Leahy/David_Leahy_0001.jpg,Jerry_Sexton/Jerry_Sexton_0001.jpg,0,scored,0.2512138783931732,0.41554616391658783,0,1
1619,2,David_Scott_Morris/David_Scott_Morris_0001.jpg,Valerie_Thwaites/Valerie_Thwaites_0001.jpg,0,scored,0.4110158681869507,0.41554616391658783,0,1
1620,2,David_Zeplowitz/David_Zeplowitz_0001.jpg,Jerry_Springer/Jerry_Springer_0001.jpg,0,scored,-0.022908790037035942,0.41554616391658783,0,1
1621,2,Dawn_Staley/Dawn_Staley_0001.jpg,Hasan_Wirayuda/Hasan_Wirayuda_0001.jpg,0,scored,0.03517766296863556,0.41554616391658783,0,1
1622,2,Debra_Rose/Debra_Rose_0001.jpg,Jonathan_Edwards/Jonathan_Edwards_0002.jpg,0,scored,-0.12209036201238632,0.41554616391658783,0,1
1623,2,Debra_Yang/Debra_Yang_0001.jpg,Hashim_Thaci/Hashim_Thaci_0002.jpg,0,scored,-0.1383848786354065,0.41554616391658783,0,1
1624,2,Debra_Yang/Debra_Yang_0001.jpg,Yekaterina_Guseva/Yekaterina_Guseva_0001.jpg,0,scored,0.021465176716446877,0.41554616391658783,0,1
1625,2,Denis_Fassou-Nguesso/Denis_Fassou-Nguesso_0001.jpg,William_Overlin/William_Overlin_0001.jpg,0,scored,-0.1266692578792572,0.41554616391658783,0,1
1626,2,Derrick_Taylor/Derrick_Taylor_0001.jpg,Giuseppe_Morchio/Giuseppe_Morchio_0001.jpg,0,scored,0.1412283331155777,0.41554616391658783,0,1
1627,2,Derrick_Taylor/Derrick_Taylor_0001.jpg,William_Overlin/William_Overlin_0001.jpg,0,scored,0.05210702866315842,0.41554616391658783,0,1
1628,2,Dick_Cheney/Dick_Cheney_0005.jpg,James_Murdoch/James_Murdoch_0001.jpg,0,scored,0.15845461189746857,0.41554616391658783,0,1
1629,2,Dick_Cheney/Dick_Cheney_0008.jpg,Nobuyuki_Idei/Nobuyuki_Idei_0001.jpg,0,scored,-0.07063331454992294,0.41554616391658783,0,1
1630,2,Dick_Smothers/Dick_Smothers_0001.jpg,Yoon_Won-Sik/Yoon_Won-Sik_0001.jpg,0,scored,-0.19327008724212646,0.41554616391658783,0,1
1631,2,Dita_Von_Tesse/Dita_Von_Tesse_0001.jpg,Mohammed_Al-Douri/Mohammed_Al-Douri_0012.jpg,0,scored,0.12571626901626587,0.41554616391658783,0,1
1632,2,Don_Henley/Don_Henley_0001.jpg,Ernie_Eves/Ernie_Eves_0001.jpg,0,scored,0.2933073043823242,0.41554616391658783,0,1
1633,2,Don_Henley/Don_Henley_0001.jpg,Gil_Cates/Gil_Cates_0001.jpg,0,scored,0.26461878418922424,0.41554616391658783,0,1
1634,2,Don_Henley/Don_Henley_0001.jpg,Stephen_Frears/Stephen_Frears_0001.jpg,0,scored,0.02497648447751999,0.41554616391658783,0,1
1635,2,Don_Henley/Don_Henley_0001.jpg,Ziwang_Xu/Ziwang_Xu_0001.jpg,0,scored,0.09346789866685867,0.41554616391658783,0,1
1636,2,Donald_Regan/Donald_Regan_0001.jpg,John_Gruden/John_Gruden_0001.jpg,0,scored,0.19438257813453674,0.41554616391658783,0,1
1637,2,Doris_Schroeder/Doris_Schroeder_0002.jpg,Joe_Mantegna/Joe_Mantegna_0001.jpg,0,scored,-0.06821633130311966,0.41554616391658783,0,1
1638,2,Eduardo_Duhalde/Eduardo_Duhalde_0001.jpg,Paula_Dobriansky/Paula_Dobriansky_0001.jpg,0,scored,-0.3447686731815338,0.41554616391658783,0,1
1639,2,Eduardo_Duhalde/Eduardo_Duhalde_0002.jpg,Tab_Turner/Tab_Turner_0001.jpg,0,scored,-0.0043661706149578094,0.41554616391658783,0,1
1640,2,Eduardo_Duhalde/Eduardo_Duhalde_0013.jpg,James_Murdoch/James_Murdoch_0001.jpg,0,scored,-0.20252791047096252,0.41554616391658783,0,1
1641,2,Edward_Egan/Edward_Egan_0001.jpg,Ernie_Fletcher/Ernie_Fletcher_0002.jpg,0,scored,-0.17685174942016602,0.41554616391658783,0,1
1642,2,Edward_Johnson/Edward_Johnson_0001.jpg,Jessica_Capshaw/Jessica_Capshaw_0001.jpg,0,scored,0.051524192094802856,0.41554616391658783,0,1
1643,2,El_Hadji_Diouf/El_Hadji_Diouf_0001.jpg,Hitomi_Soga/Hitomi_Soga_0002.jpg,0,scored,-0.06344806402921677,0.41554616391658783,0,1
1644,2,Emilio_Botin/Emilio_Botin_0001.jpg,Luca_Cordero_di_Montezemolo/Luca_Cordero_di_Montezemolo_0001.jpg,0,scored,0.07189929485321045,0.41554616391658783,0,1
1645,2,Emilio_Botin/Emilio_Botin_0001.jpg,Robert_Hyatt/Robert_Hyatt_0001.jpg,0,scored,-0.005096375942230225,0.41554616391658783,0,1
1646,2,Enrique_Iglesias/Enrique_Iglesias_0001.jpg,Gisele_Bundchen/Gisele_Bundchen_0002.jpg,0,scored,-0.3248186707496643,0.41554616391658783,0,1
1647,2,Eric_Bana/Eric_Bana_0001.jpg,Mike_Sweeney/Mike_Sweeney_0001.jpg,0,scored,0.019039761275053024,0.41554616391658783,0,1
1648,2,Eric_Bana/Eric_Bana_0001.jpg,Tab_Turner/Tab_Turner_0001.jpg,0,scored,0.2571348547935486,0.41554616391658783,0,1
1649,2,Eric_Benet/Eric_Benet_0001.jpg,Mohammad_Mustapha_Miro/Mohammad_Mustapha_Miro_0001.jpg,0,scored,0.10077665746212006,0.41554616391658783,0,1
1650,2,Eric_Rosser/Eric_Rosser_0001.jpg,Marc-Andre_Fleury/Marc-Andre_Fleury_0002.jpg,0,scored,-0.10623309761285782,0.41554616391658783,0,1
1651,2,Eric_Rosser/Eric_Rosser_0001.jpg,Peter_Chan/Peter_Chan_0001.jpg,0,scored,-0.15305067598819733,0.41554616391658783,0,1
1652,2,Ernie_Eves/Ernie_Eves_0002.jpg,Hana_Makhmalbaf/Hana_Makhmalbaf_0001.jpg,0,scored,-0.024361031129956245,0.41554616391658783,0,1
1653,2,Fernando_Vargas/Fernando_Vargas_0001.jpg,Julio_Cesar_Franco/Julio_Cesar_Franco_0001.jpg,0,scored,-0.034347593784332275,0.41554616391658783,0,1
1654,2,Fernando_Vargas/Fernando_Vargas_0003.jpg,Martin_Verkerk/Martin_Verkerk_0003.jpg,0,scored,0.22762130200862885,0.41554616391658783,0,1
1655,2,Flavia_Pennetta/Flavia_Pennetta_0001.jpg,Larry_Flynt/Larry_Flynt_0001.jpg,0,scored,-0.010575264692306519,0.41554616391658783,0,1
1656,2,Flavia_Pennetta/Flavia_Pennetta_0001.jpg,Micah_Knorr/Micah_Knorr_0001.jpg,0,scored,-0.05554654076695442,0.41554616391658783,0,1
1657,2,Flavia_Pennetta/Flavia_Pennetta_0001.jpg,Paul_Wellstone/Paul_Wellstone_0001.jpg,0,scored,0.05433157831430435,0.41554616391658783,0,1
1658,2,Frank_Keating/Frank_Keating_0001.jpg,Paul_McCartney/Paul_McCartney_0007.jpg,0,scored,-0.16684116423130035,0.41554616391658783,0,1
1659,2,Frank_Lautenberg/Frank_Lautenberg_0002.jpg,Michael_Capellas/Michael_Capellas_0001.jpg,0,scored,0.30881446599960327,0.41554616391658783,0,1
1660,2,Frank_Lautenberg/Frank_Lautenberg_0002.jpg,Steve_Allee/Steve_Allee_0001.jpg,0,scored,0.07598331570625305,0.41554616391658783,0,1
1661,2,Fujio_Mitarai/Fujio_Mitarai_0001.jpg,Harvey_Weinstein/Harvey_Weinstein_0001.jpg,0,scored,0.10381949692964554,0.41554616391658783,0,1
1662,2,Gabriella_Bo/Gabriella_Bo_0001.jpg,Jeremy_Shockey/Jeremy_Shockey_0002.jpg,0,scored,-0.14784149825572968,0.41554616391658783,0,1
1663,2,Gavyn_Arthur/Gavyn_Arthur_0001.jpg,Kevin_Hearn/Kevin_Hearn_0001.jpg,0,scored,0.13856995105743408,0.41554616391658783,0,1
1664,2,Gavyn_Arthur/Gavyn_Arthur_0001.jpg,Lynne_Slepian/Lynne_Slepian_0001.jpg,0,scored,-0.0570228137075901,0.41554616391658783,0,1
1665,2,Gavyn_Arthur/Gavyn_Arthur_0001.jpg,Zahir_Shah/Zahir_Shah_0001.jpg,0,scored,0.04802887886762619,0.41554616391658783,0,1
1666,2,George_HW_Bush/George_HW_Bush_0007.jpg,George_Maxwell_Richards/George_Maxwell_Richards_0001.jpg,0,scored,0.12504443526268005,0.41554616391658783,0,1
1667,2,George_HW_Bush/George_HW_Bush_0013.jpg,Penny_Lancaster/Penny_Lancaster_0001.jpg,0,scored,0.04131833463907242,0.41554616391658783,0,1
1668,2,George_Maxwell_Richards/George_Maxwell_Richards_0001.jpg,Reggie_Miller/Reggie_Miller_0001.jpg,0,scored,0.047680843621492386,0.41554616391658783,0,1
1669,2,Georgina_Papin/Georgina_Papin_0001.jpg,Mary_Lou_Retton/Mary_Lou_Retton_0001.jpg,0,scored,0.00840333104133606,0.41554616391658783,0,1
1670,2,Georgina_Papin/Georgina_Papin_0001.jpg,Svend_Robinson/Svend_Robinson_0001.jpg,0,scored,0.04291096329689026,0.41554616391658783,0,1
1671,2,Gerry_Kelly/Gerry_Kelly_0001.jpg,Keira_Knightley/Keira_Knightley_0001.jpg,0,scored,0.11316512525081635,0.41554616391658783,0,1
1672,2,Giannina_Facio/Giannina_Facio_0001.jpg,Peri_Gilpin/Peri_Gilpin_0001.jpg,0,scored,0.31377366185188293,0.41554616391658783,0,1
1673,2,Gideon_Black/Gideon_Black_0001.jpg,Kevin_Hearn/Kevin_Hearn_0001.jpg,0,scored,0.08271349966526031,0.41554616391658783,0,1
1674,2,Gideon_Black/Gideon_Black_0001.jpg,Shafal_Mosed/Shafal_Mosed_0001.jpg,0,scored,-0.236983060836792,0.41554616391658783,0,1
1675,2,Gisele_Bundchen/Gisele_Bundchen_0002.jpg,Penny_Lancaster/Penny_Lancaster_0001.jpg,0,scored,0.305589497089386,0.41554616391658783,0,1
1676,2,Giuseppe_Morchio/Giuseppe_Morchio_0001.jpg,Penny_Lancaster/Penny_Lancaster_0001.jpg,0,scored,-0.009215634316205978,0.41554616391658783,0,1
1677,2,Greg_Frers/Greg_Frers_0001.jpg,Mohammed_Al-Douri/Mohammed_Al-Douri_0004.jpg,0,scored,-0.20122423768043518,0.41554616391658783,0,1
1678,2,Greg_Gilbert/Greg_Gilbert_0001.jpg,Mehmet_Ali_Sahin/Mehmet_Ali_Sahin_0001.jpg,0,scored,0.17640306055545807,0.41554616391658783,0,1
1679,2,Gregorio_Honasan/Gregorio_Honasan_0001.jpg,Jim_Schwarz/Jim_Schwarz_0001.jpg,0,scored,-0.203857421875,0.41554616391658783,0,1
1680,2,Gregorio_Honasan/Gregorio_Honasan_0001.jpg,Jonathan_Fine/Jonathan_Fine_0001.jpg,0,scored,0.2143935263156891,0.41554616391658783,0,1
1681,2,Gregorio_Honasan/Gregorio_Honasan_0001.jpg,Matt_Doherty/Matt_Doherty_0001.jpg,0,scored,-0.009869938716292381,0.41554616391658783,0,1
1682,2,Hama_Arba_Diallo/Hama_Arba_Diallo_0001.jpg,Zhang_Yimou/Zhang_Yimou_0001.jpg,0,scored,-0.06985796988010406,0.41554616391658783,0,1
1683,2,Hana_Makhmalbaf/Hana_Makhmalbaf_0001.jpg,Raquel_Welch/Raquel_Welch_0001.jpg,0,scored,-0.22159713506698608,0.41554616391658783,0,1
1684,2,Hassan_Wirajuda/Hassan_Wirajuda_0001.jpg,Scott_Dalton/Scott_Dalton_0001.jpg,0,scored,-0.2487015426158905,0.41554616391658783,0,1
1685,2,Hector_Babenco/Hector_Babenco_0002.jpg,Talisa_Bratt/Talisa_Bratt_0001.jpg,0,scored,0.05147065967321396,0.41554616391658783,0,1
1686,2,Herb_Ritts/Herb_Ritts_0001.jpg,Mark_Broxmeyer/Mark_Broxmeyer_0001.jpg,0,scored,0.1958964765071869,0.41554616391658783,0,1
1687,2,Hugh_Campbell/Hugh_Campbell_0001.jpg,Ken_Watanabe/Ken_Watanabe_0001.jpg,0,scored,-0.09790360927581787,0.41554616391658783,0,1
1688,2,Hugh_Campbell/Hugh_Campbell_0001.jpg,Masamori_Tokuyama/Masamori_Tokuyama_0001.jpg,0,scored,0.16264986991882324,0.41554616391658783,0,1
1689,2,Hugh_Campbell/Hugh_Campbell_0001.jpg,Tom_Foy/Tom_Foy_0001.jpg,0,scored,0.13035601377487183,0.41554616391658783,0,1
1690,2,Imran_Khan/Imran_Khan_0001.jpg,Matt_Morris/Matt_Morris_0001.jpg,0,scored,-0.1182355210185051,0.41554616391658783,0,1
1691,2,Imran_Khan/Imran_Khan_0001.jpg,Nancy_Humbert/Nancy_Humbert_0001.jpg,0,scored,-0.23239853978157043,0.41554616391658783,0,1
1692,2,Ivan_Lee/Ivan_Lee_0001.jpg,Jennifer_Furminger/Jennifer_Furminger_0001.jpg,0,scored,-0.28735101222991943,0.41554616391658783,0,1
1693,2,James_Hallock/James_Hallock_0001.jpg,Robert_Beck/Robert_Beck_0001.jpg,0,scored,0.31990712881088257,0.41554616391658783,0,1
1694,2,James_Murdoch/James_Murdoch_0001.jpg,Martina_McBride/Martina_McBride_0003.jpg,0,scored,-0.05617101490497589,0.41554616391658783,0,1
1695,2,Jamie_Kellner/Jamie_Kellner_0001.jpg,Tomas_Malik/Tomas_Malik_0001.jpg,0,scored,-0.08204583823680878,0.41554616391658783,0,1
1696,2,Jamie_King/Jamie_King_0001.jpg,Lauren_Hutton/Lauren_Hutton_0002.jpg,0,scored,0.27790212631225586,0.41554616391658783,0,1
1697,2,Jane_Fonda/Jane_Fonda_0002.jpg,Martha_Stewart/Martha_Stewart_0004.jpg,0,scored,0.10882021486759186,0.41554616391658783,0,1
1698,2,Janet_Leigh/Janet_Leigh_0001.jpg,Marianne_Stanley/Marianne_Stanley_0001.jpg,0,scored,0.04244568198919296,0.41554616391658783,0,1
1699,2,Jaromir_Jagr/Jaromir_Jagr_0001.jpg,Troy_Jenkins/Troy_Jenkins_0001.jpg,0,scored,0.29635706543922424,0.41554616391658783,0,1
1700,2,Jean_Brumley/Jean_Brumley_0002.jpg,Jim_Harrick/Jim_Harrick_0001.jpg,0,scored,0.07270453870296478,0.41554616391658783,0,1
1701,2,Jen_Bice/Jen_Bice_0001.jpg,Judi_Dench/Judi_Dench_0002.jpg,0,scored,0.017979329451918602,0.41554616391658783,0,1
1702,2,Jennifer_Furminger/Jennifer_Furminger_0001.jpg,Matthew_During/Matthew_During_0001.jpg,0,scored,0.11866423487663269,0.41554616391658783,0,1
1703,2,Jennifer_Tilly/Jennifer_Tilly_0001.jpg,Serge_Klarsfeld/Serge_Klarsfeld_0001.jpg,0,scored,-0.026493646204471588,0.41554616391658783,0,1
1704,2,Jennifer_Tilly/Jennifer_Tilly_0001.jpg,Stella_Tennant/Stella_Tennant_0001.jpg,0,scored,-0.21941938996315002,0.41554616391658783,0,1
1705,2,Jeremy_Shockey/Jeremy_Shockey_0002.jpg,Robert_Beck/Robert_Beck_0001.jpg,0,scored,-0.0835457444190979,0.41554616391658783,0,1
1706,2,Jerry_Regier/Jerry_Regier_0002.jpg,Paulina_Rodriguez_Davila/Paulina_Rodriguez_Davila_0001.jpg,0,scored,-0.19292056560516357,0.41554616391658783,0,1
1707,2,Jerry_Regier/Jerry_Regier_0003.jpg,Lee_Hyung-taik/Lee_Hyung-taik_0001.jpg,0,scored,-0.19339320063591003,0.41554616391658783,0,1
1708,2,Jerry_Regier/Jerry_Regier_0003.jpg,Pete_Rose/Pete_Rose_0002.jpg,0,scored,-0.13020366430282593,0.41554616391658783,0,1
1709,2,Jessica_Capshaw/Jessica_Capshaw_0001.jpg,Penelope_Cruz/Penelope_Cruz_0002.jpg,0,scored,-0.12739717960357666,0.41554616391658783,0,1
1710,2,Jiang_Zemin/Jiang_Zemin_0004.jpg,Michelangelo_Antonioni/Michelangelo_Antonioni_0001.jpg,0,scored,-0.06868898868560791,0.41554616391658783,0,1
1711,2,Jiang_Zemin/Jiang_Zemin_0013.jpg,Roman_Coppola/Roman_Coppola_0001.jpg,0,scored,0.07533325999975204,0.41554616391658783,0,1
1712,2,Jim_Sterk/Jim_Sterk_0001.jpg,Jonathan_Edwards/Jonathan_Edwards_0003.jpg,0,scored,0.1688637137413025,0.41554616391658783,0,1
1713,2,Jim_Sterk/Jim_Sterk_0001.jpg,Ken_Watanabe/Ken_Watanabe_0002.jpg,0,scored,0.09877212345600128,0.41554616391658783,0,1
1714,2,Joey_Harrington/Joey_Harrington_0001.jpg,Nick_Price/Nick_Price_0001.jpg,0,scored,-0.2652042508125305,0.41554616391658783,0,1
1715,2,John_Lynch/John_Lynch_0001.jpg,Michael_Sullivan/Michael_Sullivan_0001.jpg,0,scored,0.22574666142463684,0.41554616391658783,0,1
1716,2,John_Robbins/John_Robbins_0001.jpg,Tom_Foy/Tom_Foy_0001.jpg,0,scored,-0.04132245481014252,0.41554616391658783,0,1
1717,2,John_Thune/John_Thune_0001.jpg,Milan_Milutinovic/Milan_Milutinovic_0001.jpg,0,scored,0.09046079218387604,0.41554616391658783,0,1
1718,2,John_Velazquez/John_Velazquez_0001.jpg,Marco_Antonio_Barrera/Marco_Antonio_Barrera_0003.jpg,0,scored,-0.1851886808872223,0.41554616391658783,0,1
1719,2,John_Velazquez/John_Velazquez_0001.jpg,Tammy_Lynn_Michaels/Tammy_Lynn_Michaels_0001.jpg,0,scored,0.15752485394477844,0.41554616391658783,0,1
1720,2,John_Wolf/John_Wolf_0002.jpg,Prince_Harry/Prince_Harry_0001.jpg,0,scored,0.22886186838150024,0.41554616391658783,0,1
1721,2,Jonathan_Byrd/Jonathan_Byrd_0001.jpg,Mike_Matheny/Mike_Matheny_0001.jpg,0,scored,0.3856242597103119,0.41554616391658783,0,1
1722,2,Jonathan_Byrd/Jonathan_Byrd_0001.jpg,Sheikh_Ahmed_Yassin/Sheikh_Ahmed_Yassin_0001.jpg,0,scored,0.022738663479685783,0.41554616391658783,0,1
1723,2,Jonathan_Horton/Jonathan_Horton_0001.jpg,Lee_Ann_Terlaji/Lee_Ann_Terlaji_0001.jpg,0,scored,-0.046017833054065704,0.41554616391658783,0,1
1724,2,Jorge_Alberto_Galindo/Jorge_Alberto_Galindo_0001.jpg,Roger_King/Roger_King_0001.jpg,0,scored,0.06480126082897186,0.41554616391658783,0,1
1725,2,Joseph_Biden/Joseph_Biden_0005.jpg,Mahdi_Al_Bassam/Mahdi_Al_Bassam_0001.jpg,0,scored,-0.2348998486995697,0.41554616391658783,0,1
1726,2,Joseph_Biden/Joseph_Biden_0005.jpg,Tung_Chee-hwa/Tung_Chee-hwa_0004.jpg,0,scored,0.4195405840873718,0.41554616391658783,1,0
1727,2,Judy_Genshaft/Judy_Genshaft_0001.jpg,Shane_Warne/Shane_Warne_0001.jpg,0,scored,-0.09214065223932266,0.41554616391658783,0,1
1728,2,Jules_Asner/Jules_Asner_0001.jpg,Robert_Beck/Robert_Beck_0001.jpg,0,scored,0.08238418400287628,0.41554616391658783,0,1
1729,2,Julien_Varlet/Julien_Varlet_0001.jpg,Scott_Dalton/Scott_Dalton_0001.jpg,0,scored,0.059115342795848846,0.41554616391658783,0,1
1730,2,Kate_Burton/Kate_Burton_0001.jpg,Martha_Stewart/Martha_Stewart_0002.jpg,0,scored,0.13335298001766205,0.41554616391658783,0,1
1731,2,Kate_Richardson/Kate_Richardson_0001.jpg,Roman_Coppola/Roman_Coppola_0001.jpg,0,scored,-0.023356039077043533,0.41554616391658783,0,1
1732,2,Katie_Boone/Katie_Boone_0001.jpg,Uthai_Pimchaichon/Uthai_Pimchaichon_0001.jpg,0,scored,-0.08099012076854706,0.41554616391658783,0,1
1733,2,Katie_Smith/Katie_Smith_0001.jpg,Leland_Chapman/Leland_Chapman_0001.jpg,0,scored,0.02732553519308567,0.41554616391658783,0,1
1734,2,Katrin_Susi/Katrin_Susi_0001.jpg,Luca_Cordero_di_Montezemolo/Luca_Cordero_di_Montezemolo_0001.jpg,0,scored,-0.12374550104141235,0.41554616391658783,0,1
1735,2,Kay_Bailey_Hutchison/Kay_Bailey_Hutchison_0001.jpg,Theodore_Tweed_Roosevelt/Theodore_Tweed_Roosevelt_0003.jpg,0,scored,-0.0026419637724757195,0.41554616391658783,0,1
1736,2,Kieran_Prendergast/Kieran_Prendergast_0001.jpg,Lachlan_Murdoch/Lachlan_Murdoch_0001.jpg,0,scored,0.10504774004220963,0.41554616391658783,0,1
1737,2,King_Abdullah_II/King_Abdullah_II_0004.jpg,Robert_Hyatt/Robert_Hyatt_0001.jpg,0,scored,-0.10567762702703476,0.41554616391658783,0,1
1738,2,Kirk_Ferentz/Kirk_Ferentz_0002.jpg,Milan_Milutinovic/Milan_Milutinovic_0001.jpg,0,scored,-0.04194595664739609,0.41554616391658783,0,1
1739,2,Lachlan_Murdoch/Lachlan_Murdoch_0001.jpg,Mickey_Sherman/Mickey_Sherman_0001.jpg,0,scored,-0.07086825370788574,0.41554616391658783,0,1
1740,2,Larry_Flynt/Larry_Flynt_0001.jpg,Phil_Cline/Phil_Cline_0001.jpg,0,scored,0.007825025357306004,0.41554616391658783,0,1
1741,2,Larry_Greene/Larry_Greene_0001.jpg,Mike_Brey/Mike_Brey_0002.jpg,0,scored,0.13727129995822906,0.41554616391658783,0,1
1742,2,Laurence_Tribe/Laurence_Tribe_0001.jpg,Uthai_Pimchaichon/Uthai_Pimchaichon_0001.jpg,0,scored,-0.05188407376408577,0.41554616391658783,0,1
1743,2,Lee_Ann_Terlaji/Lee_Ann_Terlaji_0001.jpg,Roman_Coppola/Roman_Coppola_0001.jpg,0,scored,0.15290868282318115,0.41554616391658783,0,1
1744,2,Lee_Yuan-tseh/Lee_Yuan-tseh_0001.jpg,Shafal_Mosed/Shafal_Mosed_0001.jpg,0,scored,0.03649350255727768,0.41554616391658783,0,1
1745,2,Lee_Yuan-tseh/Lee_Yuan-tseh_0001.jpg,Yuri_Malenchenko/Yuri_Malenchenko_0002.jpg,0,scored,0.07279820740222931,0.41554616391658783,0,1
1746,2,Leland_Chapman/Leland_Chapman_0001.jpg,Theodore_Tweed_Roosevelt/Theodore_Tweed_Roosevelt_0001.jpg,0,scored,0.08034127950668335,0.41554616391658783,0,1
1747,2,Leslie_Moonves/Leslie_Moonves_0002.jpg,Robert_Hyatt/Robert_Hyatt_0001.jpg,0,scored,0.035554882138967514,0.41554616391658783,0,1
1748,2,Lisa_Murkowski/Lisa_Murkowski_0001.jpg,Serge_Klarsfeld/Serge_Klarsfeld_0001.jpg,0,scored,-0.17268195748329163,0.41554616391658783,0,1
1749,2,Magui_Serna/Magui_Serna_0001.jpg,Maura_Tierney/Maura_Tierney_0001.jpg,0,scored,0.2430407851934433,0.41554616391658783,0,1
1750,2,Mahdi_Al_Bassam/Mahdi_Al_Bassam_0001.jpg,Marc-Andre_Fleury/Marc-Andre_Fleury_0002.jpg,0,scored,0.04342274367809296,0.41554616391658783,0,1
1751,2,Mahdi_Al_Bassam/Mahdi_Al_Bassam_0001.jpg,Mother_Teresa/Mother_Teresa_0001.jpg,0,scored,0.14255641400814056,0.41554616391658783,0,1
1752,2,Malak_Habbak/Malak_Habbak_0001.jpg,Prince_Harry/Prince_Harry_0003.jpg,0,scored,-0.020932232961058617,0.41554616391658783,0,1
1753,2,Manuel_Pellegrini/Manuel_Pellegrini_0001.jpg,Rolf_Eckrodt/Rolf_Eckrodt_0001.jpg,0,scored,0.4216170907020569,0.41554616391658783,1,0
1754,2,Manuela_Montebrun/Manuela_Montebrun_0001.jpg,Martina_McBride/Martina_McBride_0002.jpg,0,scored,0.03168123960494995,0.41554616391658783,0,1
1755,2,Manuela_Montebrun/Manuela_Montebrun_0001.jpg,Steven_Seagal/Steven_Seagal_0002.jpg,0,scored,0.18788321316242218,0.41554616391658783,0,1
1756,2,Marion_Fahnestock/Marion_Fahnestock_0001.jpg,Wen_Jiabao/Wen_Jiabao_0003.jpg,0,scored,0.13564680516719818,0.41554616391658783,0,1
1757,2,Mark_Hamister/Mark_Hamister_0001.jpg,Xiang_Xu/Xiang_Xu_0001.jpg,0,scored,0.003539556171745062,0.41554616391658783,0,1
1758,2,Martha_Martinez_Flores/Martha_Martinez_Flores_0001.jpg,Mike_Brey/Mike_Brey_0002.jpg,0,scored,0.031060989946126938,0.41554616391658783,0,1
1759,2,Martha_Stewart/Martha_Stewart_0005.jpg,Victor_Kraatz/Victor_Kraatz_0001.jpg,0,scored,-0.14496514201164246,0.41554616391658783,0,1
1760,2,Martin_Lawrence/Martin_Lawrence_0001.jpg,Mickey_Sherman/Mickey_Sherman_0001.jpg,0,scored,0.0037146257236599922,0.41554616391658783,0,1
1761,2,Martin_Lawrence/Martin_Lawrence_0001.jpg,Penny_Lancaster/Penny_Lancaster_0001.jpg,0,scored,0.08005334436893463,0.41554616391658783,0,1
1762,2,Martin_McCauley/Martin_McCauley_0002.jpg,Steven_Seagal/Steven_Seagal_0001.jpg,0,scored,0.21508760750293732,0.41554616391658783,0,1
1763,2,Martin_Verkerk/Martin_Verkerk_0001.jpg,Steven_Seagal/Steven_Seagal_0001.jpg,0,scored,0.2740452289581299,0.41554616391658783,0,1
1764,2,Martina_McBride/Martina_McBride_0003.jpg,Peter_Schultz/Peter_Schultz_0001.jpg,0,scored,0.13874474167823792,0.41554616391658783,0,1
1765,2,Masamori_Tokuyama/Masamori_Tokuyama_0001.jpg,Regina_Ip/Regina_Ip_0001.jpg,0,scored,0.27371227741241455,0.41554616391658783,0,1
1766,2,Masamori_Tokuyama/Masamori_Tokuyama_0001.jpg,Serge_Melac/Serge_Melac_0001.jpg,0,scored,-0.02956053614616394,0.41554616391658783,0,1
1767,2,Matt_Doherty/Matt_Doherty_0002.jpg,Saoud_Al_Faisal/Saoud_Al_Faisal_0001.jpg,0,scored,-0.1328420341014862,0.41554616391658783,0,1
1768,2,Meghann_Shaughnessy/Meghann_Shaughnessy_0001.jpg,William_Perry/William_Perry_0001.jpg,0,scored,-0.16080915927886963,0.41554616391658783,0,1
1769,2,Mehmet_Ali_Sahin/Mehmet_Ali_Sahin_0001.jpg,Peri_Gilpin/Peri_Gilpin_0001.jpg,0,scored,0.09665633738040924,0.41554616391658783,0,1
1770,2,Mehmet_Ali_Sahin/Mehmet_Ali_Sahin_0001.jpg,Raquel_Welch/Raquel_Welch_0002.jpg,0,scored,-0.045442577451467514,0.41554616391658783,0,1
1771,2,Michael_Capellas/Michael_Capellas_0001.jpg,Victor_Garber/Victor_Garber_0001.jpg,0,scored,0.03430875763297081,0.41554616391658783,0,1
1772,2,Mickey_Sherman/Mickey_Sherman_0001.jpg,Roman_Coppola/Roman_Coppola_0001.jpg,0,scored,-0.1602386236190796,0.41554616391658783,0,1
1773,2,Mike_Brey/Mike_Brey_0002.jpg,Nick_Markakis/Nick_Markakis_0001.jpg,0,scored,-0.24447788298130035,0.41554616391658783,0,1
1774,2,Mike_Johanns/Mike_Johanns_0001.jpg,Pascal_Lamy/Pascal_Lamy_0001.jpg,0,scored,-0.1281505525112152,0.41554616391658783,0,1
1775,2,Mike_Matheny/Mike_Matheny_0001.jpg,Norm_Coleman/Norm_Coleman_0005.jpg,0,scored,0.014157181605696678,0.41554616391658783,0,1
1776,2,Mohammad_Mustapha_Miro/Mohammad_Mustapha_Miro_0001.jpg,Steve_Mariucci/Steve_Mariucci_0002.jpg,0,scored,0.05828677862882614,0.41554616391658783,0,1
1777,2,Mother_Teresa/Mother_Teresa_0001.jpg,Yekaterina_Guseva/Yekaterina_Guseva_0001.jpg,0,scored,-0.015365391969680786,0.41554616391658783,0,1
1778,2,Nancy_Humbert/Nancy_Humbert_0001.jpg,Park_Na-kyong/Park_Na-kyong_0001.jpg,0,scored,-0.19520771503448486,0.41554616391658783,0,1
1779,2,Nanni_Moretti/Nanni_Moretti_0001.jpg,Shigeru_Ishiba/Shigeru_Ishiba_0001.jpg,0,scored,-0.12029603123664856,0.41554616391658783,0,1
1780,2,Natalia_Dmitrieva/Natalia_Dmitrieva_0001.jpg,Willie_Nelson/Willie_Nelson_0001.jpg,0,scored,0.07622572034597397,0.41554616391658783,0,1
1781,2,Natalie_Juniardi/Natalie_Juniardi_0001.jpg,Uthai_Pimchaichon/Uthai_Pimchaichon_0001.jpg,0,scored,-0.05904490873217583,0.41554616391658783,0,1
1782,2,Nick_Price/Nick_Price_0001.jpg,Tab_Turner/Tab_Turner_0001.jpg,0,scored,0.15894991159439087,0.41554616391658783,0,1
1783,2,Norm_Coleman/Norm_Coleman_0004.jpg,Peri_Gilpin/Peri_Gilpin_0001.jpg,0,scored,0.33396947383880615,0.41554616391658783,0,1
1784,2,Norm_Coleman/Norm_Coleman_0007.jpg,Scott_McClellan/Scott_McClellan_0005.jpg,0,scored,-0.07068714499473572,0.41554616391658783,0,1
1785,2,Paddy_Torsney/Paddy_Torsney_0001.jpg,Tung_Chee-hwa/Tung_Chee-hwa_0009.jpg,0,scored,-0.1225883737206459,0.41554616391658783,0,1
1786,2,Park_Na-kyong/Park_Na-kyong_0001.jpg,Vecdi_Gonul/Vecdi_Gonul_0001.jpg,0,scored,-0.11587847024202347,0.41554616391658783,0,1
1787,2,Patrick_Rafter/Patrick_Rafter_0001.jpg,Peter_Care/Peter_Care_0001.jpg,0,scored,-0.023313280194997787,0.41554616391658783,0,1
1788,2,Pierre_Van_Hooijdonk/Pierre_Van_Hooijdonk_0001.jpg,Scott_McClellan/Scott_McClellan_0001.jpg,0,scored,-0.005893899127840996,0.41554616391658783,0,1
1789,2,Regina_Ip/Regina_Ip_0001.jpg,Rohman_al-Ghozi/Rohman_al-Ghozi_0001.jpg,0,scored,-0.02949032001197338,0.41554616391658783,0,1
1790,2,Renee_Zellweger/Renee_Zellweger_0009.jpg,Yuri_Malenchenko/Yuri_Malenchenko_0002.jpg,0,scored,-0.2062666416168213,0.41554616391658783,0,1
1791,2,Rolf_Eckrodt/Rolf_Eckrodt_0002.jpg,Teresa_Heinz_Kerry/Teresa_Heinz_Kerry_0001.jpg,0,scored,0.16774484515190125,0.41554616391658783,0,1
1792,2,Rubens_Barrichello/Rubens_Barrichello_0010.jpg,Stella_Tennant/Stella_Tennant_0001.jpg,0,scored,-0.09930795431137085,0.41554616391658783,0,1
1793,2,Saoud_Al_Faisal/Saoud_Al_Faisal_0001.jpg,Vecdi_Gonul/Vecdi_Gonul_0001.jpg,0,scored,0.11063432693481445,0.41554616391658783,0,1
1794,2,Scott_Dalton/Scott_Dalton_0001.jpg,Zach_Safrin/Zach_Safrin_0001.jpg,0,scored,0.09266823530197144,0.41554616391658783,0,1
1795,2,Scott_McClellan/Scott_McClellan_0002.jpg,Tom_Schnackenberg/Tom_Schnackenberg_0001.jpg,0,scored,0.3019905984401703,0.41554616391658783,0,1
1796,2,Todd_MacCulloch/Todd_MacCulloch_0001.jpg,Willie_Nelson/Willie_Nelson_0001.jpg,0,scored,0.06633749604225159,0.41554616391658783,0,1
1797,2,Tom_Curley/Tom_Curley_0001.jpg,Wanda_de_la_Jesus/Wanda_de_la_Jesus_0001.jpg,0,scored,0.03434506803750992,0.41554616391658783,0,1
1798,2,Troy_Jenkins/Troy_Jenkins_0001.jpg,Walid_Al-Awadi/Walid_Al-Awadi_0001.jpg,0,scored,-0.12231756001710892,0.41554616391658783,0,1
1799,2,William_Overlin/William_Overlin_0001.jpg,Yekaterina_Guseva/Yekaterina_Guseva_0001.jpg,0,scored,0.005587629973888397,0.41554616391658783,0,1
1800,3,Abdoulaye_Wade/Abdoulaye_Wade_0001.jpg,Abdoulaye_Wade/Abdoulaye_Wade_0002.jpg,1,scored,0.7946184873580933,0.40350908041000366,1,1
1801,3,Abdoulaye_Wade/Abdoulaye_Wade_0001.jpg,Abdoulaye_Wade/Abdoulaye_Wade_0003.jpg,1,scored,0.654871940612793,0.40350908041000366,1,1
1802,3,Abdoulaye_Wade/Abdoulaye_Wade_0002.jpg,Abdoulaye_Wade/Abdoulaye_Wade_0003.jpg,1,scored,0.7498663663864136,0.40350908041000366,1,1
1803,3,Adam_Sandler/Adam_Sandler_0001.jpg,Adam_Sandler/Adam_Sandler_0002.jpg,1,scored,0.8409931659698486,0.40350908041000366,1,1
1804,3,Adam_Sandler/Adam_Sandler_0001.jpg,Adam_Sandler/Adam_Sandler_0004.jpg,1,scored,0.5022155046463013,0.40350908041000366,1,1
1805,3,Adam_Sandler/Adam_Sandler_0002.jpg,Adam_Sandler/Adam_Sandler_0003.jpg,1,scored,0.7732967138290405,0.40350908041000366,1,1
1806,3,Aicha_El_Ouafi/Aicha_El_Ouafi_0001.jpg,Aicha_El_Ouafi/Aicha_El_Ouafi_0003.jpg,1,scored,0.8153781890869141,0.40350908041000366,1,1
1807,3,Aicha_El_Ouafi/Aicha_El_Ouafi_0002.jpg,Aicha_El_Ouafi/Aicha_El_Ouafi_0003.jpg,1,scored,0.8165972232818604,0.40350908041000366,1,1
1808,3,Akbar_Hashemi_Rafsanjani/Akbar_Hashemi_Rafsanjani_0001.jpg,Akbar_Hashemi_Rafsanjani/Akbar_Hashemi_Rafsanjani_0003.jpg,1,scored,0.7094746828079224,0.40350908041000366,1,1
1809,3,Akbar_Hashemi_Rafsanjani/Akbar_Hashemi_Rafsanjani_0002.jpg,Akbar_Hashemi_Rafsanjani/Akbar_Hashemi_Rafsanjani_0003.jpg,1,scored,0.8829455971717834,0.40350908041000366,1,1
1810,3,Al_Pacino/Al_Pacino_0001.jpg,Al_Pacino/Al_Pacino_0002.jpg,1,scored,0.7688426971435547,0.40350908041000366,1,1
1811,3,Al_Pacino/Al_Pacino_0001.jpg,Al_Pacino/Al_Pacino_0003.jpg,1,scored,0.8446807861328125,0.40350908041000366,1,1
1812,3,Alex_Barros/Alex_Barros_0001.jpg,Alex_Barros/Alex_Barros_0002.jpg,1,scored,0.4919019341468811,0.40350908041000366,1,1
1813,3,Allyson_Felix/Allyson_Felix_0001.jpg,Allyson_Felix/Allyson_Felix_0003.jpg,1,scored,0.717944860458374,0.40350908041000366,1,1
1814,3,Allyson_Felix/Allyson_Felix_0001.jpg,Allyson_Felix/Allyson_Felix_0004.jpg,1,scored,0.8177021741867065,0.40350908041000366,1,1
1815,3,Allyson_Felix/Allyson_Felix_0001.jpg,Allyson_Felix/Allyson_Felix_0005.jpg,1,scored,0.8101189732551575,0.40350908041000366,1,1
1816,3,Allyson_Felix/Allyson_Felix_0004.jpg,Allyson_Felix/Allyson_Felix_0005.jpg,1,scored,0.902843177318573,0.40350908041000366,1,1
1817,3,Anastasia_Myskina/Anastasia_Myskina_0001.jpg,Anastasia_Myskina/Anastasia_Myskina_0002.jpg,1,scored,0.5156269073486328,0.40350908041000366,1,1
1818,3,Andy_Roddick/Andy_Roddick_0008.jpg,Andy_Roddick/Andy_Roddick_0012.jpg,1,scored,0.6418756246566772,0.40350908041000366,1,1
1819,3,Andy_Roddick/Andy_Roddick_0010.jpg,Andy_Roddick/Andy_Roddick_0015.jpg,1,scored,0.7271955013275146,0.40350908041000366,1,1
1820,3,Andy_Roddick/Andy_Roddick_0013.jpg,Andy_Roddick/Andy_Roddick_0015.jpg,1,scored,0.5688022375106812,0.40350908041000366,1,1
1821,3,Anna_Nicole_Smith/Anna_Nicole_Smith_0001.jpg,Anna_Nicole_Smith/Anna_Nicole_Smith_0002.jpg,1,scored,0.5979471206665039,0.40350908041000366,1,1
1822,3,Antonio_Palocci/Antonio_Palocci_0001.jpg,Antonio_Palocci/Antonio_Palocci_0008.jpg,1,scored,0.7653883695602417,0.40350908041000366,1,1
1823,3,Antonio_Palocci/Antonio_Palocci_0003.jpg,Antonio_Palocci/Antonio_Palocci_0006.jpg,1,scored,0.7363158464431763,0.40350908041000366,1,1
1824,3,Antonio_Palocci/Antonio_Palocci_0004.jpg,Antonio_Palocci/Antonio_Palocci_0005.jpg,1,scored,0.851285457611084,0.40350908041000366,1,1
1825,3,Antonio_Palocci/Antonio_Palocci_0005.jpg,Antonio_Palocci/Antonio_Palocci_0007.jpg,1,scored,0.8238043785095215,0.40350908041000366,1,1
1826,3,Antonio_Palocci/Antonio_Palocci_0006.jpg,Antonio_Palocci/Antonio_Palocci_0008.jpg,1,scored,0.7157990336418152,0.40350908041000366,1,1
1827,3,Arnoldo_Aleman/Arnoldo_Aleman_0001.jpg,Arnoldo_Aleman/Arnoldo_Aleman_0003.jpg,1,scored,0.7208067774772644,0.40350908041000366,1,1
1828,3,Arnoldo_Aleman/Arnoldo_Aleman_0003.jpg,Arnoldo_Aleman/Arnoldo_Aleman_0005.jpg,1,scored,0.7907223701477051,0.40350908041000366,1,1
1829,3,Ashton_Kutcher/Ashton_Kutcher_0001.jpg,Ashton_Kutcher/Ashton_Kutcher_0003.jpg,1,scored,0.7443646192550659,0.40350908041000366,1,1
1830,3,Ashton_Kutcher/Ashton_Kutcher_0002.jpg,Ashton_Kutcher/Ashton_Kutcher_0003.jpg,1,scored,0.7889180183410645,0.40350908041000366,1,1
1831,3,Augusto_Roa_Bastos/Augusto_Roa_Bastos_0001.jpg,Augusto_Roa_Bastos/Augusto_Roa_Bastos_0002.jpg,1,scored,0.7474220991134644,0.40350908041000366,1,1
1832,3,Aung_San_Suu_Kyi/Aung_San_Suu_Kyi_0001.jpg,Aung_San_Suu_Kyi/Aung_San_Suu_Kyi_0002.jpg,1,scored,0.5844470262527466,0.40350908041000366,1,1
1833,3,Barry_Zito/Barry_Zito_0001.jpg,Barry_Zito/Barry_Zito_0002.jpg,1,scored,0.6365309953689575,0.40350908041000366,1,1
1834,3,Bill_Graham/Bill_Graham_0001.jpg,Bill_Graham/Bill_Graham_0009.jpg,1,scored,0.6861653327941895,0.40350908041000366,1,1
1835,3,Bill_Graham/Bill_Graham_0003.jpg,Bill_Graham/Bill_Graham_0004.jpg,1,scored,0.7069212198257446,0.40350908041000366,1,1
1836,3,Bill_Graham/Bill_Graham_0004.jpg,Bill_Graham/Bill_Graham_0006.jpg,1,scored,0.8458311557769775,0.40350908041000366,1,1
1837,3,Bill_Graham/Bill_Graham_0005.jpg,Bill_Graham/Bill_Graham_0006.jpg,1,scored,0.863378643989563,0.40350908041000366,1,1
1838,3,Bob_Dole/Bob_Dole_0001.jpg,Bob_Dole/Bob_Dole_0003.jpg,1,scored,0.6089456081390381,0.40350908041000366,1,1
1839,3,Bruce_Weber/Bruce_Weber_0001.jpg,Bruce_Weber/Bruce_Weber_0002.jpg,1,scored,0.7750518321990967,0.40350908041000366,1,1
1840,3,Carlos_Mesa/Carlos_Mesa_0001.jpg,Carlos_Mesa/Carlos_Mesa_0002.jpg,1,scored,0.8615657091140747,0.40350908041000366,1,1
1841,3,Carolyn_Dawn_Johnson/Carolyn_Dawn_Johnson_0001.jpg,Carolyn_Dawn_Johnson/Carolyn_Dawn_Johnson_0002.jpg,1,scored,0.8635874390602112,0.40350908041000366,1,1
1842,3,Carolyn_Dawn_Johnson/Carolyn_Dawn_Johnson_0002.jpg,Carolyn_Dawn_Johnson/Carolyn_Dawn_Johnson_0003.jpg,1,scored,0.6890116930007935,0.40350908041000366,1,1
1843,3,Celine_Dion/Celine_Dion_0003.jpg,Celine_Dion/Celine_Dion_0008.jpg,1,scored,0.3918280005455017,0.40350908041000366,0,0
1844,3,Chakib_Khelil/Chakib_Khelil_0001.jpg,Chakib_Khelil/Chakib_Khelil_0002.jpg,1,scored,0.7509573698043823,0.40350908041000366,1,1
1845,3,Chen_Shui-bian/Chen_Shui-bian_0002.jpg,Chen_Shui-bian/Chen_Shui-bian_0004.jpg,1,scored,0.7883641719818115,0.40350908041000366,1,1
1846,3,Chen_Shui-bian/Chen_Shui-bian_0003.jpg,Chen_Shui-bian/Chen_Shui-bian_0005.jpg,1,scored,0.7880644798278809,0.40350908041000366,1,1
1847,3,Christopher_Walken/Christopher_Walken_0001.jpg,Christopher_Walken/Christopher_Walken_0003.jpg,1,scored,0.9273748397827148,0.40350908041000366,1,1
1848,3,Christopher_Walken/Christopher_Walken_0001.jpg,Christopher_Walken/Christopher_Walken_0004.jpg,1,scored,0.6515775918960571,0.40350908041000366,1,1
1849,3,Claudia_Pechstein/Claudia_Pechstein_0001.jpg,Claudia_Pechstein/Claudia_Pechstein_0002.jpg,1,scored,0.7484757304191589,0.40350908041000366,1,1
1850,3,Claudia_Pechstein/Claudia_Pechstein_0001.jpg,Claudia_Pechstein/Claudia_Pechstein_0004.jpg,1,scored,0.8420518636703491,0.40350908041000366,1,1
1851,3,Claudia_Pechstein/Claudia_Pechstein_0003.jpg,Claudia_Pechstein/Claudia_Pechstein_0004.jpg,1,scored,0.38663527369499207,0.40350908041000366,0,0
1852,3,Claudia_Pechstein/Claudia_Pechstein_0003.jpg,Claudia_Pechstein/Claudia_Pechstein_0005.jpg,1,scored,0.7925862073898315,0.40350908041000366,1,1
1853,3,Claudia_Pechstein/Claudia_Pechstein_0004.jpg,Claudia_Pechstein/Claudia_Pechstein_0005.jpg,1,scored,0.14501215517520905,0.40350908041000366,0,0
1854,3,Clay_Aiken/Clay_Aiken_0002.jpg,Clay_Aiken/Clay_Aiken_0004.jpg,1,scored,0.7514932751655579,0.40350908041000366,1,1
1855,3,Clay_Aiken/Clay_Aiken_0003.jpg,Clay_Aiken/Clay_Aiken_0004.jpg,1,scored,0.6845275163650513,0.40350908041000366,1,1
1856,3,Clay_Aiken/Clay_Aiken_0003.jpg,Clay_Aiken/Clay_Aiken_0005.jpg,1,scored,0.7519824504852295,0.40350908041000366,1,1
1857,3,Colin_Powell/Colin_Powell_0040.jpg,Colin_Powell/Colin_Powell_0071.jpg,1,scored,0.7808178663253784,0.40350908041000366,1,1
1858,3,Colin_Powell/Colin_Powell_0049.jpg,Colin_Powell/Colin_Powell_0234.jpg,1,scored,0.7897530794143677,0.40350908041000366,1,1
1859,3,Colin_Powell/Colin_Powell_0133.jpg,Colin_Powell/Colin_Powell_0170.jpg,1,scored,0.8855324983596802,0.40350908041000366,1,1
1860,3,Colin_Powell/Colin_Powell_0182.jpg,Colin_Powell/Colin_Powell_0198.jpg,1,scored,0.9268754720687866,0.40350908041000366,1,1
1861,3,Cristina_Fernandez/Cristina_Fernandez_0001.jpg,Cristina_Fernandez/Cristina_Fernandez_0002.jpg,1,scored,0.11498943716287613,0.40350908041000366,0,0
1862,3,Daisy_Fuentes/Daisy_Fuentes_0002.jpg,Daisy_Fuentes/Daisy_Fuentes_0003.jpg,1,scored,0.8138539791107178,0.40350908041000366,1,1
1863,3,Damon_van_Dam/Damon_van_Dam_0001.jpg,Damon_van_Dam/Damon_van_Dam_0002.jpg,1,scored,0.7849520444869995,0.40350908041000366,1,1
1864,3,Dan_Wheldon/Dan_Wheldon_0001.jpg,Dan_Wheldon/Dan_Wheldon_0002.jpg,1,scored,0.6175159811973572,0.40350908041000366,1,1
1865,3,David_Coulthard/David_Coulthard_0001.jpg,David_Coulthard/David_Coulthard_0002.jpg,1,scored,0.7064081430435181,0.40350908041000366,1,1
1866,3,David_Kelley/David_Kelley_0001.jpg,David_Kelley/David_Kelley_0002.jpg,1,scored,0.8149456977844238,0.40350908041000366,1,1
1867,3,Debra_Brown/Debra_Brown_0001.jpg,Debra_Brown/Debra_Brown_0002.jpg,1,scored,0.7906967997550964,0.40350908041000366,1,1
1868,3,Dennis_Erickson/Dennis_Erickson_0001.jpg,Dennis_Erickson/Dennis_Erickson_0002.jpg,1,scored,0.8496626615524292,0.40350908041000366,1,1
1869,3,Derek_Lowe/Derek_Lowe_0001.jpg,Derek_Lowe/Derek_Lowe_0002.jpg,1,scored,0.7097280621528625,0.40350908041000366,1,1
1870,3,Eddie_Sutton/Eddie_Sutton_0001.jpg,Eddie_Sutton/Eddie_Sutton_0002.jpg,1,scored,0.7539938688278198,0.40350908041000366,1,1
1871,3,Edie_Falco/Edie_Falco_0001.jpg,Edie_Falco/Edie_Falco_0002.jpg,1,scored,0.5283545255661011,0.40350908041000366,1,1
1872,3,Elijah_Wood/Elijah_Wood_0002.jpg,Elijah_Wood/Elijah_Wood_0003.jpg,1,scored,0.6896958351135254,0.40350908041000366,1,1
1873,3,Elizabeth_Hurley/Elizabeth_Hurley_0001.jpg,Elizabeth_Hurley/Elizabeth_Hurley_0004.jpg,1,scored,0.5639408826828003,0.40350908041000366,1,1
1874,3,Elizabeth_Hurley/Elizabeth_Hurley_0002.jpg,Elizabeth_Hurley/Elizabeth_Hurley_0005.jpg,1,scored,0.7603094577789307,0.40350908041000366,1,1
1875,3,Emily_Robison/Emily_Robison_0001.jpg,Emily_Robison/Emily_Robison_0002.jpg,1,scored,0.6978228092193604,0.40350908041000366,1,1
1876,3,Ethan_Hawke/Ethan_Hawke_0001.jpg,Ethan_Hawke/Ethan_Hawke_0004.jpg,1,scored,0.7120792269706726,0.40350908041000366,1,1
1877,3,Eunice_Barber/Eunice_Barber_0001.jpg,Eunice_Barber/Eunice_Barber_0002.jpg,1,scored,0.6655399799346924,0.40350908041000366,1,1
1878,3,Felix_Mantilla/Felix_Mantilla_0001.jpg,Felix_Mantilla/Felix_Mantilla_0002.jpg,1,scored,0.4675237536430359,0.40350908041000366,1,1
1879,3,Fidel_Castro/Fidel_Castro_0001.jpg,Fidel_Castro/Fidel_Castro_0018.jpg,1,scored,0.5684887170791626,0.40350908041000366,1,1
1880,3,Fidel_Castro/Fidel_Castro_0003.jpg,Fidel_Castro/Fidel_Castro_0007.jpg,1,scored,0.7151837348937988,0.40350908041000366,1,1
1881,3,Fidel_Castro/Fidel_Castro_0005.jpg,Fidel_Castro/Fidel_Castro_0008.jpg,1,scored,0.7165149450302124,0.40350908041000366,1,1
1882,3,Fidel_Castro/Fidel_Castro_0008.jpg,Fidel_Castro/Fidel_Castro_0012.jpg,1,scored,0.6139869689941406,0.40350908041000366,1,1
1883,3,Fidel_Castro/Fidel_Castro_0011.jpg,Fidel_Castro/Fidel_Castro_0013.jpg,1,scored,0.7898830771446228,0.40350908041000366,1,1
1884,3,Francisco_Flores/Francisco_Flores_0001.jpg,Francisco_Flores/Francisco_Flores_0002.jpg,1,scored,0.8671571016311646,0.40350908041000366,1,1
1885,3,Francisco_Flores/Francisco_Flores_0001.jpg,Francisco_Flores/Francisco_Flores_0003.jpg,1,scored,0.8873022794723511,0.40350908041000366,1,1
1886,3,Frank_Dunham_Jr/Frank_Dunham_Jr_0001.jpg,Frank_Dunham_Jr/Frank_Dunham_Jr_0002.jpg,1,scored,0.743811845779419,0.40350908041000366,1,1
1887,3,Franko_Simatovic/Franko_Simatovic_0001.jpg,Franko_Simatovic/Franko_Simatovic_0002.jpg,1,scored,0.7534624338150024,0.40350908041000366,1,1
1888,3,Fred_Eckhard/Fred_Eckhard_0001.jpg,Fred_Eckhard/Fred_Eckhard_0002.jpg,1,scored,0.9313469529151917,0.40350908041000366,1,1
1889,3,Fred_Eckhard/Fred_Eckhard_0001.jpg,Fred_Eckhard/Fred_Eckhard_0003.jpg,1,scored,0.937287449836731,0.40350908041000366,1,1
1890,3,Fred_Eckhard/Fred_Eckhard_0002.jpg,Fred_Eckhard/Fred_Eckhard_0003.jpg,1,scored,0.9650232791900635,0.40350908041000366,1,1
1891,3,GL_Peiris/GL_Peiris_0001.jpg,GL_Peiris/GL_Peiris_0002.jpg,1,scored,0.8052613735198975,0.40350908041000366,1,1
1892,3,GL_Peiris/GL_Peiris_0001.jpg,GL_Peiris/GL_Peiris_0003.jpg,1,scored,0.8426318764686584,0.40350908041000366,1,1
1893,3,GL_Peiris/GL_Peiris_0002.jpg,GL_Peiris/GL_Peiris_0003.jpg,1,scored,0.9641188979148865,0.40350908041000366,1,1
1894,3,GL_Peiris/GL_Peiris_0002.jpg,GL_Peiris/GL_Peiris_0004.jpg,1,scored,0.6961537599563599,0.40350908041000366,1,1
1895,3,Garry_Kasparov/Garry_Kasparov_0001.jpg,Garry_Kasparov/Garry_Kasparov_0002.jpg,1,scored,0.8703108429908752,0.40350908041000366,1,1
1896,3,Hassan_Nasrallah/Hassan_Nasrallah_0001.jpg,Hassan_Nasrallah/Hassan_Nasrallah_0002.jpg,1,scored,0.8965074419975281,0.40350908041000366,1,1
1897,3,Heidi_Klum/Heidi_Klum_0001.jpg,Heidi_Klum/Heidi_Klum_0003.jpg,1,scored,0.7997474074363708,0.40350908041000366,1,1
1898,3,Heidi_Klum/Heidi_Klum_0001.jpg,Heidi_Klum/Heidi_Klum_0004.jpg,1,scored,0.8009426593780518,0.40350908041000366,1,1
1899,3,Heidi_Klum/Heidi_Klum_0002.jpg,Heidi_Klum/Heidi_Klum_0004.jpg,1,scored,0.6537331342697144,0.40350908041000366,1,1
1900,3,Heidi_Klum/Heidi_Klum_0003.jpg,Heidi_Klum/Heidi_Klum_0004.jpg,1,scored,0.7594465613365173,0.40350908041000366,1,1
1901,3,Heinz_Feldmann/Heinz_Feldmann_0001.jpg,Heinz_Feldmann/Heinz_Feldmann_0002.jpg,1,scored,0.9348292350769043,0.40350908041000366,1,1
1902,3,Heinz_Feldmann/Heinz_Feldmann_0002.jpg,Heinz_Feldmann/Heinz_Feldmann_0003.jpg,1,scored,0.8230898976325989,0.40350908041000366,1,1
1903,3,Iban_Mayo/Iban_Mayo_0001.jpg,Iban_Mayo/Iban_Mayo_0002.jpg,1,scored,0.675306499004364,0.40350908041000366,1,1
1904,3,Imad_Moustapha/Imad_Moustapha_0001.jpg,Imad_Moustapha/Imad_Moustapha_0002.jpg,1,scored,0.9597365856170654,0.40350908041000366,1,1
1905,3,Inam-ul-Haq/Inam-ul-Haq_0001.jpg,Inam-ul-Haq/Inam-ul-Haq_0002.jpg,1,scored,0.8700518012046814,0.40350908041000366,1,1
1906,3,James_Gandolfini/James_Gandolfini_0001.jpg,James_Gandolfini/James_Gandolfini_0003.jpg,1,scored,0.5316148996353149,0.40350908041000366,1,1
1907,3,James_Gandolfini/James_Gandolfini_0002.jpg,James_Gandolfini/James_Gandolfini_0003.jpg,1,scored,0.6112164855003357,0.40350908041000366,1,1
1908,3,Janet_Thorpe/Janet_Thorpe_0001.jpg,Janet_Thorpe/Janet_Thorpe_0002.jpg,1,scored,0.878853440284729,0.40350908041000366,1,1
1909,3,Jean-Pierre_Raffarin/Jean-Pierre_Raffarin_0001.jpg,Jean-Pierre_Raffarin/Jean-Pierre_Raffarin_0002.jpg,1,scored,0.6435154676437378,0.40350908041000366,1,1
1910,3,Jean-Pierre_Raffarin/Jean-Pierre_Raffarin_0001.jpg,Jean-Pierre_Raffarin/Jean-Pierre_Raffarin_0006.jpg,1,scored,0.7123349905014038,0.40350908041000366,1,1
1911,3,Jean-Pierre_Raffarin/Jean-Pierre_Raffarin_0003.jpg,Jean-Pierre_Raffarin/Jean-Pierre_Raffarin_0004.jpg,1,scored,0.78093421459198,0.40350908041000366,1,1
1912,3,Jean-Pierre_Raffarin/Jean-Pierre_Raffarin_0003.jpg,Jean-Pierre_Raffarin/Jean-Pierre_Raffarin_0005.jpg,1,scored,0.6800764799118042,0.40350908041000366,1,1
1913,3,Jean-Pierre_Raffarin/Jean-Pierre_Raffarin_0004.jpg,Jean-Pierre_Raffarin/Jean-Pierre_Raffarin_0007.jpg,1,scored,0.7279531955718994,0.40350908041000366,1,1
1914,3,Jean-Pierre_Raffarin/Jean-Pierre_Raffarin_0005.jpg,Jean-Pierre_Raffarin/Jean-Pierre_Raffarin_0007.jpg,1,scored,0.7732524275779724,0.40350908041000366,1,1
1915,3,Jean-Pierre_Raffarin/Jean-Pierre_Raffarin_0006.jpg,Jean-Pierre_Raffarin/Jean-Pierre_Raffarin_0007.jpg,1,scored,0.7922077178955078,0.40350908041000366,1,1
1916,3,Jeffrey_Scott_Postell/Jeffrey_Scott_Postell_0001.jpg,Jeffrey_Scott_Postell/Jeffrey_Scott_Postell_0002.jpg,1,scored,0.8955271244049072,0.40350908041000366,1,1
1917,3,Jennifer_Capriati/Jennifer_Capriati_0002.jpg,Jennifer_Capriati/Jennifer_Capriati_0014.jpg,1,scored,0.5459099411964417,0.40350908041000366,1,1
1918,3,Jennifer_Capriati/Jennifer_Capriati_0007.jpg,Jennifer_Capriati/Jennifer_Capriati_0032.jpg,1,scored,0.5535666942596436,0.40350908041000366,1,1
1919,3,Jennifer_Capriati/Jennifer_Capriati_0033.jpg,Jennifer_Capriati/Jennifer_Capriati_0042.jpg,1,scored,0.5361397862434387,0.40350908041000366,1,1
1920,3,Job_Cohen/Job_Cohen_0001.jpg,Job_Cohen/Job_Cohen_0002.jpg,1,scored,0.8560106158256531,0.40350908041000366,1,1
1921,3,John_McCormack/John_McCormack_0001.jpg,John_McCormack/John_McCormack_0002.jpg,1,scored,0.8915454149246216,0.40350908041000366,1,1
1922,3,John_Paul_II/John_Paul_II_0001.jpg,John_Paul_II/John_Paul_II_0004.jpg,1,scored,0.5207975506782532,0.40350908041000366,1,1
1923,3,John_Paul_II/John_Paul_II_0002.jpg,John_Paul_II/John_Paul_II_0005.jpg,1,scored,0.8182793259620667,0.40350908041000366,1,1
1924,3,John_Paul_II/John_Paul_II_0002.jpg,John_Paul_II/John_Paul_II_0008.jpg,1,scored,0.8444812297821045,0.40350908041000366,1,1
1925,3,John_Paul_II/John_Paul_II_0004.jpg,John_Paul_II/John_Paul_II_0009.jpg,1,scored,0.6071134209632874,0.40350908041000366,1,1
1926,3,John_Paul_II/John_Paul_II_0010.jpg,John_Paul_II/John_Paul_II_0011.jpg,1,scored,0.8102171421051025,0.40350908041000366,1,1
1927,3,John_Ruiz/John_Ruiz_0001.jpg,John_Ruiz/John_Ruiz_0002.jpg,1,scored,0.7205647826194763,0.40350908041000366,1,1
1928,3,John_Stallworth/John_Stallworth_0001.jpg,John_Stallworth/John_Stallworth_0002.jpg,1,scored,0.5320068597793579,0.40350908041000366,1,1
1929,3,John_Stockton/John_Stockton_0002.jpg,John_Stockton/John_Stockton_0004.jpg,1,scored,0.6473159790039062,0.40350908041000366,1,1
1930,3,John_Travolta/John_Travolta_0002.jpg,John_Travolta/John_Travolta_0006.jpg,1,scored,0.6521397233009338,0.40350908041000366,1,1
1931,3,John_Travolta/John_Travolta_0003.jpg,John_Travolta/John_Travolta_0005.jpg,1,scored,0.5678379535675049,0.40350908041000366,1,1
1932,3,John_Travolta/John_Travolta_0005.jpg,John_Travolta/John_Travolta_0007.jpg,1,scored,0.529705822467804,0.40350908041000366,1,1
1933,3,Jonathan_Mostow/Jonathan_Mostow_0001.jpg,Jonathan_Mostow/Jonathan_Mostow_0002.jpg,1,scored,0.8261818289756775,0.40350908041000366,1,1
1934,3,Jorge_Arce/Jorge_Arce_0001.jpg,Jorge_Arce/Jorge_Arce_0002.jpg,1,scored,0.8572452068328857,0.40350908041000366,1,1
1935,3,Joschka_Fischer/Joschka_Fischer_0001.jpg,Joschka_Fischer/Joschka_Fischer_0010.jpg,1,scored,0.7544689178466797,0.40350908041000366,1,1
1936,3,Joschka_Fischer/Joschka_Fischer_0006.jpg,Joschka_Fischer/Joschka_Fischer_0011.jpg,1,scored,0.6874597072601318,0.40350908041000366,1,1
1937,3,Joschka_Fischer/Joschka_Fischer_0007.jpg,Joschka_Fischer/Joschka_Fischer_0011.jpg,1,scored,0.780493974685669,0.40350908041000366,1,1
1938,3,Joschka_Fischer/Joschka_Fischer_0011.jpg,Joschka_Fischer/Joschka_Fischer_0017.jpg,1,scored,0.7848092913627625,0.40350908041000366,1,1
1939,3,Joschka_Fischer/Joschka_Fischer_0015.jpg,Joschka_Fischer/Joschka_Fischer_0016.jpg,1,scored,0.8902906775474548,0.40350908041000366,1,1
1940,3,Jose_Canseco/Jose_Canseco_0001.jpg,Jose_Canseco/Jose_Canseco_0003.jpg,1,scored,0.7615523338317871,0.40350908041000366,1,1
1941,3,Juan_Manuel_Marquez/Juan_Manuel_Marquez_0001.jpg,Juan_Manuel_Marquez/Juan_Manuel_Marquez_0002.jpg,1,scored,0.836148738861084,0.40350908041000366,1,1
1942,3,Juan_Manuel_Marquez/Juan_Manuel_Marquez_0001.jpg,Juan_Manuel_Marquez/Juan_Manuel_Marquez_0003.jpg,1,scored,0.8664810061454773,0.40350908041000366,1,1
1943,3,Juan_Manuel_Marquez/Juan_Manuel_Marquez_0002.jpg,Juan_Manuel_Marquez/Juan_Manuel_Marquez_0003.jpg,1,scored,0.7566767930984497,0.40350908041000366,1,1
1944,3,Juan_Valencia_Osorio/Juan_Valencia_Osorio_0001.jpg,Juan_Valencia_Osorio/Juan_Valencia_Osorio_0002.jpg,1,scored,0.6793882846832275,0.40350908041000366,1,1
1945,3,Julie_Gerberding/Julie_Gerberding_0009.jpg,Julie_Gerberding/Julie_Gerberding_0013.jpg,1,scored,0.8920711874961853,0.40350908041000366,1,1
1946,3,Julie_Gerberding/Julie_Gerberding_0012.jpg,Julie_Gerberding/Julie_Gerberding_0015.jpg,1,scored,0.8583928346633911,0.40350908041000366,1,1
1947,3,Kate_Hudson/Kate_Hudson_0001.jpg,Kate_Hudson/Kate_Hudson_0004.jpg,1,scored,0.5040052533149719,0.40350908041000366,1,1
1948,3,Kate_Hudson/Kate_Hudson_0001.jpg,Kate_Hudson/Kate_Hudson_0008.jpg,1,scored,0.6627272963523865,0.40350908041000366,1,1
1949,3,Kate_Hudson/Kate_Hudson_0002.jpg,Kate_Hudson/Kate_Hudson_0003.jpg,1,scored,0.5767953395843506,0.40350908041000366,1,1
1950,3,Kate_Hudson/Kate_Hudson_0004.jpg,Kate_Hudson/Kate_Hudson_0009.jpg,1,scored,0.5393965244293213,0.40350908041000366,1,1
1951,3,Kate_Hudson/Kate_Hudson_0006.jpg,Kate_Hudson/Kate_Hudson_0007.jpg,1,scored,0.585403323173523,0.40350908041000366,1,1
1952,3,Kemal_Dervis/Kemal_Dervis_0001.jpg,Kemal_Dervis/Kemal_Dervis_0003.jpg,1,scored,0.8641711473464966,0.40350908041000366,1,1
1953,3,Kemal_Dervis/Kemal_Dervis_0002.jpg,Kemal_Dervis/Kemal_Dervis_0003.jpg,1,scored,0.8865110874176025,0.40350908041000366,1,1
1954,3,Kenneth_Evans/Kenneth_Evans_0001.jpg,Kenneth_Evans/Kenneth_Evans_0002.jpg,1,scored,0.9377245903015137,0.40350908041000366,1,1
1955,3,Kifah_Ajouri/Kifah_Ajouri_0001.jpg,Kifah_Ajouri/Kifah_Ajouri_0002.jpg,1,scored,0.8903877139091492,0.40350908041000366,1,1
1956,3,Larry_Lucchino/Larry_Lucchino_0001.jpg,Larry_Lucchino/Larry_Lucchino_0002.jpg,1,scored,0.8046073913574219,0.40350908041000366,1,1
1957,3,Latrell_Sprewell/Latrell_Sprewell_0001.jpg,Latrell_Sprewell/Latrell_Sprewell_0002.jpg,1,scored,0.5987017154693604,0.40350908041000366,1,1
1958,3,Lech_Walesa/Lech_Walesa_0001.jpg,Lech_Walesa/Lech_Walesa_0002.jpg,1,scored,0.7643848061561584,0.40350908041000366,1,1
1959,3,Lee_Tae-sik/Lee_Tae-sik_0001.jpg,Lee_Tae-sik/Lee_Tae-sik_0002.jpg,1,scored,0.849158525466919,0.40350908041000366,1,1
1960,3,Lisa_Marie_Presley/Lisa_Marie_Presley_0001.jpg,Lisa_Marie_Presley/Lisa_Marie_Presley_0003.jpg,1,scored,0.5546886920928955,0.40350908041000366,1,1
1961,3,Liza_Minnelli/Liza_Minnelli_0002.jpg,Liza_Minnelli/Liza_Minnelli_0003.jpg,1,scored,0.856817364692688,0.40350908041000366,1,1
1962,3,Liza_Minnelli/Liza_Minnelli_0003.jpg,Liza_Minnelli/Liza_Minnelli_0004.jpg,1,scored,0.760997474193573,0.40350908041000366,1,1
1963,3,Liza_Minnelli/Liza_Minnelli_0003.jpg,Liza_Minnelli/Liza_Minnelli_0006.jpg,1,scored,0.8841065168380737,0.40350908041000366,1,1
1964,3,Liza_Minnelli/Liza_Minnelli_0004.jpg,Liza_Minnelli/Liza_Minnelli_0005.jpg,1,scored,0.7268697619438171,0.40350908041000366,1,1
1965,3,Liza_Minnelli/Liza_Minnelli_0005.jpg,Liza_Minnelli/Liza_Minnelli_0006.jpg,1,scored,0.5713726878166199,0.40350908041000366,1,1
1966,3,Liza_Minnelli/Liza_Minnelli_0006.jpg,Liza_Minnelli/Liza_Minnelli_0007.jpg,1,scored,0.8973259925842285,0.40350908041000366,1,1
1967,3,Madonna/Madonna_0001.jpg,Madonna/Madonna_0004.jpg,1,scored,0.614179253578186,0.40350908041000366,1,1
1968,3,Madonna/Madonna_0002.jpg,Madonna/Madonna_0003.jpg,1,scored,0.6544967889785767,0.40350908041000366,1,1
1969,3,Madonna/Madonna_0004.jpg,Madonna/Madonna_0005.jpg,1,scored,0.4436725676059723,0.40350908041000366,1,1
1970,3,Mariah_Carey/Mariah_Carey_0003.jpg,Mariah_Carey/Mariah_Carey_0006.jpg,1,scored,0.7728957533836365,0.40350908041000366,1,1
1971,3,Mary_Tyler_Moore/Mary_Tyler_Moore_0001.jpg,Mary_Tyler_Moore/Mary_Tyler_Moore_0002.jpg,1,scored,0.7421073913574219,0.40350908041000366,1,1
1972,3,Mathias_Reichhold/Mathias_Reichhold_0001.jpg,Mathias_Reichhold/Mathias_Reichhold_0002.jpg,1,scored,0.6139602661132812,0.40350908041000366,1,1
1973,3,Matt_Damon/Matt_Damon_0001.jpg,Matt_Damon/Matt_Damon_0002.jpg,1,scored,0.7827184200286865,0.40350908041000366,1,1
1974,3,Matt_Damon/Matt_Damon_0001.jpg,Matt_Damon/Matt_Damon_0003.jpg,1,scored,0.8432173132896423,0.40350908041000366,1,1
1975,3,Matt_Damon/Matt_Damon_0002.jpg,Matt_Damon/Matt_Damon_0004.jpg,1,scored,0.8211984038352966,0.40350908041000366,1,1
1976,3,Matt_Damon/Matt_Damon_0003.jpg,Matt_Damon/Matt_Damon_0004.jpg,1,scored,0.8441774845123291,0.40350908041000366,1,1
1977,3,Maureen_Fanning/Maureen_Fanning_0001.jpg,Maureen_Fanning/Maureen_Fanning_0002.jpg,1,scored,0.7666664123535156,0.40350908041000366,1,1
1978,3,Melanie_Griffith/Melanie_Griffith_0001.jpg,Melanie_Griffith/Melanie_Griffith_0002.jpg,1,scored,0.6542654037475586,0.40350908041000366,1,1
1979,3,Melanie_Griffith/Melanie_Griffith_0001.jpg,Melanie_Griffith/Melanie_Griffith_0003.jpg,1,scored,0.6075067520141602,0.40350908041000366,1,1
1980,3,Melanie_Griffith/Melanie_Griffith_0002.jpg,Melanie_Griffith/Melanie_Griffith_0003.jpg,1,scored,0.4967239797115326,0.40350908041000366,1,1
1981,3,Michael_Ballack/Michael_Ballack_0001.jpg,Michael_Ballack/Michael_Ballack_0002.jpg,1,scored,0.7612462043762207,0.40350908041000366,1,1
1982,3,Michael_Winterbottom/Michael_Winterbottom_0001.jpg,Michael_Winterbottom/Michael_Winterbottom_0003.jpg,1,scored,0.8367778062820435,0.40350908041000366,1,1
1983,3,Michael_Winterbottom/Michael_Winterbottom_0002.jpg,Michael_Winterbottom/Michael_Winterbottom_0003.jpg,1,scored,0.8877227902412415,0.40350908041000366,1,1
1984,3,Michelle_Collins/Michelle_Collins_0001.jpg,Michelle_Collins/Michelle_Collins_0002.jpg,1,scored,0.8917444944381714,0.40350908041000366,1,1
1985,3,Milo_Maestrecampo/Milo_Maestrecampo_0001.jpg,Milo_Maestrecampo/Milo_Maestrecampo_0002.jpg,1,scored,0.8400260210037231,0.40350908041000366,1,1
1986,3,Mohamed_Benaissa/Mohamed_Benaissa_0001.jpg,Mohamed_Benaissa/Mohamed_Benaissa_0002.jpg,1,scored,0.7018510699272156,0.40350908041000366,1,1
1987,3,Mohamed_ElBaradei/Mohamed_ElBaradei_0002.jpg,Mohamed_ElBaradei/Mohamed_ElBaradei_0004.jpg,1,scored,0.7598749399185181,0.40350908041000366,1,1
1988,3,Mohamed_ElBaradei/Mohamed_ElBaradei_0003.jpg,Mohamed_ElBaradei/Mohamed_ElBaradei_0008.jpg,1,scored,0.6309602856636047,0.40350908041000366,1,1
1989,3,Morgan_Freeman/Morgan_Freeman_0001.jpg,Morgan_Freeman/Morgan_Freeman_0002.jpg,1,scored,0.8248830437660217,0.40350908041000366,1,1
1990,3,Muhammad_Ali/Muhammad_Ali_0001.jpg,Muhammad_Ali/Muhammad_Ali_0003.jpg,1,scored,0.6228899955749512,0.40350908041000366,1,1
1991,3,Muhammad_Ali/Muhammad_Ali_0001.jpg,Muhammad_Ali/Muhammad_Ali_0007.jpg,1,scored,0.7607049345970154,0.40350908041000366,1,1
1992,3,Muhammad_Ali/Muhammad_Ali_0002.jpg,Muhammad_Ali/Muhammad_Ali_0005.jpg,1,scored,0.7616945505142212,0.40350908041000366,1,1
1993,3,Muhammad_Ali/Muhammad_Ali_0006.jpg,Muhammad_Ali/Muhammad_Ali_0010.jpg,1,scored,0.9089767932891846,0.40350908041000366,1,1
1994,3,Muhammad_Ali/Muhammad_Ali_0007.jpg,Muhammad_Ali/Muhammad_Ali_0009.jpg,1,scored,0.8974523544311523,0.40350908041000366,1,1
1995,3,Mukesh_Ambani/Mukesh_Ambani_0001.jpg,Mukesh_Ambani/Mukesh_Ambani_0002.jpg,1,scored,0.7641981840133667,0.40350908041000366,1,1
1996,3,Mukesh_Ambani/Mukesh_Ambani_0001.jpg,Mukesh_Ambani/Mukesh_Ambani_0003.jpg,1,scored,0.8239202499389648,0.40350908041000366,1,1
1997,3,Paris_Hilton/Paris_Hilton_0001.jpg,Paris_Hilton/Paris_Hilton_0002.jpg,1,scored,0.8142629861831665,0.40350908041000366,1,1
1998,3,Pat_Cox/Pat_Cox_0001.jpg,Pat_Cox/Pat_Cox_0002.jpg,1,scored,0.8296761512756348,0.40350908041000366,1,1
1999,3,Paul_Burrell/Paul_Burrell_0003.jpg,Paul_Burrell/Paul_Burrell_0007.jpg,1,scored,0.8014282584190369,0.40350908041000366,1,1
2000,3,Paul_Burrell/Paul_Burrell_0005.jpg,Paul_Burrell/Paul_Burrell_0011.jpg,1,scored,0.5825178623199463,0.40350908041000366,1,1
2001,3,Paul_Burrell/Paul_Burrell_0008.jpg,Paul_Burrell/Paul_Burrell_0010.jpg,1,scored,0.9177430868148804,0.40350908041000366,1,1
2002,3,Paul_Wolfowitz/Paul_Wolfowitz_0008.jpg,Paul_Wolfowitz/Paul_Wolfowitz_0010.jpg,1,scored,0.8328052759170532,0.40350908041000366,1,1
2003,3,Paula_Radcliffe/Paula_Radcliffe_0001.jpg,Paula_Radcliffe/Paula_Radcliffe_0002.jpg,1,scored,0.8581475019454956,0.40350908041000366,1,1
2004,3,Paula_Radcliffe/Paula_Radcliffe_0001.jpg,Paula_Radcliffe/Paula_Radcliffe_0003.jpg,1,scored,0.7282533049583435,0.40350908041000366,1,1
2005,3,Paula_Radcliffe/Paula_Radcliffe_0002.jpg,Paula_Radcliffe/Paula_Radcliffe_0003.jpg,1,scored,0.7669779062271118,0.40350908041000366,1,1
2006,3,Paula_Radcliffe/Paula_Radcliffe_0002.jpg,Paula_Radcliffe/Paula_Radcliffe_0004.jpg,1,scored,0.28206872940063477,0.40350908041000366,0,0
2007,3,Paula_Radcliffe/Paula_Radcliffe_0003.jpg,Paula_Radcliffe/Paula_Radcliffe_0004.jpg,1,scored,0.16812840104103088,0.40350908041000366,0,0
2008,3,Paula_Radcliffe/Paula_Radcliffe_0003.jpg,Paula_Radcliffe/Paula_Radcliffe_0005.jpg,1,scored,0.5433998107910156,0.40350908041000366,1,1
2009,3,Paula_Radcliffe/Paula_Radcliffe_0004.jpg,Paula_Radcliffe/Paula_Radcliffe_0005.jpg,1,scored,0.30412817001342773,0.40350908041000366,0,0
2010,3,Paulo_Cesar_Pinheiro/Paulo_Cesar_Pinheiro_0001.jpg,Paulo_Cesar_Pinheiro/Paulo_Cesar_Pinheiro_0002.jpg,1,scored,0.9600839614868164,0.40350908041000366,1,1
2011,3,Pedro_Solbes/Pedro_Solbes_0001.jpg,Pedro_Solbes/Pedro_Solbes_0003.jpg,1,scored,0.721389651298523,0.40350908041000366,1,1
2012,3,Pedro_Solbes/Pedro_Solbes_0001.jpg,Pedro_Solbes/Pedro_Solbes_0004.jpg,1,scored,0.7452552318572998,0.40350908041000366,1,1
2013,3,Pedro_Solbes/Pedro_Solbes_0002.jpg,Pedro_Solbes/Pedro_Solbes_0003.jpg,1,scored,0.830366849899292,0.40350908041000366,1,1
2014,3,Pedro_Solbes/Pedro_Solbes_0003.jpg,Pedro_Solbes/Pedro_Solbes_0004.jpg,1,scored,0.8605219125747681,0.40350908041000366,1,1
2015,3,Pete_Carroll/Pete_Carroll_0001.jpg,Pete_Carroll/Pete_Carroll_0002.jpg,1,scored,0.6982177495956421,0.40350908041000366,1,1
2016,3,Pete_Carroll/Pete_Carroll_0001.jpg,Pete_Carroll/Pete_Carroll_0003.jpg,1,scored,0.7478021383285522,0.40350908041000366,1,1
2017,3,Pete_Carroll/Pete_Carroll_0002.jpg,Pete_Carroll/Pete_Carroll_0003.jpg,1,scored,0.7838529348373413,0.40350908041000366,1,1
2018,3,Pete_Sampras/Pete_Sampras_0002.jpg,Pete_Sampras/Pete_Sampras_0012.jpg,1,scored,0.6609179973602295,0.40350908041000366,1,1
2019,3,Pete_Sampras/Pete_Sampras_0002.jpg,Pete_Sampras/Pete_Sampras_0013.jpg,1,scored,0.642310380935669,0.40350908041000366,1,1
2020,3,Pete_Sampras/Pete_Sampras_0003.jpg,Pete_Sampras/Pete_Sampras_0015.jpg,1,scored,0.5815807580947876,0.40350908041000366,1,1
2021,3,Pete_Sampras/Pete_Sampras_0004.jpg,Pete_Sampras/Pete_Sampras_0020.jpg,1,scored,0.6698712706565857,0.40350908041000366,1,1
2022,3,Pete_Sampras/Pete_Sampras_0006.jpg,Pete_Sampras/Pete_Sampras_0007.jpg,1,scored,0.8303500413894653,0.40350908041000366,1,1
2023,3,Pete_Sampras/Pete_Sampras_0006.jpg,Pete_Sampras/Pete_Sampras_0008.jpg,1,scored,0.8109067678451538,0.40350908041000366,1,1
2024,3,Pete_Sampras/Pete_Sampras_0010.jpg,Pete_Sampras/Pete_Sampras_0013.jpg,1,scored,0.7681611776351929,0.40350908041000366,1,1
2025,3,Pete_Sampras/Pete_Sampras_0012.jpg,Pete_Sampras/Pete_Sampras_0015.jpg,1,scored,0.7361418008804321,0.40350908041000366,1,1
2026,3,Peter_Struck/Peter_Struck_0001.jpg,Peter_Struck/Peter_Struck_0005.jpg,1,scored,0.7807764410972595,0.40350908041000366,1,1
2027,3,Peter_Struck/Peter_Struck_0002.jpg,Peter_Struck/Peter_Struck_0005.jpg,1,scored,0.7662264704704285,0.40350908041000366,1,1
2028,3,Phil_Vassar/Phil_Vassar_0001.jpg,Phil_Vassar/Phil_Vassar_0002.jpg,1,scored,0.7238208055496216,0.40350908041000366,1,1
2029,3,Pierre_Boulanger/Pierre_Boulanger_0001.jpg,Pierre_Boulanger/Pierre_Boulanger_0002.jpg,1,scored,0.7912163138389587,0.40350908041000366,1,1
2030,3,Prince_Willem-Alexander/Prince_Willem-Alexander_0001.jpg,Prince_Willem-Alexander/Prince_Willem-Alexander_0002.jpg,1,scored,0.7476537227630615,0.40350908041000366,1,1
2031,3,Prince_Willem-Alexander/Prince_Willem-Alexander_0001.jpg,Prince_Willem-Alexander/Prince_Willem-Alexander_0003.jpg,1,scored,0.772592306137085,0.40350908041000366,1,1
2032,3,Prince_Willem-Alexander/Prince_Willem-Alexander_0002.jpg,Prince_Willem-Alexander/Prince_Willem-Alexander_0003.jpg,1,scored,0.9649492502212524,0.40350908041000366,1,1
2033,3,Queen_Elizabeth_II/Queen_Elizabeth_II_0003.jpg,Queen_Elizabeth_II/Queen_Elizabeth_II_0007.jpg,1,scored,0.8455157279968262,0.40350908041000366,1,1
2034,3,Queen_Elizabeth_II/Queen_Elizabeth_II_0009.jpg,Queen_Elizabeth_II/Queen_Elizabeth_II_0012.jpg,1,scored,0.852833092212677,0.40350908041000366,1,1
2035,3,Queen_Elizabeth_II/Queen_Elizabeth_II_0010.jpg,Queen_Elizabeth_II/Queen_Elizabeth_II_0011.jpg,1,scored,0.856123149394989,0.40350908041000366,1,1
2036,3,Queen_Elizabeth_II/Queen_Elizabeth_II_0010.jpg,Queen_Elizabeth_II/Queen_Elizabeth_II_0012.jpg,1,scored,0.7161433696746826,0.40350908041000366,1,1
2037,3,Ray_Nagin/Ray_Nagin_0001.jpg,Ray_Nagin/Ray_Nagin_0002.jpg,1,scored,0.6996527910232544,0.40350908041000366,1,1
2038,3,Ricardo_Maduro/Ricardo_Maduro_0001.jpg,Ricardo_Maduro/Ricardo_Maduro_0002.jpg,1,scored,0.7281078100204468,0.40350908041000366,1,1
2039,3,Richard_Branson/Richard_Branson_0001.jpg,Richard_Branson/Richard_Branson_0002.jpg,1,scored,0.6934101581573486,0.40350908041000366,1,1
2040,3,Richard_Virenque/Richard_Virenque_0001.jpg,Richard_Virenque/Richard_Virenque_0004.jpg,1,scored,0.42642074823379517,0.40350908041000366,1,1
2041,3,Richard_Virenque/Richard_Virenque_0001.jpg,Richard_Virenque/Richard_Virenque_0006.jpg,1,scored,0.5709165930747986,0.40350908041000366,1,1
2042,3,Richard_Virenque/Richard_Virenque_0001.jpg,Richard_Virenque/Richard_Virenque_0007.jpg,1,scored,0.5261623859405518,0.40350908041000366,1,1
2043,3,Richard_Virenque/Richard_Virenque_0002.jpg,Richard_Virenque/Richard_Virenque_0007.jpg,1,scored,0.5919407606124878,0.40350908041000366,1,1
2044,3,Richard_Virenque/Richard_Virenque_0002.jpg,Richard_Virenque/Richard_Virenque_0008.jpg,1,scored,0.6142013072967529,0.40350908041000366,1,1
2045,3,Rick_Carlisle/Rick_Carlisle_0002.jpg,Rick_Carlisle/Rick_Carlisle_0004.jpg,1,scored,0.8191932439804077,0.40350908041000366,1,1
2046,3,Rick_Wagoner/Rick_Wagoner_0001.jpg,Rick_Wagoner/Rick_Wagoner_0002.jpg,1,scored,0.6156004667282104,0.40350908041000366,1,1
2047,3,Robbie_Williams/Robbie_Williams_0001.jpg,Robbie_Williams/Robbie_Williams_0002.jpg,1,scored,0.8045787811279297,0.40350908041000366,1,1
2048,3,Robbie_Williams/Robbie_Williams_0001.jpg,Robbie_Williams/Robbie_Williams_0003.jpg,1,scored,0.6848247647285461,0.40350908041000366,1,1
2049,3,Roberto_Carlos/Roberto_Carlos_0002.jpg,Roberto_Carlos/Roberto_Carlos_0003.jpg,1,scored,0.8146679401397705,0.40350908041000366,1,1
2050,3,Roberto_Carlos/Roberto_Carlos_0002.jpg,Roberto_Carlos/Roberto_Carlos_0004.jpg,1,scored,0.8243193030357361,0.40350908041000366,1,1
2051,3,Roseanne_Barr/Roseanne_Barr_0001.jpg,Roseanne_Barr/Roseanne_Barr_0002.jpg,1,scored,0.6144330501556396,0.40350908041000366,1,1
2052,3,Roseanne_Barr/Roseanne_Barr_0002.jpg,Roseanne_Barr/Roseanne_Barr_0003.jpg,1,scored,0.7010015249252319,0.40350908041000366,1,1
2053,3,Ruben_Studdard/Ruben_Studdard_0001.jpg,Ruben_Studdard/Ruben_Studdard_0002.jpg,1,scored,0.881015419960022,0.40350908041000366,1,1
2054,3,Sammy_Sosa/Sammy_Sosa_0001.jpg,Sammy_Sosa/Sammy_Sosa_0002.jpg,1,scored,0.6113220453262329,0.40350908041000366,1,1
2055,3,Sarah_Jessica_Parker/Sarah_Jessica_Parker_0001.jpg,Sarah_Jessica_Parker/Sarah_Jessica_Parker_0003.jpg,1,scored,0.5353996157646179,0.40350908041000366,1,1
2056,3,Sarah_Jessica_Parker/Sarah_Jessica_Parker_0002.jpg,Sarah_Jessica_Parker/Sarah_Jessica_Parker_0004.jpg,1,scored,0.5521277189254761,0.40350908041000366,1,1
2057,3,Sarah_Jessica_Parker/Sarah_Jessica_Parker_0003.jpg,Sarah_Jessica_Parker/Sarah_Jessica_Parker_0004.jpg,1,scored,0.5811817646026611,0.40350908041000366,1,1
2058,3,Sharon_Davis/Sharon_Davis_0001.jpg,Sharon_Davis/Sharon_Davis_0002.jpg,1,scored,0.8433047533035278,0.40350908041000366,1,1
2059,3,Shaul_Mofaz/Shaul_Mofaz_0001.jpg,Shaul_Mofaz/Shaul_Mofaz_0002.jpg,1,scored,0.7275030612945557,0.40350908041000366,1,1
2060,3,Shaul_Mofaz/Shaul_Mofaz_0002.jpg,Shaul_Mofaz/Shaul_Mofaz_0003.jpg,1,scored,0.8066644668579102,0.40350908041000366,1,1
2061,3,Stan_Heath/Stan_Heath_0001.jpg,Stan_Heath/Stan_Heath_0002.jpg,1,scored,0.8074712753295898,0.40350908041000366,1,1
2062,3,Svetlana_Koroleva/Svetlana_Koroleva_0001.jpg,Svetlana_Koroleva/Svetlana_Koroleva_0002.jpg,1,scored,0.9315739870071411,0.40350908041000366,1,1
2063,3,Terrell_Suggs/Terrell_Suggs_0001.jpg,Terrell_Suggs/Terrell_Suggs_0002.jpg,1,scored,0.7235191464424133,0.40350908041000366,1,1
2064,3,Tim_Henman/Tim_Henman_0002.jpg,Tim_Henman/Tim_Henman_0012.jpg,1,scored,0.7570216655731201,0.40350908041000366,1,1
2065,3,Tim_Henman/Tim_Henman_0008.jpg,Tim_Henman/Tim_Henman_0019.jpg,1,scored,0.6288090944290161,0.40350908041000366,1,1
2066,3,Tom_Daschle/Tom_Daschle_0007.jpg,Tom_Daschle/Tom_Daschle_0008.jpg,1,scored,0.8619364500045776,0.40350908041000366,1,1
2067,3,Tom_Daschle/Tom_Daschle_0015.jpg,Tom_Daschle/Tom_Daschle_0021.jpg,1,scored,0.7009760141372681,0.40350908041000366,1,1
2068,3,Tom_Daschle/Tom_Daschle_0015.jpg,Tom_Daschle/Tom_Daschle_0022.jpg,1,scored,0.7566438913345337,0.40350908041000366,1,1
2069,3,Tony_Curtis/Tony_Curtis_0001.jpg,Tony_Curtis/Tony_Curtis_0002.jpg,1,scored,0.6146895289421082,0.40350908041000366,1,1
2070,3,Valentino_Rossi/Valentino_Rossi_0001.jpg,Valentino_Rossi/Valentino_Rossi_0002.jpg,1,scored,0.636134922504425,0.40350908041000366,1,1
2071,3,Valentino_Rossi/Valentino_Rossi_0002.jpg,Valentino_Rossi/Valentino_Rossi_0004.jpg,1,scored,0.6518089771270752,0.40350908041000366,1,1
2072,3,Valentino_Rossi/Valentino_Rossi_0003.jpg,Valentino_Rossi/Valentino_Rossi_0006.jpg,1,scored,0.47184938192367554,0.40350908041000366,1,1
2073,3,Valentino_Rossi/Valentino_Rossi_0004.jpg,Valentino_Rossi/Valentino_Rossi_0005.jpg,1,scored,0.7303415536880493,0.40350908041000366,1,1
2074,3,Valentino_Rossi/Valentino_Rossi_0005.jpg,Valentino_Rossi/Valentino_Rossi_0006.jpg,1,scored,0.6467801332473755,0.40350908041000366,1,1
2075,3,Vanessa_Redgrave/Vanessa_Redgrave_0001.jpg,Vanessa_Redgrave/Vanessa_Redgrave_0003.jpg,1,scored,0.6886446475982666,0.40350908041000366,1,1
2076,3,Vanessa_Redgrave/Vanessa_Redgrave_0001.jpg,Vanessa_Redgrave/Vanessa_Redgrave_0004.jpg,1,scored,0.6794334650039673,0.40350908041000366,1,1
2077,3,Vanessa_Redgrave/Vanessa_Redgrave_0002.jpg,Vanessa_Redgrave/Vanessa_Redgrave_0005.jpg,1,scored,0.8461940288543701,0.40350908041000366,1,1
2078,3,Vanessa_Redgrave/Vanessa_Redgrave_0003.jpg,Vanessa_Redgrave/Vanessa_Redgrave_0004.jpg,1,scored,0.893885612487793,0.40350908041000366,1,1
2079,3,Victoria_Clarke/Victoria_Clarke_0001.jpg,Victoria_Clarke/Victoria_Clarke_0005.jpg,1,scored,0.750799834728241,0.40350908041000366,1,1
2080,3,Vladimiro_Montesinos/Vladimiro_Montesinos_0001.jpg,Vladimiro_Montesinos/Vladimiro_Montesinos_0002.jpg,1,scored,0.7006169557571411,0.40350908041000366,1,1
2081,3,Vladimiro_Montesinos/Vladimiro_Montesinos_0001.jpg,Vladimiro_Montesinos/Vladimiro_Montesinos_0003.jpg,1,scored,0.5974986553192139,0.40350908041000366,1,1
2082,3,Vladimiro_Montesinos/Vladimiro_Montesinos_0002.jpg,Vladimiro_Montesinos/Vladimiro_Montesinos_0003.jpg,1,scored,0.6232243180274963,0.40350908041000366,1,1
2083,3,Wayne_Ferreira/Wayne_Ferreira_0001.jpg,Wayne_Ferreira/Wayne_Ferreira_0002.jpg,1,scored,0.7976782321929932,0.40350908041000366,1,1
2084,3,Wayne_Ferreira/Wayne_Ferreira_0001.jpg,Wayne_Ferreira/Wayne_Ferreira_0003.jpg,1,scored,0.807993471622467,0.40350908041000366,1,1
2085,3,Wayne_Ferreira/Wayne_Ferreira_0001.jpg,Wayne_Ferreira/Wayne_Ferreira_0005.jpg,1,scored,0.8876075148582458,0.40350908041000366,1,1
2086,3,Wayne_Ferreira/Wayne_Ferreira_0002.jpg,Wayne_Ferreira/Wayne_Ferreira_0005.jpg,1,scored,0.7197291851043701,0.40350908041000366,1,1
2087,3,Wayne_Ferreira/Wayne_Ferreira_0003.jpg,Wayne_Ferreira/Wayne_Ferreira_0004.jpg,1,scored,0.7623504400253296,0.40350908041000366,1,1
2088,3,Will_Smith/Will_Smith_0001.jpg,Will_Smith/Will_Smith_0002.jpg,1,scored,0.5650657415390015,0.40350908041000366,1,1
2089,3,Yasser_Arafat/Yasser_Arafat_0001.jpg,Yasser_Arafat/Yasser_Arafat_0006.jpg,1,scored,0.8273817300796509,0.40350908041000366,1,1
2090,3,Yasser_Arafat/Yasser_Arafat_0001.jpg,Yasser_Arafat/Yasser_Arafat_0008.jpg,1,scored,0.9178489446640015,0.40350908041000366,1,1
2091,3,Yasser_Arafat/Yasser_Arafat_0002.jpg,Yasser_Arafat/Yasser_Arafat_0003.jpg,1,scored,0.9310986995697021,0.40350908041000366,1,1
2092,3,Yasser_Arafat/Yasser_Arafat_0002.jpg,Yasser_Arafat/Yasser_Arafat_0005.jpg,1,scored,0.8578975200653076,0.40350908041000366,1,1
2093,3,Yasser_Arafat/Yasser_Arafat_0003.jpg,Yasser_Arafat/Yasser_Arafat_0004.jpg,1,scored,0.8069893717765808,0.40350908041000366,1,1
2094,3,Yasser_Arafat/Yasser_Arafat_0003.jpg,Yasser_Arafat/Yasser_Arafat_0008.jpg,1,scored,0.9130704402923584,0.40350908041000366,1,1
2095,3,Yasser_Arafat/Yasser_Arafat_0004.jpg,Yasser_Arafat/Yasser_Arafat_0005.jpg,1,scored,0.7807677984237671,0.40350908041000366,1,1
2096,3,Yasser_Arafat/Yasser_Arafat_0005.jpg,Yasser_Arafat/Yasser_Arafat_0008.jpg,1,scored,0.7249219417572021,0.40350908041000366,1,1
2097,3,Yuri_Fedotov/Yuri_Fedotov_0001.jpg,Yuri_Fedotov/Yuri_Fedotov_0002.jpg,1,scored,0.8465107679367065,0.40350908041000366,1,1
2098,3,Zoran_Djindjic/Zoran_Djindjic_0001.jpg,Zoran_Djindjic/Zoran_Djindjic_0003.jpg,1,scored,0.8493626117706299,0.40350908041000366,1,1
2099,3,Zoran_Djindjic/Zoran_Djindjic_0001.jpg,Zoran_Djindjic/Zoran_Djindjic_0004.jpg,1,scored,0.8042536973953247,0.40350908041000366,1,1
2100,3,Aaron_Patterson/Aaron_Patterson_0001.jpg,Frank_Bell/Frank_Bell_0001.jpg,0,scored,0.045562855899333954,0.40350908041000366,0,1
2101,3,Abdoulaye_Wade/Abdoulaye_Wade_0004.jpg,Bruce_Weber/Bruce_Weber_0002.jpg,0,scored,-0.022267919033765793,0.40350908041000366,0,1
2102,3,Abner_Martinez/Abner_Martinez_0001.jpg,Carlos_Alberto/Carlos_Alberto_0001.jpg,0,scored,0.13693776726722717,0.40350908041000366,0,1
2103,3,Adam_Sandler/Adam_Sandler_0002.jpg,Matthew_Ouimet/Matthew_Ouimet_0001.jpg,0,scored,0.08808343857526779,0.40350908041000366,0,1
2104,3,Adam_Sandler/Adam_Sandler_0003.jpg,Saeed_Anwar/Saeed_Anwar_0001.jpg,0,scored,0.19704869389533997,0.40350908041000366,0,1
2105,3,Adolfo_Aguilar_Zinser/Adolfo_Aguilar_Zinser_0003.jpg,Jaime_Pressly/Jaime_Pressly_0001.jpg,0,scored,-0.12373727560043335,0.40350908041000366,0,1
2106,3,Agnelo_Queiroz/Agnelo_Queiroz_0001.jpg,Aung_San_Suu_Kyi/Aung_San_Suu_Kyi_0002.jpg,0,scored,-0.20494794845581055,0.40350908041000366,0,1
2107,3,Agnelo_Queiroz/Agnelo_Queiroz_0001.jpg,Dave_Barr/Dave_Barr_0001.jpg,0,scored,0.12825490534305573,0.40350908041000366,0,1
2108,3,Aicha_El_Ouafi/Aicha_El_Ouafi_0003.jpg,Michael_Lechner/Michael_Lechner_0001.jpg,0,scored,-0.13111868500709534,0.40350908041000366,0,1
2109,3,Akbar_Hashemi_Rafsanjani/Akbar_Hashemi_Rafsanjani_0001.jpg,Larry_Harris/Larry_Harris_0001.jpg,0,scored,-0.08485598862171173,0.40350908041000366,0,1
2110,3,Al_Pacino/Al_Pacino_0002.jpg,Charles_Cope/Charles_Cope_0001.jpg,0,scored,0.004980077967047691,0.40350908041000366,0,1
2111,3,Alex_Barros/Alex_Barros_0001.jpg,Brandon_Jones/Brandon_Jones_0001.jpg,0,scored,-0.06727912276983261,0.40350908041000366,0,1
2112,3,Alex_Barros/Alex_Barros_0002.jpg,Will_Smith/Will_Smith_0002.jpg,0,scored,-0.14236851036548615,0.40350908041000366,0,1
2113,3,Alex_Ferguson/Alex_Ferguson_0001.jpg,Rainer_Gut/Rainer_Gut_0001.jpg,0,scored,0.17922943830490112,0.40350908041000366,0,1
2114,3,Alex_Wallau/Alex_Wallau_0001.jpg,Shireen_Amir_Begum/Shireen_Amir_Begum_0001.jpg,0,scored,0.04219489544630051,0.40350908041000366,0,1
2115,3,Alexandra_Jackson/Alexandra_Jackson_0001.jpg,Larry_Harris/Larry_Harris_0001.jpg,0,scored,-0.283988893032074,0.40350908041000366,0,1
2116,3,Alfonso_Portillo/Alfonso_Portillo_0001.jpg,Benito_Santiago/Benito_Santiago_0001.jpg,0,scored,0.02080668695271015,0.40350908041000366,0,1
2117,3,Alfonso_Portillo/Alfonso_Portillo_0001.jpg,Faye_Alibocus/Faye_Alibocus_0001.jpg,0,scored,-0.15534286201000214,0.40350908041000366,0,1
2118,3,Alfonso_Portillo/Alfonso_Portillo_0001.jpg,Fidel_Castro/Fidel_Castro_0017.jpg,0,scored,0.028112854808568954,0.40350908041000366,0,1
2119,3,Ali_Abdullah_Saleh/Ali_Abdullah_Saleh_0001.jpg,Khalid_Qazi/Khalid_Qazi_0001.jpg,0,scored,0.06682834774255753,0.40350908041000366,0,1
2120,3,Allan_Houston/Allan_Houston_0001.jpg,Andy_Garcia/Andy_Garcia_0001.jpg,0,scored,-0.11940743029117584,0.40350908041000366,0,1
2121,3,Allan_Houston/Allan_Houston_0001.jpg,Heidi_Klum/Heidi_Klum_0001.jpg,0,scored,-0.125578373670578,0.40350908041000366,0,1
2122,3,Allan_Houston/Allan_Houston_0001.jpg,Thomas_Mesereau_Jr/Thomas_Mesereau_Jr_0001.jpg,0,scored,0.22027775645256042,0.40350908041000366,0,1
2123,3,Ally_Sheedy/Ally_Sheedy_0001.jpg,Hugh_Carey/Hugh_Carey_0001.jpg,0,scored,0.05045044422149658,0.40350908041000366,0,1
2124,3,Ally_Sheedy/Ally_Sheedy_0001.jpg,Myung_Yang/Myung_Yang_0001.jpg,0,scored,-0.04024790972471237,0.40350908041000366,0,1
2125,3,Amanda_Marsh/Amanda_Marsh_0001.jpg,Tony_Curtis/Tony_Curtis_0002.jpg,0,scored,-0.36051130294799805,0.40350908041000366,0,1
2126,3,Anastasia_Myskina/Anastasia_Myskina_0001.jpg,Raul_Gonzalez/Raul_Gonzalez_0001.jpg,0,scored,0.01770300418138504,0.40350908041000366,0,1
2127,3,Anastasia_Myskina/Anastasia_Myskina_0003.jpg,Len_Jenoff/Len_Jenoff_0002.jpg,0,scored,-0.20317842066287994,0.40350908041000366,0,1
2128,3,Andrzej_Tyszkiewicz/Andrzej_Tyszkiewicz_0001.jpg,Wes_Craven/Wes_Craven_0001.jpg,0,scored,0.04513520374894142,0.40350908041000366,0,1
2129,3,Andy_Griggs/Andy_Griggs_0001.jpg,Lech_Walesa/Lech_Walesa_0002.jpg,0,scored,0.036927927285432816,0.40350908041000366,0,1
2130,3,Andy_Rooney/Andy_Rooney_0001.jpg,Jessica_Simpson/Jessica_Simpson_0001.jpg,0,scored,0.04539818316698074,0.40350908041000366,0,1
2131,3,Anna_Nicole_Smith/Anna_Nicole_Smith_0002.jpg,Marcus_Garrettson/Marcus_Garrettson_0001.jpg,0,scored,0.18025046586990356,0.40350908041000366,0,1
2132,3,Antonio_Palocci/Antonio_Palocci_0003.jpg,Liza_Minnelli/Liza_Minnelli_0001.jpg,0,scored,0.037956539541482925,0.40350908041000366,0,1
2133,3,Antonio_Palocci/Antonio_Palocci_0005.jpg,JC_Chasez/JC_Chasez_0001.jpg,0,scored,-0.0023592859506607056,0.40350908041000366,0,1
2134,3,Antonio_Palocci/Antonio_Palocci_0005.jpg,Jose_Woldenberg/Jose_Woldenberg_0001.jpg,0,scored,0.22009381651878357,0.40350908041000366,0,1
2135,3,Antonio_Palocci/Antonio_Palocci_0006.jpg,John_Geoghan/John_Geoghan_0001.jpg,0,scored,0.07512445747852325,0.40350908041000366,0,1
2136,3,Antonio_Palocci/Antonio_Palocci_0008.jpg,Hans_Corell/Hans_Corell_0001.jpg,0,scored,0.02457461692392826,0.40350908041000366,0,1
2137,3,Arif_Mardin/Arif_Mardin_0001.jpg,Eduardo_Fischer/Eduardo_Fischer_0001.jpg,0,scored,0.01424869429320097,0.40350908041000366,0,1
2138,3,Arnaud_Lagardere/Arnaud_Lagardere_0001.jpg,Melanie_Griffith/Melanie_Griffith_0003.jpg,0,scored,-0.10721739381551743,0.40350908041000366,0,1
2139,3,Ashton_Kutcher/Ashton_Kutcher_0002.jpg,Daniel_Barenboim/Daniel_Barenboim_0001.jpg,0,scored,0.1216948926448822,0.40350908041000366,0,1
2140,3,Asif_Hanif/Asif_Hanif_0001.jpg,Robbie_Williams/Robbie_Williams_0001.jpg,0,scored,-0.2568926215171814,0.40350908041000366,0,1
2141,3,Asmaa_Assad/Asmaa_Assad_0001.jpg,Barry_Hinson/Barry_Hinson_0001.jpg,0,scored,-0.15395790338516235,0.40350908041000366,0,1
2142,3,Aung_San_Suu_Kyi/Aung_San_Suu_Kyi_0001.jpg,Charla_Moye/Charla_Moye_0001.jpg,0,scored,0.16564026474952698,0.40350908041000366,0,1
2143,3,Azmi_Bishara/Azmi_Bishara_0001.jpg,Sammy_Sosa/Sammy_Sosa_0002.jpg,0,scored,-0.00965909194201231,0.40350908041000366,0,1
2144,3,Barry_Hinson/Barry_Hinson_0001.jpg,Nino_DAngelo/Nino_DAngelo_0001.jpg,0,scored,0.049959585070610046,0.40350908041000366,0,1
2145,3,Barry_Zito/Barry_Zito_0002.jpg,Chris_Gratton/Chris_Gratton_0001.jpg,0,scored,-0.067627914249897,0.40350908041000366,0,1
2146,3,Bill_Graham/Bill_Graham_0008.jpg,Michelle_Hofland/Michelle_Hofland_0001.jpg,0,scored,-0.3198662996292114,0.40350908041000366,0,1
2147,3,Bill_Graham/Bill_Graham_0009.jpg,Jacqueline_Marris/Jacqueline_Marris_0001.jpg,0,scored,-0.15671882033348083,0.40350908041000366,0,1
2148,3,Bill_Readdy/Bill_Readdy_0001.jpg,Brendan_Gaughan/Brendan_Gaughan_0001.jpg,0,scored,0.2395172119140625,0.40350908041000366,0,1
2149,3,Bill_Readdy/Bill_Readdy_0001.jpg,Jaymon_Crabb/Jaymon_Crabb_0001.jpg,0,scored,0.1770995557308197,0.40350908041000366,0,1
2150,3,Bill_Readdy/Bill_Readdy_0001.jpg,Yasser_Arafat/Yasser_Arafat_0003.jpg,0,scored,-0.005488717928528786,0.40350908041000366,0,1
2151,3,Billy_Rork/Billy_Rork_0001.jpg,Eva_Mendes/Eva_Mendes_0001.jpg,0,scored,-0.01668270118534565,0.40350908041000366,0,1
2152,3,Billy_Rork/Billy_Rork_0001.jpg,German_Khan/German_Khan_0001.jpg,0,scored,0.11333034932613373,0.40350908041000366,0,1
2153,3,Billy_Rork/Billy_Rork_0001.jpg,Peter_Struck/Peter_Struck_0002.jpg,0,scored,0.503869891166687,0.40350908041000366,1,0
2154,3,Bison_Dele/Bison_Dele_0001.jpg,Brian_McIntyre/Brian_McIntyre_0001.jpg,0,scored,0.10141690820455551,0.40350908041000366,0,1
2155,3,Bob_Dole/Bob_Dole_0002.jpg,Dai_Chul_Chyung/Dai_Chul_Chyung_0001.jpg,0,scored,0.19514170289039612,0.40350908041000366,0,1
2156,3,Bob_Dole/Bob_Dole_0002.jpg,John_Henry/John_Henry_0001.jpg,0,scored,0.24477489292621613,0.40350908041000366,0,1
2157,3,Bob_Dole/Bob_Dole_0003.jpg,Chris_Gratton/Chris_Gratton_0001.jpg,0,scored,-0.042312923818826675,0.40350908041000366,0,1
2158,3,Bob_Dole/Bob_Dole_0003.jpg,Hugh_Carey/Hugh_Carey_0001.jpg,0,scored,0.15071728825569153,0.40350908041000366,0,1
2159,3,Bob_Geldof/Bob_Geldof_0001.jpg,Zoran_Djindjic/Zoran_Djindjic_0002.jpg,0,scored,-0.02075352892279625,0.40350908041000366,0,1
2160,3,Bob_Geldof/Bob_Geldof_0002.jpg,Ed_Wade/Ed_Wade_0001.jpg,0,scored,-0.08918274194002151,0.40350908041000366,0,1
2161,3,Bob_Holden/Bob_Holden_0001.jpg,Fernando_Leon_de_Aranoa/Fernando_Leon_de_Aranoa_0001.jpg,0,scored,0.1264219731092453,0.40350908041000366,0,1
2162,3,Bob_Iger/Bob_Iger_0001.jpg,Edie_Falco/Edie_Falco_0001.jpg,0,scored,-0.17023183405399323,0.40350908041000366,0,1
2163,3,Bob_Iger/Bob_Iger_0001.jpg,Jean-Claude_Van_Damme/Jean-Claude_Van_Damme_0001.jpg,0,scored,0.23030740022659302,0.40350908041000366,0,1
2164,3,Brian_Clemens/Brian_Clemens_0001.jpg,Brian_Meadors/Brian_Meadors_0001.jpg,0,scored,0.002199653536081314,0.40350908041000366,0,1
2165,3,Brian_Clemens/Brian_Clemens_0001.jpg,Melanie_Griffith/Melanie_Griffith_0002.jpg,0,scored,-0.08165327459573746,0.40350908041000366,0,1
2166,3,Brian_Heidik/Brian_Heidik_0002.jpg,Djabir_Said-Guerni/Djabir_Said-Guerni_0001.jpg,0,scored,-0.2359527051448822,0.40350908041000366,0,1
2167,3,Brian_McIntyre/Brian_McIntyre_0001.jpg,Hans_Corell/Hans_Corell_0001.jpg,0,scored,-0.054634734988212585,0.40350908041000366,0,1
2168,3,Brian_McIntyre/Brian_McIntyre_0001.jpg,Mohammed_Abulhasan/Mohammed_Abulhasan_0001.jpg,0,scored,0.01397167518734932,0.40350908041000366,0,1
2169,3,Brian_Pavlich/Brian_Pavlich_0001.jpg,Ruben_Wolkowyski/Ruben_Wolkowyski_0001.jpg,0,scored,-0.04029752314090729,0.40350908041000366,0,1
2170,3,Brook_Robinson/Brook_Robinson_0001.jpg,Tom_McClintock/Tom_McClintock_0001.jpg,0,scored,0.14739495515823364,0.40350908041000366,0,1
2171,3,Brooke_Adams/Brooke_Adams_0001.jpg,Paula_Prentiss/Paula_Prentiss_0001.jpg,0,scored,0.17432208359241486,0.40350908041000366,0,1
2172,3,Brooke_Gordon/Brooke_Gordon_0001.jpg,Joschka_Fischer/Joschka_Fischer_0012.jpg,0,scored,-0.21690458059310913,0.40350908041000366,0,1
2173,3,Bruce_Weber/Bruce_Weber_0001.jpg,Hal_Sellers/Hal_Sellers_0001.jpg,0,scored,0.2834150195121765,0.40350908041000366,0,1
2174,3,Bryan_Thomas/Bryan_Thomas_0001.jpg,Joey_Mantia/Joey_Mantia_0001.jpg,0,scored,-0.10342294722795486,0.40350908041000366,0,1
2175,3,Bustam_A_Zedan_Aljanabi/Bustam_A_Zedan_Aljanabi_0001.jpg,Kajsa_Bergqvist/Kajsa_Bergqvist_0001.jpg,0,scored,0.021354980766773224,0.40350908041000366,0,1
2176,3,Calvin_Joseph_Coleman/Calvin_Joseph_Coleman_0001.jpg,Hassan_Nasrallah/Hassan_Nasrallah_0001.jpg,0,scored,-0.147914320230484,0.40350908041000366,0,1
2177,3,Carla_Sullivan/Carla_Sullivan_0001.jpg,Edie_Falco/Edie_Falco_0001.jpg,0,scored,0.25080519914627075,0.40350908041000366,0,1
2178,3,Carlos_Barragan/Carlos_Barragan_0001.jpg,Chen_Shui-bian/Chen_Shui-bian_0003.jpg,0,scored,-0.019572049379348755,0.40350908041000366,0,1
2179,3,Carlos_Salinas/Carlos_Salinas_0001.jpg,Norman_Mailer/Norman_Mailer_0001.jpg,0,scored,-0.04320644587278366,0.40350908041000366,0,1
2180,3,Carlos_Salinas/Carlos_Salinas_0001.jpg,Sonya_Walger/Sonya_Walger_0001.jpg,0,scored,-0.1179937794804573,0.40350908041000366,0,1
2181,3,Carolyn_Dawn_Johnson/Carolyn_Dawn_Johnson_0003.jpg,Lydia_Shum/Lydia_Shum_0001.jpg,0,scored,0.03769242390990257,0.40350908041000366,0,1
2182,3,Carolyn_Kuhl/Carolyn_Kuhl_0001.jpg,Pierre_Boulanger/Pierre_Boulanger_0001.jpg,0,scored,0.1914963275194168,0.40350908041000366,0,1
2183,3,Celine_Dion/Celine_Dion_0002.jpg,John_Stallworth/John_Stallworth_0002.jpg,0,scored,0.08973721414804459,0.40350908041000366,0,1
2184,3,Celine_Dion/Celine_Dion_0005.jpg,Linda_Baboolal/Linda_Baboolal_0001.jpg,0,scored,-0.04419529810547829,0.40350908041000366,0,1
2185,3,Celine_Dion/Celine_Dion_0005.jpg,Tom_Poston/Tom_Poston_0001.jpg,0,scored,-0.10610884428024292,0.40350908041000366,0,1
2186,3,Chakib_Khelil/Chakib_Khelil_0002.jpg,Chuck_Woolery/Chuck_Woolery_0001.jpg,0,scored,0.017688408493995667,0.40350908041000366,0,1
2187,3,Charla_Moye/Charla_Moye_0001.jpg,Patti_Balgojevich/Patti_Balgojevich_0001.jpg,0,scored,-0.006336062215268612,0.40350908041000366,0,1
2188,3,Charles_Cope/Charles_Cope_0001.jpg,Garry_Alejano/Garry_Alejano_0001.jpg,0,scored,0.14525660872459412,0.40350908041000366,0,1
2189,3,Charles_Holzner/Charles_Holzner_0001.jpg,Eurico_Guterres/Eurico_Guterres_0001.jpg,0,scored,-0.0748816579580307,0.40350908041000366,0,1
2190,3,Charles_Holzner/Charles_Holzner_0001.jpg,Greg_Kinnear/Greg_Kinnear_0001.jpg,0,scored,-0.2793918550014496,0.40350908041000366,0,1
2191,3,Chen_Shui-bian/Chen_Shui-bian_0003.jpg,Gaston_Gaudio/Gaston_Gaudio_0001.jpg,0,scored,0.038621414452791214,0.40350908041000366,0,1
2192,3,Chris_Gratton/Chris_Gratton_0001.jpg,Mario_Vasquez_Rana/Mario_Vasquez_Rana_0001.jpg,0,scored,-0.0967220813035965,0.40350908041000366,0,1
2193,3,Chris_Kolanas/Chris_Kolanas_0001.jpg,Joshua_Gracin/Joshua_Gracin_0001.jpg,0,scored,-0.0362565815448761,0.40350908041000366,0,1
2194,3,Claudia_Pechstein/Claudia_Pechstein_0002.jpg,Mireille_Jospin-Dandieu/Mireille_Jospin-Dandieu_0001.jpg,0,scored,-0.24759739637374878,0.40350908041000366,0,1
2195,3,Clay_Aiken/Clay_Aiken_0001.jpg,Svetlana_Koroleva/Svetlana_Koroleva_0001.jpg,0,scored,-0.10413002967834473,0.40350908041000366,0,1
2196,3,Colin_Powell/Colin_Powell_0095.jpg,Frank_Hsieh/Frank_Hsieh_0001.jpg,0,scored,0.3498585820198059,0.40350908041000366,0,1
2197,3,Craig_David/Craig_David_0001.jpg,Tom_McClintock/Tom_McClintock_0001.jpg,0,scored,0.007147600408643484,0.40350908041000366,0,1
2198,3,Craig_Wilson/Craig_Wilson_0001.jpg,Kajsa_Bergqvist/Kajsa_Bergqvist_0001.jpg,0,scored,0.0010250676423311234,0.40350908041000366,0,1
2199,3,Cristina_Fernandez/Cristina_Fernandez_0002.jpg,Stephen_Cooper/Stephen_Cooper_0001.jpg,0,scored,-0.09666496515274048,0.40350908041000366,0,1
2200,3,Curtis_Joseph/Curtis_Joseph_0001.jpg,Terrell_Suggs/Terrell_Suggs_0002.jpg,0,scored,-0.0071297455579042435,0.40350908041000366,0,1
2201,3,Cynthia_Rowley/Cynthia_Rowley_0001.jpg,Michael_Friedman/Michael_Friedman_0001.jpg,0,scored,-0.06442984193563461,0.40350908041000366,0,1
2202,3,Damon_van_Dam/Damon_van_Dam_0002.jpg,Jason_Sorens/Jason_Sorens_0001.jpg,0,scored,-0.030695823952555656,0.40350908041000366,0,1
2203,3,Daniel_Barenboim/Daniel_Barenboim_0001.jpg,Tyler_Grillo/Tyler_Grillo_0001.jpg,0,scored,0.17410507798194885,0.40350908041000366,0,1
2204,3,Daniel_Bruehl/Daniel_Bruehl_0001.jpg,Gus_Frerotte/Gus_Frerotte_0001.jpg,0,scored,0.17605210840702057,0.40350908041000366,0,1
2205,3,Daniel_Bruehl/Daniel_Bruehl_0001.jpg,Max_Mosley/Max_Mosley_0001.jpg,0,scored,0.15930292010307312,0.40350908041000366,0,1
2206,3,Daniel_Bruehl/Daniel_Bruehl_0001.jpg,Ramon_Cardenas/Ramon_Cardenas_0001.jpg,0,scored,-0.17665523290634155,0.40350908041000366,0,1
2207,3,Daniele_Bergamin/Daniele_Bergamin_0001.jpg,Kenneth_Evans/Kenneth_Evans_0001.jpg,0,scored,0.05924956500530243,0.40350908041000366,0,1
2208,3,Danielle_Spencer/Danielle_Spencer_0001.jpg,Rachel_Wheatley/Rachel_Wheatley_0001.jpg,0,scored,-0.06129074841737747,0.40350908041000366,0,1
2209,3,Darcy_Regier/Darcy_Regier_0001.jpg,William_Hurt/William_Hurt_0001.jpg,0,scored,0.19141829013824463,0.40350908041000366,0,1
2210,3,Dave_Matthews/Dave_Matthews_0001.jpg,Linda_Dano/Linda_Dano_0001.jpg,0,scored,0.06499624997377396,0.40350908041000366,0,1
2211,3,Dave_Matthews/Dave_Matthews_0001.jpg,Paul_Burrell/Paul_Burrell_0007.jpg,0,scored,0.15026825666427612,0.40350908041000366,0,1
2212,3,Dave_McNealey/Dave_McNealey_0001.jpg,Gerald_Riley/Gerald_Riley_0001.jpg,0,scored,-0.20877370238304138,0.40350908041000366,0,1
2213,3,David_Bisbal/David_Bisbal_0001.jpg,Terri_Clark/Terri_Clark_0001.jpg,0,scored,-0.0024779923260211945,0.40350908041000366,0,1
2214,3,David_Chase/David_Chase_0001.jpg,Ekaterina_Dmitriev/Ekaterina_Dmitriev_0001.jpg,0,scored,0.09421364217996597,0.40350908041000366,0,1
2215,3,David_McCullough/David_McCullough_0001.jpg,Evo_Morales/Evo_Morales_0001.jpg,0,scored,-0.010345117188990116,0.40350908041000366,0,1
2216,3,David_McKiernan/David_McKiernan_0001.jpg,Fernando_Leon_de_Aranoa/Fernando_Leon_de_Aranoa_0001.jpg,0,scored,-0.03790195658802986,0.40350908041000366,0,1
2217,3,David_McKiernan/David_McKiernan_0001.jpg,Jane_Leeves/Jane_Leeves_0001.jpg,0,scored,0.1676989197731018,0.40350908041000366,0,1
2218,3,Dennis_Erickson/Dennis_Erickson_0002.jpg,Hisham_Halawi/Hisham_Halawi_0001.jpg,0,scored,0.06060643494129181,0.40350908041000366,0,1
2219,3,Dennis_Erickson/Dennis_Erickson_0002.jpg,Noer_Muis/Noer_Muis_0001.jpg,0,scored,0.005516526754945517,0.40350908041000366,0,1
2220,3,Derek_Lowe/Derek_Lowe_0002.jpg,Hisham_Halawi/Hisham_Halawi_0001.jpg,0,scored,-0.3361331820487976,0.40350908041000366,0,1
2221,3,Derek_Lowe/Derek_Lowe_0002.jpg,Madonna/Madonna_0001.jpg,0,scored,0.19916266202926636,0.40350908041000366,0,1
2222,3,Derek_Lowe/Derek_Lowe_0002.jpg,Mohamed_Benaissa/Mohamed_Benaissa_0001.jpg,0,scored,-0.4202456474304199,0.40350908041000366,0,1
2223,3,Diego_Colorado/Diego_Colorado_0001.jpg,Jason_Sorens/Jason_Sorens_0001.jpg,0,scored,-0.14807334542274475,0.40350908041000366,0,1
2224,3,Diego_Colorado/Diego_Colorado_0001.jpg,John_Gordnick/John_Gordnick_0001.jpg,0,scored,0.23246429860591888,0.40350908041000366,0,1
2225,3,Diego_Diego_Lerman/Diego_Diego_Lerman_0001.jpg,Francisco_Flores/Francisco_Flores_0002.jpg,0,scored,-0.16725698113441467,0.40350908041000366,0,1
2226,3,Diego_Diego_Lerman/Diego_Diego_Lerman_0001.jpg,Lesley_Coppin/Lesley_Coppin_0001.jpg,0,scored,-0.033159490674734116,0.40350908041000366,0,1
2227,3,Djabir_Said-Guerni/Djabir_Said-Guerni_0001.jpg,Paul_Tracy/Paul_Tracy_0001.jpg,0,scored,-0.05072522163391113,0.40350908041000366,0,1
2228,3,Djabir_Said-Guerni/Djabir_Said-Guerni_0001.jpg,Pedro_Solbes/Pedro_Solbes_0003.jpg,0,scored,0.0572698637843132,0.40350908041000366,0,1
2229,3,Dominik_Hrbaty/Dominik_Hrbaty_0001.jpg,Toshi_Izawa/Toshi_Izawa_0001.jpg,0,scored,0.16719599068164825,0.40350908041000366,0,1
2230,3,Donald_Keck/Donald_Keck_0001.jpg,Kyoko_Nakayama/Kyoko_Nakayama_0001.jpg,0,scored,-0.267486035823822,0.40350908041000366,0,1
2231,3,Donald_Keck/Donald_Keck_0001.jpg,Tom_Poston/Tom_Poston_0001.jpg,0,scored,0.022128509357571602,0.40350908041000366,0,1
2232,3,Donna_Walker/Donna_Walker_0001.jpg,Jacqueline_Marris/Jacqueline_Marris_0001.jpg,0,scored,-0.029198121279478073,0.40350908041000366,0,1
2233,3,Dragan_Covic/Dragan_Covic_0001.jpg,Todd_Reid/Todd_Reid_0001.jpg,0,scored,-0.010751955211162567,0.40350908041000366,0,1
2234,3,Dudley_Rogers/Dudley_Rogers_0001.jpg,Syed_Ibrahim/Syed_Ibrahim_0001.jpg,0,scored,0.09104524552822113,0.40350908041000366,0,1
2235,3,Dunn_Lampton/Dunn_Lampton_0001.jpg,Jessica_Simpson/Jessica_Simpson_0001.jpg,0,scored,-0.07705923914909363,0.40350908041000366,0,1
2236,3,Dustin_Hoffman/Dustin_Hoffman_0001.jpg,Nicole_Parker/Nicole_Parker_0001.jpg,0,scored,-0.05910187214612961,0.40350908041000366,0,1
2237,3,Ed_Wade/Ed_Wade_0001.jpg,Roger_Staubach/Roger_Staubach_0001.jpg,0,scored,0.004735017195343971,0.40350908041000366,0,1
2238,3,Ed_Wade/Ed_Wade_0001.jpg,Terri_Clark/Terri_Clark_0001.jpg,0,scored,0.22027435898780823,0.40350908041000366,0,1
2239,3,Eddie_Lucio/Eddie_Lucio_0001.jpg,Patti_Balgojevich/Patti_Balgojevich_0001.jpg,0,scored,0.4550853967666626,0.40350908041000366,1,0
2240,3,Eddie_Sutton/Eddie_Sutton_0001.jpg,James_Wattana/James_Wattana_0001.jpg,0,scored,-0.021807022392749786,0.40350908041000366,0,1
2241,3,Eddie_Sutton/Eddie_Sutton_0001.jpg,Jeanne_Anne_Schroeder/Jeanne_Anne_Schroeder_0001.jpg,0,scored,0.25659385323524475,0.40350908041000366,0,1
2242,3,Eddie_Sutton/Eddie_Sutton_0002.jpg,Ronald_Ito/Ronald_Ito_0001.jpg,0,scored,0.1679869443178177,0.40350908041000366,0,1
2243,3,Eduardo_Fischer/Eduardo_Fischer_0001.jpg,Kimberly_Bruckner/Kimberly_Bruckner_0001.jpg,0,scored,-0.12473107874393463,0.40350908041000366,0,1
2244,3,Edward_Lohn/Edward_Lohn_0001.jpg,Lily_Safra/Lily_Safra_0001.jpg,0,scored,-0.10736895352602005,0.40350908041000366,0,1
2245,3,Edward_Lohn/Edward_Lohn_0001.jpg,Nino_DAngelo/Nino_DAngelo_0001.jpg,0,scored,0.125870481133461,0.40350908041000366,0,1
2246,3,Ekaterina_Dmitriev/Ekaterina_Dmitriev_0001.jpg,Mitch_Kupchak/Mitch_Kupchak_0001.jpg,0,scored,-0.081545889377594,0.40350908041000366,0,1
2247,3,Eladio_Larez/Eladio_Larez_0001.jpg,Frank_Pallone/Frank_Pallone_0001.jpg,0,scored,-0.02343285270035267,0.40350908041000366,0,1
2248,3,Eli_Broad/Eli_Broad_0001.jpg,Ravan_AG_Farhadi/Ravan_AG_Farhadi_0001.jpg,0,scored,0.18415451049804688,0.40350908041000366,0,1
2249,3,Elijah_Wood/Elijah_Wood_0002.jpg,Stefano_Gabbana/Stefano_Gabbana_0001.jpg,0,scored,0.3626231551170349,0.40350908041000366,0,1
2250,3,Elijah_Wood/Elijah_Wood_0003.jpg,Marcus_Garrettson/Marcus_Garrettson_0001.jpg,0,scored,-0.12121785432100296,0.40350908041000366,0,1
2251,3,Elijan_Ingram/Elijan_Ingram_0001.jpg,Michelle_Hofland/Michelle_Hofland_0001.jpg,0,scored,-0.10850334912538528,0.40350908041000366,0,1
2252,3,Elijan_Ingram/Elijan_Ingram_0001.jpg,Nastia_Liukin/Nastia_Liukin_0001.jpg,0,scored,0.03628160059452057,0.40350908041000366,0,1
2253,3,Elvis_Costello/Elvis_Costello_0001.jpg,Jaime_Pressly/Jaime_Pressly_0001.jpg,0,scored,-0.11646807193756104,0.40350908041000366,0,1
2254,3,Emelie_Loit/Emelie_Loit_0001.jpg,Thomas_Mesereau_Jr/Thomas_Mesereau_Jr_0001.jpg,0,scored,0.12539896368980408,0.40350908041000366,0,1
2255,3,Eric_Staal/Eric_Staal_0001.jpg,Jerry_Lewis/Jerry_Lewis_0001.jpg,0,scored,-0.0738646388053894,0.40350908041000366,0,1
2256,3,Erin_Hershey_Presley/Erin_Hershey_Presley_0001.jpg,Frank_Dunham_Jr/Frank_Dunham_Jr_0001.jpg,0,scored,-0.0655190572142601,0.40350908041000366,0,1
2257,3,Erin_Hershey_Presley/Erin_Hershey_Presley_0001.jpg,Yukio_Hatoyama/Yukio_Hatoyama_0001.jpg,0,scored,-0.03975148871541023,0.40350908041000366,0,1
2258,3,Eva_Mendes/Eva_Mendes_0001.jpg,Larry_Harris/Larry_Harris_0001.jpg,0,scored,0.1733306348323822,0.40350908041000366,0,1
2259,3,Faye_Alibocus/Faye_Alibocus_0001.jpg,Frank_Bell/Frank_Bell_0001.jpg,0,scored,-0.24702845513820648,0.40350908041000366,0,1
2260,3,Faye_Alibocus/Faye_Alibocus_0001.jpg,Tommy_Tubberville/Tommy_Tubberville_0001.jpg,0,scored,-0.15037113428115845,0.40350908041000366,0,1
2261,3,Felix_Mantilla/Felix_Mantilla_0001.jpg,Jerry_Lewis/Jerry_Lewis_0001.jpg,0,scored,0.048582881689071655,0.40350908041000366,0,1
2262,3,Fernando_Leon_de_Aranoa/Fernando_Leon_de_Aranoa_0001.jpg,John_Scarlett/John_Scarlett_0001.jpg,0,scored,0.022872764617204666,0.40350908041000366,0,1
2263,3,Fernando_Leon_de_Aranoa/Fernando_Leon_de_Aranoa_0001.jpg,Mike_Leach/Mike_Leach_0001.jpg,0,scored,0.0024820915423333645,0.40350908041000366,0,1
2264,3,Fidel_Castro/Fidel_Castro_0007.jpg,Hu_Maoyuan/Hu_Maoyuan_0001.jpg,0,scored,0.12553691864013672,0.40350908041000366,0,1
2265,3,Francisco_Flores/Francisco_Flores_0004.jpg,Hisham_Halawi/Hisham_Halawi_0001.jpg,0,scored,-0.16741657257080078,0.40350908041000366,0,1
2266,3,Frank_Bell/Frank_Bell_0001.jpg,Khatol_Mohammad_Zai/Khatol_Mohammad_Zai_0001.jpg,0,scored,0.08702053874731064,0.40350908041000366,0,1
2267,3,Frank_Dunham_Jr/Frank_Dunham_Jr_0001.jpg,Tom_McClintock/Tom_McClintock_0001.jpg,0,scored,-0.04555913060903549,0.40350908041000366,0,1
2268,3,Frank_Hsieh/Frank_Hsieh_0001.jpg,Paula_Prentiss/Paula_Prentiss_0001.jpg,0,scored,-0.10427853465080261,0.40350908041000366,0,1
2269,3,Frank_Pallone/Frank_Pallone_0001.jpg,Jim_Wall/Jim_Wall_0001.jpg,0,scored,-0.07969684898853302,0.40350908041000366,0,1
2270,3,Frank_Pallone/Frank_Pallone_0001.jpg,Mary_Tyler_Moore/Mary_Tyler_Moore_0002.jpg,0,scored,-0.10725443065166473,0.40350908041000366,0,1
2271,3,Frank_Schmoekel/Frank_Schmoekel_0001.jpg,Ronald_Ito/Ronald_Ito_0001.jpg,0,scored,0.13912682235240936,0.40350908041000366,0,1
2272,3,Franko_Simatovic/Franko_Simatovic_0002.jpg,Tyler_Grillo/Tyler_Grillo_0001.jpg,0,scored,0.09589415788650513,0.40350908041000366,0,1
2273,3,Franz_Gsell/Franz_Gsell_0001.jpg,John_Scarlett/John_Scarlett_0001.jpg,0,scored,0.08805964142084122,0.40350908041000366,0,1
2274,3,Franz_Gsell/Franz_Gsell_0001.jpg,Sarah_Jessica_Parker/Sarah_Jessica_Parker_0002.jpg,0,scored,-0.1527463048696518,0.40350908041000366,0,1
2275,3,Fred_Eckhard/Fred_Eckhard_0001.jpg,Rachel_Wheatley/Rachel_Wheatley_0001.jpg,0,scored,-0.12074542045593262,0.40350908041000366,0,1
2276,3,Garry_Alejano/Garry_Alejano_0001.jpg,Iban_Mayo/Iban_Mayo_0001.jpg,0,scored,0.06448104977607727,0.40350908041000366,0,1
2277,3,Garry_Alejano/Garry_Alejano_0001.jpg,Michael_Olowokandi/Michael_Olowokandi_0001.jpg,0,scored,-0.1322098672389984,0.40350908041000366,0,1
2278,3,Garry_Alejano/Garry_Alejano_0001.jpg,Morgan_Freeman/Morgan_Freeman_0002.jpg,0,scored,0.3058054447174072,0.40350908041000366,0,1
2279,3,Garry_Alejano/Garry_Alejano_0001.jpg,Peter_Struck/Peter_Struck_0005.jpg,0,scored,-0.08968979120254517,0.40350908041000366,0,1
2280,3,Gary_Marshall/Gary_Marshall_0001.jpg,Rashid_Qureshi/Rashid_Qureshi_0001.jpg,0,scored,-0.09565042704343796,0.40350908041000366,0,1
2281,3,Gerald_Fitch/Gerald_Fitch_0001.jpg,Robin_Williams/Robin_Williams_0001.jpg,0,scored,-0.09556958824396133,0.40350908041000366,0,1
2282,3,Gerald_Riley/Gerald_Riley_0001.jpg,Michael_Hagee/Michael_Hagee_0001.jpg,0,scored,0.12486615777015686,0.40350908041000366,0,1
2283,3,German_Khan/German_Khan_0001.jpg,Morgan_Freeman/Morgan_Freeman_0002.jpg,0,scored,0.11570312827825546,0.40350908041000366,0,1
2284,3,Grady_Little/Grady_Little_0001.jpg,Robert_Morvillo/Robert_Morvillo_0001.jpg,0,scored,0.17556053400039673,0.40350908041000366,0,1
2285,3,Hal_Sellers/Hal_Sellers_0001.jpg,Janet_Thorpe/Janet_Thorpe_0001.jpg,0,scored,0.20351704955101013,0.40350908041000366,0,1
2286,3,Hans_Corell/Hans_Corell_0001.jpg,John_Gordnick/John_Gordnick_0001.jpg,0,scored,0.0025894995778799057,0.40350908041000366,0,1
2287,3,Heidi_Klum/Heidi_Klum_0002.jpg,Paul_Reiser/Paul_Reiser_0001.jpg,0,scored,0.10228171944618225,0.40350908041000366,0,1
2288,3,Heidi_Klum/Heidi_Klum_0003.jpg,Pedro_Solbes/Pedro_Solbes_0001.jpg,0,scored,0.036636970937252045,0.40350908041000366,0,1
2289,3,Hermando_Harton/Hermando_Harton_0001.jpg,Paris_Hilton/Paris_Hilton_0002.jpg,0,scored,-0.2871251702308655,0.40350908041000366,0,1
2290,3,Holly_Robinson_Peete/Holly_Robinson_Peete_0001.jpg,Michael_Hagee/Michael_Hagee_0001.jpg,0,scored,0.07206711918115616,0.40350908041000366,0,1
2291,3,Howard_Ross/Howard_Ross_0001.jpg,Kajsa_Bergqvist/Kajsa_Bergqvist_0001.jpg,0,scored,0.12100756168365479,0.40350908041000366,0,1
2292,3,Howard_Ross/Howard_Ross_0001.jpg,Patsy_Hardy/Patsy_Hardy_0001.jpg,0,scored,0.02291097678244114,0.40350908041000366,0,1
2293,3,Hugh_Carey/Hugh_Carey_0001.jpg,Lawrence_Roberts/Lawrence_Roberts_0001.jpg,0,scored,0.047250814735889435,0.40350908041000366,0,1
2294,3,Hugh_Carey/Hugh_Carey_0001.jpg,Tracee_Treadwell/Tracee_Treadwell_0001.jpg,0,scored,-0.12205206602811813,0.40350908041000366,0,1
2295,3,Iban_Mayo/Iban_Mayo_0002.jpg,Juan_Valencia_Osorio/Juan_Valencia_Osorio_0001.jpg,0,scored,-0.11162026226520538,0.40350908041000366,0,1
2296,3,Iban_Mayo/Iban_Mayo_0002.jpg,Rosalie_Perkov/Rosalie_Perkov_0001.jpg,0,scored,0.19343489408493042,0.40350908041000366,0,1
2297,3,Ibrahim_Al-Marashi/Ibrahim_Al-Marashi_0001.jpg,John_Travolta/John_Travolta_0003.jpg,0,scored,0.10705320537090302,0.40350908041000366,0,1
2298,3,Ibrahim_Al-Marashi/Ibrahim_Al-Marashi_0001.jpg,Joshua_Gracin/Joshua_Gracin_0001.jpg,0,scored,0.2689719796180725,0.40350908041000366,0,1
2299,3,Imad_Moustapha/Imad_Moustapha_0002.jpg,Kyoko_Nakayama/Kyoko_Nakayama_0001.jpg,0,scored,-0.0605945959687233,0.40350908041000366,0,1
2300,3,Ira_Einhorn/Ira_Einhorn_0001.jpg,John_Ruiz/John_Ruiz_0002.jpg,0,scored,0.10086257755756378,0.40350908041000366,0,1
2301,3,Jacqueline_Marris/Jacqueline_Marris_0001.jpg,Matthew_Ouimet/Matthew_Ouimet_0001.jpg,0,scored,-0.06419667601585388,0.40350908041000366,0,1
2302,3,Jaime_Pressly/Jaime_Pressly_0001.jpg,Tiago_Splitter/Tiago_Splitter_0001.jpg,0,scored,-0.021247847005724907,0.40350908041000366,0,1
2303,3,James_Brown/James_Brown_0001.jpg,Mary_Blige/Mary_Blige_0001.jpg,0,scored,-0.036145783960819244,0.40350908041000366,0,1
2304,3,James_Brown/James_Brown_0001.jpg,Paul_Reiser/Paul_Reiser_0001.jpg,0,scored,0.0023472830653190613,0.40350908041000366,0,1
2305,3,James_Mathis/James_Mathis_0001.jpg,Yuri_Fedotov/Yuri_Fedotov_0001.jpg,0,scored,0.09271320700645447,0.40350908041000366,0,1
2306,3,James_Wattana/James_Wattana_0001.jpg,Paul_Reiser/Paul_Reiser_0001.jpg,0,scored,0.025315208360552788,0.40350908041000366,0,1
2307,3,James_Wattana/James_Wattana_0001.jpg,Ron_Kirk/Ron_Kirk_0001.jpg,0,scored,0.14346373081207275,0.40350908041000366,0,1
2308,3,James_Young/James_Young_0001.jpg,Jeffrey_Scott_Postell/Jeffrey_Scott_Postell_0002.jpg,0,scored,0.08043894171714783,0.40350908041000366,0,1
2309,3,James_Young/James_Young_0001.jpg,Ronald_Harwood/Ronald_Harwood_0001.jpg,0,scored,0.001163458451628685,0.40350908041000366,0,1
2310,3,Jane_Leeves/Jane_Leeves_0001.jpg,Tom_McClintock/Tom_McClintock_0001.jpg,0,scored,-0.26947957277297974,0.40350908041000366,0,1
2311,3,Janet_Crawford/Janet_Crawford_0001.jpg,Thomas_Scavone/Thomas_Scavone_0001.jpg,0,scored,-0.22580203413963318,0.40350908041000366,0,1
2312,3,Jason_Sorens/Jason_Sorens_0001.jpg,Lidija_Djukanovic/Lidija_Djukanovic_0001.jpg,0,scored,0.08705100417137146,0.40350908041000366,0,1
2313,3,Jason_Vale/Jason_Vale_0001.jpg,Marcus_Garrettson/Marcus_Garrettson_0001.jpg,0,scored,0.03217132389545441,0.40350908041000366,0,1
2314,3,Jason_Vale/Jason_Vale_0001.jpg,Zoran_Djindjic/Zoran_Djindjic_0003.jpg,0,scored,-0.1392042338848114,0.40350908041000366,0,1
2315,3,Jaymon_Crabb/Jaymon_Crabb_0001.jpg,Ted_Christopher/Ted_Christopher_0001.jpg,0,scored,0.15861721336841583,0.40350908041000366,0,1
2316,3,Jeff_Weaver/Jeff_Weaver_0001.jpg,Kyoko_Nakayama/Kyoko_Nakayama_0001.jpg,0,scored,0.142049178481102,0.40350908041000366,0,1
2317,3,Jeff_Weaver/Jeff_Weaver_0001.jpg,Rosalie_Perkov/Rosalie_Perkov_0001.jpg,0,scored,0.3035198748111725,0.40350908041000366,0,1
2318,3,Jeffrey_Scott_Postell/Jeffrey_Scott_Postell_0001.jpg,Tara_Dawn_Christensen/Tara_Dawn_Christensen_0001.jpg,0,scored,-0.23266363143920898,0.40350908041000366,0,1
2319,3,Jeffrey_Scott_Postell/Jeffrey_Scott_Postell_0002.jpg,Lesley_Coppin/Lesley_Coppin_0001.jpg,0,scored,0.018532350659370422,0.40350908041000366,0,1
2320,3,Jennifer_Capriati/Jennifer_Capriati_0026.jpg,Ruben_Wolkowyski/Ruben_Wolkowyski_0001.jpg,0,scored,0.10202935338020325,0.40350908041000366,0,1
2321,3,Jim_Bunning/Jim_Bunning_0001.jpg,Terence_Newman/Terence_Newman_0001.jpg,0,scored,-0.09515969455242157,0.40350908041000366,0,1
2322,3,Jim_Jeffords/Jim_Jeffords_0001.jpg,Peter_Rasch/Peter_Rasch_0001.jpg,0,scored,0.03606762737035751,0.40350908041000366,0,1
2323,3,Jim_Jeffords/Jim_Jeffords_0001.jpg,Tom_Sizemore/Tom_Sizemore_0001.jpg,0,scored,-0.0032391520217061043,0.40350908041000366,0,1
2324,3,Job_Cohen/Job_Cohen_0001.jpg,John_Stockton/John_Stockton_0002.jpg,0,scored,0.15140573680400848,0.40350908041000366,0,1
2325,3,John_Franco/John_Franco_0001.jpg,Paul_Wolfowitz/Paul_Wolfowitz_0004.jpg,0,scored,0.1535203754901886,0.40350908041000366,0,1
2326,3,John_Gordnick/John_Gordnick_0001.jpg,Linda_Dano/Linda_Dano_0001.jpg,0,scored,0.10522796213626862,0.40350908041000366,0,1
2327,3,John_Gordnick/John_Gordnick_0001.jpg,Paul_Vathis/Paul_Vathis_0001.jpg,0,scored,-0.19587542116641998,0.40350908041000366,0,1
2328,3,John_Gordnick/John_Gordnick_0001.jpg,Yasser_Arafat/Yasser_Arafat_0003.jpg,0,scored,-0.176227867603302,0.40350908041000366,0,1
2329,3,John_Stockton/John_Stockton_0004.jpg,Patsy_Hardy/Patsy_Hardy_0001.jpg,0,scored,0.020041771233081818,0.40350908041000366,0,1
2330,3,John_Travolta/John_Travolta_0002.jpg,Lech_Walesa/Lech_Walesa_0001.jpg,0,scored,-0.07103262096643448,0.40350908041000366,0,1
2331,3,Juan_Valencia_Osorio/Juan_Valencia_Osorio_0001.jpg,Tom_Daschle/Tom_Daschle_0006.jpg,0,scored,0.24771590530872345,0.40350908041000366,0,1
2332,3,Juergen_Schrempp/Juergen_Schrempp_0001.jpg,Mitt_Romney/Mitt_Romney_0001.jpg,0,scored,0.4284006655216217,0.40350908041000366,1,0
2333,3,Julien_Boutter/Julien_Boutter_0001.jpg,Saeed_Anwar/Saeed_Anwar_0001.jpg,0,scored,-0.1451689749956131,0.40350908041000366,0,1
2334,3,Kaisser_Bazan/Kaisser_Bazan_0001.jpg,Lawrence_Vito/Lawrence_Vito_0001.jpg,0,scored,-0.09879907965660095,0.40350908041000366,0,1
2335,3,Kaisser_Bazan/Kaisser_Bazan_0001.jpg,Pierre_Lacroix/Pierre_Lacroix_0001.jpg,0,scored,0.27234238386154175,0.40350908041000366,0,1
2336,3,Kajsa_Bergqvist/Kajsa_Bergqvist_0001.jpg,Tayshaun_Prince/Tayshaun_Prince_0001.jpg,0,scored,-0.051868364214897156,0.40350908041000366,0,1
2337,3,Keith_Snyder/Keith_Snyder_0001.jpg,Terri_Clark/Terri_Clark_0001.jpg,0,scored,0.15627571940422058,0.40350908041000366,0,1
2338,3,Kemal_Dervis/Kemal_Dervis_0003.jpg,Roger_Staubach/Roger_Staubach_0001.jpg,0,scored,0.034572165459394455,0.40350908041000366,0,1
2339,3,Kifah_Ajouri/Kifah_Ajouri_0001.jpg,Laurie_Pirtle/Laurie_Pirtle_0001.jpg,0,scored,-0.31648993492126465,0.40350908041000366,0,1
2340,3,Kifah_Ajouri/Kifah_Ajouri_0001.jpg,Raul_Gonzalez/Raul_Gonzalez_0001.jpg,0,scored,0.20055171847343445,0.40350908041000366,0,1
2341,3,Kimberly_Bruckner/Kimberly_Bruckner_0001.jpg,Pete_Carroll/Pete_Carroll_0001.jpg,0,scored,0.19259457290172577,0.40350908041000366,0,1
2342,3,Kirk_Douglas/Kirk_Douglas_0001.jpg,Nida_Blanca/Nida_Blanca_0001.jpg,0,scored,0.0008131712675094604,0.40350908041000366,0,1
2343,3,Larry_Harris/Larry_Harris_0001.jpg,Michael_Lechner/Michael_Lechner_0001.jpg,0,scored,-0.19033777713775635,0.40350908041000366,0,1
2344,3,Larry_Lucchino/Larry_Lucchino_0001.jpg,Rudy_Tomjanovich/Rudy_Tomjanovich_0001.jpg,0,scored,-0.003913477063179016,0.40350908041000366,0,1
2345,3,Latrell_Sprewell/Latrell_Sprewell_0001.jpg,Rosalie_Perkov/Rosalie_Perkov_0001.jpg,0,scored,0.16347846388816833,0.40350908041000366,0,1
2346,3,Laura_Schlessinger/Laura_Schlessinger_0001.jpg,Tony_Curtis/Tony_Curtis_0001.jpg,0,scored,0.30365097522735596,0.40350908041000366,0,1
2347,3,Laurie_Pirtle/Laurie_Pirtle_0001.jpg,Roberta_Combs/Roberta_Combs_0001.jpg,0,scored,0.005077201873064041,0.40350908041000366,0,1
2348,3,Lawrence_Roberts/Lawrence_Roberts_0001.jpg,Lynne_Thigpen/Lynne_Thigpen_0001.jpg,0,scored,-0.06013770028948784,0.40350908041000366,0,1
2349,3,Lawrence_Roberts/Lawrence_Roberts_0001.jpg,Nick_Cassavetes/Nick_Cassavetes_0001.jpg,0,scored,-0.06880232691764832,0.40350908041000366,0,1
2350,3,Lech_Walesa/Lech_Walesa_0002.jpg,Rick_Wagoner/Rick_Wagoner_0002.jpg,0,scored,0.13190247118473053,0.40350908041000366,0,1
2351,3,Len_Jenoff/Len_Jenoff_0002.jpg,Tom_Daschle/Tom_Daschle_0007.jpg,0,scored,0.03156410902738571,0.40350908041000366,0,1
2352,3,Lew_Rywin/Lew_Rywin_0001.jpg,Terri_Clark/Terri_Clark_0001.jpg,0,scored,-0.2246624231338501,0.40350908041000366,0,1
2353,3,Linda_Dano/Linda_Dano_0001.jpg,Terence_Newman/Terence_Newman_0001.jpg,0,scored,0.11189525574445724,0.40350908041000366,0,1
2354,3,Lydia_Shum/Lydia_Shum_0001.jpg,Mario_Vasquez_Rana/Mario_Vasquez_Rana_0001.jpg,0,scored,-0.04736608639359474,0.40350908041000366,0,1
2355,3,Lynne_Thigpen/Lynne_Thigpen_0001.jpg,Mary_Blige/Mary_Blige_0001.jpg,0,scored,0.3269507586956024,0.40350908041000366,0,1
2356,3,Malcolm_Glazer/Malcolm_Glazer_0001.jpg,Noer_Muis/Noer_Muis_0001.jpg,0,scored,0.09857544302940369,0.40350908041000366,0,1
2357,3,Malcolm_Glazer/Malcolm_Glazer_0001.jpg,Tabare_Vazquez/Tabare_Vazquez_0001.jpg,0,scored,0.026318088173866272,0.40350908041000366,0,1
2358,3,Marc_Bulger/Marc_Bulger_0001.jpg,Paul_Wolfowitz/Paul_Wolfowitz_0007.jpg,0,scored,-0.07915618270635605,0.40350908041000366,0,1
2359,3,Marcus_Garrettson/Marcus_Garrettson_0001.jpg,Pham_Sy_Chien/Pham_Sy_Chien_0001.jpg,0,scored,0.24769772589206696,0.40350908041000366,0,1
2360,3,Marcus_Garrettson/Marcus_Garrettson_0001.jpg,Roberto_Carlos/Roberto_Carlos_0003.jpg,0,scored,0.19464248418807983,0.40350908041000366,0,1
2361,3,Maribel_Dominguez/Maribel_Dominguez_0001.jpg,Michael_Winterbottom/Michael_Winterbottom_0003.jpg,0,scored,-0.06943900883197784,0.40350908041000366,0,1
2362,3,Marion_Barry/Marion_Barry_0001.jpg,Steve_Peace/Steve_Peace_0001.jpg,0,scored,0.25079792737960815,0.40350908041000366,0,1
2363,3,Mark_Hogan/Mark_Hogan_0001.jpg,Queen_Elizabeth_II/Queen_Elizabeth_II_0011.jpg,0,scored,0.020429249852895737,0.40350908041000366,0,1
2364,3,Mark_Hogan/Mark_Hogan_0001.jpg,Roger_Toussaint/Roger_Toussaint_0001.jpg,0,scored,-0.20313194394111633,0.40350908041000366,0,1
2365,3,Mary_Blige/Mary_Blige_0001.jpg,Raul_Gonzalez/Raul_Gonzalez_0001.jpg,0,scored,0.1484994888305664,0.40350908041000366,0,1
2366,3,Massoud_Barzani/Massoud_Barzani_0001.jpg,Pierre_Lacroix/Pierre_Lacroix_0001.jpg,0,scored,-0.06230979412794113,0.40350908041000366,0,1
2367,3,Max_Mosley/Max_Mosley_0001.jpg,Raul_Gonzalez/Raul_Gonzalez_0001.jpg,0,scored,0.085179403424263,0.40350908041000366,0,1
2368,3,Melvin_Talbert/Melvin_Talbert_0001.jpg,Rudy_Tomjanovich/Rudy_Tomjanovich_0001.jpg,0,scored,0.11950024962425232,0.40350908041000366,0,1
2369,3,Michael_Hagee/Michael_Hagee_0001.jpg,Sonya_Walger/Sonya_Walger_0001.jpg,0,scored,-0.0965702012181282,0.40350908041000366,0,1
2370,3,Michael_Killeen/Michael_Killeen_0001.jpg,Sammy_Sosa/Sammy_Sosa_0002.jpg,0,scored,0.025754442438483238,0.40350908041000366,0,1
2371,3,Michael_Olowokandi/Michael_Olowokandi_0001.jpg,Pete_Carroll/Pete_Carroll_0002.jpg,0,scored,0.009448237717151642,0.40350908041000366,0,1
2372,3,Michael_Winterbottom/Michael_Winterbottom_0001.jpg,Pierre_Boulanger/Pierre_Boulanger_0001.jpg,0,scored,0.3090278208255768,0.40350908041000366,0,1
2373,3,Mike_Price/Mike_Price_0002.jpg,Tom_Miller/Tom_Miller_0001.jpg,0,scored,0.26996979117393494,0.40350908041000366,0,1
2374,3,Milo_Maestrecampo/Milo_Maestrecampo_0001.jpg,Yuri_Fedotov/Yuri_Fedotov_0001.jpg,0,scored,0.14650867879390717,0.40350908041000366,0,1
2375,3,Milo_Maestrecampo/Milo_Maestrecampo_0002.jpg,Steve_Peace/Steve_Peace_0001.jpg,0,scored,0.019801316782832146,0.40350908041000366,0,1
2376,3,Milo_Maestrecampo/Milo_Maestrecampo_0003.jpg,Stacey_Dales-Schuman/Stacey_Dales-Schuman_0001.jpg,0,scored,0.22222775220870972,0.40350908041000366,0,1
2377,3,Mitt_Romney/Mitt_Romney_0001.jpg,Nida_Blanca/Nida_Blanca_0001.jpg,0,scored,-0.10036269575357437,0.40350908041000366,0,1
2378,3,Mohamed_ElBaradei/Mohamed_ElBaradei_0008.jpg,Rachel_Wheatley/Rachel_Wheatley_0001.jpg,0,scored,0.03489058092236519,0.40350908041000366,0,1
2379,3,Mohammad_Aktar/Mohammad_Aktar_0001.jpg,Rafeeuddin_Ahmed/Rafeeuddin_Ahmed_0001.jpg,0,scored,0.027515670284628868,0.40350908041000366,0,1
2380,3,Mohammad_Aktar/Mohammad_Aktar_0001.jpg,Tom_McClintock/Tom_McClintock_0001.jpg,0,scored,0.013520521111786366,0.40350908041000366,0,1
2381,3,Mohammed_Abulhasan/Mohammed_Abulhasan_0001.jpg,Stephane_Rousseau/Stephane_Rousseau_0001.jpg,0,scored,-0.16303233802318573,0.40350908041000366,0,1
2382,3,Mohammed_Abulhasan/Mohammed_Abulhasan_0001.jpg,Vladimiro_Montesinos/Vladimiro_Montesinos_0001.jpg,0,scored,0.053199734538793564,0.40350908041000366,0,1
2383,3,Nastia_Liukin/Nastia_Liukin_0001.jpg,Nicole_Parker/Nicole_Parker_0001.jpg,0,scored,-0.07124628126621246,0.40350908041000366,0,1
2384,3,Nastia_Liukin/Nastia_Liukin_0001.jpg,Sharon_Davis/Sharon_Davis_0002.jpg,0,scored,-0.09616012126207352,0.40350908041000366,0,1
2385,3,Nicolas_Latorre/Nicolas_Latorre_0001.jpg,Paula_Prentiss/Paula_Prentiss_0001.jpg,0,scored,0.036752793937921524,0.40350908041000366,0,1
2386,3,Nicolas_Latorre/Nicolas_Latorre_0001.jpg,Vassilis_Xiros/Vassilis_Xiros_0001.jpg,0,scored,-0.21175777912139893,0.40350908041000366,0,1
2387,3,Nicolas_Latorre/Nicolas_Latorre_0001.jpg,William_Delahunt/William_Delahunt_0001.jpg,0,scored,0.11189526319503784,0.40350908041000366,0,1
2388,3,Pete_Sampras/Pete_Sampras_0010.jpg,Stan_Heath/Stan_Heath_0001.jpg,0,scored,0.1961878538131714,0.40350908041000366,0,1
2389,3,Phil_Vassar/Phil_Vassar_0002.jpg,Tabare_Vazquez/Tabare_Vazquez_0001.jpg,0,scored,0.061750657856464386,0.40350908041000366,0,1
2390,3,Philip_Zalewski/Philip_Zalewski_0001.jpg,Stefan_Holm/Stefan_Holm_0001.jpg,0,scored,-0.04415920004248619,0.40350908041000366,0,1
2391,3,Roberto_Carlos/Roberto_Carlos_0001.jpg,Yasser_Arafat/Yasser_Arafat_0005.jpg,0,scored,0.025476723909378052,0.40350908041000366,0,1
2392,3,Roger_Cook/Roger_Cook_0001.jpg,Wilbert_Foy/Wilbert_Foy_0001.jpg,0,scored,-0.020944032818078995,0.40350908041000366,0,1
2393,3,Roger_Staubach/Roger_Staubach_0001.jpg,Severino_Antinori/Severino_Antinori_0001.jpg,0,scored,-0.08673228323459625,0.40350908041000366,0,1
2394,3,Ron_Kirk/Ron_Kirk_0001.jpg,Troy_Hudson/Troy_Hudson_0001.jpg,0,scored,0.05161476880311966,0.40350908041000366,0,1
2395,3,Sammy_Sosa/Sammy_Sosa_0002.jpg,Stan_Heath/Stan_Heath_0002.jpg,0,scored,0.38186973333358765,0.40350908041000366,0,1
2396,3,Sandra_Ceccarelli/Sandra_Ceccarelli_0001.jpg,Stephen_Cooper/Stephen_Cooper_0001.jpg,0,scored,0.19484931230545044,0.40350908041000366,0,1
2397,3,Sandra_Ceccarelli/Sandra_Ceccarelli_0001.jpg,Tom_Coughlin/Tom_Coughlin_0001.jpg,0,scored,-0.03855818510055542,0.40350908041000366,0,1
2398,3,Shireen_Amir_Begum/Shireen_Amir_Begum_0001.jpg,Sushma_Swaraj/Sushma_Swaraj_0001.jpg,0,scored,0.38654398918151855,0.40350908041000366,0,1
2399,3,Sinead_OConnor/Sinead_OConnor_0001.jpg,Stephane_Rochon/Stephane_Rochon_0001.jpg,0,scored,0.059825822710990906,0.40350908041000366,0,1
2400,4,Aitor_Gonzalez/Aitor_Gonzalez_0001.jpg,Aitor_Gonzalez/Aitor_Gonzalez_0002.jpg,1,scored,0.7374331951141357,0.40350908041000366,1,1
2401,4,Alec_Baldwin/Alec_Baldwin_0002.jpg,Alec_Baldwin/Alec_Baldwin_0004.jpg,1,scored,0.7121319770812988,0.40350908041000366,1,1
2402,4,Allison_Janney/Allison_Janney_0001.jpg,Allison_Janney/Allison_Janney_0002.jpg,1,scored,0.729765772819519,0.40350908041000366,1,1
2403,4,Alvaro_Noboa/Alvaro_Noboa_0001.jpg,Alvaro_Noboa/Alvaro_Noboa_0003.jpg,1,scored,0.7711714506149292,0.40350908041000366,1,1
2404,4,Alvaro_Noboa/Alvaro_Noboa_0002.jpg,Alvaro_Noboa/Alvaro_Noboa_0003.jpg,1,scored,0.654811441898346,0.40350908041000366,1,1
2405,4,Amanda_Coetzer/Amanda_Coetzer_0001.jpg,Amanda_Coetzer/Amanda_Coetzer_0002.jpg,1,scored,0.7693533301353455,0.40350908041000366,1,1
2406,4,Amer_al-Saadi/Amer_al-Saadi_0001.jpg,Amer_al-Saadi/Amer_al-Saadi_0003.jpg,1,scored,0.7707104682922363,0.40350908041000366,1,1
2407,4,Amer_al-Saadi/Amer_al-Saadi_0001.jpg,Amer_al-Saadi/Amer_al-Saadi_0004.jpg,1,scored,0.858436107635498,0.40350908041000366,1,1
2408,4,Amer_al-Saadi/Amer_al-Saadi_0002.jpg,Amer_al-Saadi/Amer_al-Saadi_0004.jpg,1,scored,0.7582380771636963,0.40350908041000366,1,1
2409,4,Ana_Guevara/Ana_Guevara_0002.jpg,Ana_Guevara/Ana_Guevara_0007.jpg,1,scored,0.7839216589927673,0.40350908041000366,1,1
2410,4,Ana_Guevara/Ana_Guevara_0003.jpg,Ana_Guevara/Ana_Guevara_0007.jpg,1,scored,0.7706807851791382,0.40350908041000366,1,1
2411,4,Anneli_Jaatteenmaki/Anneli_Jaatteenmaki_0001.jpg,Anneli_Jaatteenmaki/Anneli_Jaatteenmaki_0002.jpg,1,scored,0.7089368104934692,0.40350908041000366,1,1
2412,4,Ari_Fleischer/Ari_Fleischer_0006.jpg,Ari_Fleischer/Ari_Fleischer_0009.jpg,1,scored,0.8003820776939392,0.40350908041000366,1,1
2413,4,Ari_Fleischer/Ari_Fleischer_0007.jpg,Ari_Fleischer/Ari_Fleischer_0012.jpg,1,scored,0.8069101572036743,0.40350908041000366,1,1
2414,4,Arianna_Huffington/Arianna_Huffington_0001.jpg,Arianna_Huffington/Arianna_Huffington_0002.jpg,1,scored,0.6200908422470093,0.40350908041000366,1,1
2415,4,Arianna_Huffington/Arianna_Huffington_0001.jpg,Arianna_Huffington/Arianna_Huffington_0004.jpg,1,scored,0.7152544260025024,0.40350908041000366,1,1
2416,4,Arianna_Huffington/Arianna_Huffington_0002.jpg,Arianna_Huffington/Arianna_Huffington_0003.jpg,1,scored,0.8713200092315674,0.40350908041000366,1,1
2417,4,Arianna_Huffington/Arianna_Huffington_0002.jpg,Arianna_Huffington/Arianna_Huffington_0004.jpg,1,scored,0.6562724709510803,0.40350908041000366,1,1
2418,4,Arnaud_Clement/Arnaud_Clement_0001.jpg,Arnaud_Clement/Arnaud_Clement_0002.jpg,1,scored,0.5604814291000366,0.40350908041000366,1,1
2419,4,Arsinee_Khanjian/Arsinee_Khanjian_0001.jpg,Arsinee_Khanjian/Arsinee_Khanjian_0002.jpg,1,scored,0.5845578908920288,0.40350908041000366,1,1
2420,4,Art_Howe/Art_Howe_0001.jpg,Art_Howe/Art_Howe_0002.jpg,1,scored,0.7033308744430542,0.40350908041000366,1,1
2421,4,Art_Howe/Art_Howe_0001.jpg,Art_Howe/Art_Howe_0003.jpg,1,scored,0.7976526618003845,0.40350908041000366,1,1
2422,4,Art_Howe/Art_Howe_0001.jpg,Art_Howe/Art_Howe_0004.jpg,1,scored,0.6751425266265869,0.40350908041000366,1,1
2423,4,Art_Howe/Art_Howe_0002.jpg,Art_Howe/Art_Howe_0003.jpg,1,scored,0.6469147801399231,0.40350908041000366,1,1
2424,4,Art_Howe/Art_Howe_0003.jpg,Art_Howe/Art_Howe_0004.jpg,1,scored,0.7021903991699219,0.40350908041000366,1,1
2425,4,Ben_Affleck/Ben_Affleck_0002.jpg,Ben_Affleck/Ben_Affleck_0003.jpg,1,scored,0.7026124000549316,0.40350908041000366,1,1
2426,4,Ben_Affleck/Ben_Affleck_0002.jpg,Ben_Affleck/Ben_Affleck_0004.jpg,1,scored,0.6498388051986694,0.40350908041000366,1,1
2427,4,Ben_Affleck/Ben_Affleck_0002.jpg,Ben_Affleck/Ben_Affleck_0007.jpg,1,scored,0.7018495202064514,0.40350908041000366,1,1
2428,4,Ben_Affleck/Ben_Affleck_0003.jpg,Ben_Affleck/Ben_Affleck_0006.jpg,1,scored,0.6648330092430115,0.40350908041000366,1,1
2429,4,Ben_Affleck/Ben_Affleck_0005.jpg,Ben_Affleck/Ben_Affleck_0006.jpg,1,scored,0.7601943016052246,0.40350908041000366,1,1
2430,4,Betsy_Smith/Betsy_Smith_0001.jpg,Betsy_Smith/Betsy_Smith_0002.jpg,1,scored,0.7152479290962219,0.40350908041000366,1,1
2431,4,Bill_Callahan/Bill_Callahan_0001.jpg,Bill_Callahan/Bill_Callahan_0003.jpg,1,scored,0.8051542043685913,0.40350908041000366,1,1
2432,4,Blythe_Hartley/Blythe_Hartley_0001.jpg,Blythe_Hartley/Blythe_Hartley_0002.jpg,1,scored,0.8485560417175293,0.40350908041000366,1,1
2433,4,Bob_Huggins/Bob_Huggins_0001.jpg,Bob_Huggins/Bob_Huggins_0003.jpg,1,scored,0.7140201330184937,0.40350908041000366,1,1
2434,4,Bob_Huggins/Bob_Huggins_0003.jpg,Bob_Huggins/Bob_Huggins_0004.jpg,1,scored,0.7719359397888184,0.40350908041000366,1,1
2435,4,Bobby_Goldwater/Bobby_Goldwater_0001.jpg,Bobby_Goldwater/Bobby_Goldwater_0002.jpg,1,scored,0.8909745216369629,0.40350908041000366,1,1
2436,4,Bono/Bono_0001.jpg,Bono/Bono_0002.jpg,1,scored,0.555628776550293,0.40350908041000366,1,1
2437,4,Bono/Bono_0001.jpg,Bono/Bono_0003.jpg,1,scored,0.3488379120826721,0.40350908041000366,0,0
2438,4,Bono/Bono_0002.jpg,Bono/Bono_0003.jpg,1,scored,0.3756776452064514,0.40350908041000366,0,0
2439,4,Brad_Garrett/Brad_Garrett_0001.jpg,Brad_Garrett/Brad_Garrett_0003.jpg,1,scored,0.6255127787590027,0.40350908041000366,1,1
2440,4,Brad_Garrett/Brad_Garrett_0002.jpg,Brad_Garrett/Brad_Garrett_0003.jpg,1,scored,0.7358599305152893,0.40350908041000366,1,1
2441,4,Brad_Garrett/Brad_Garrett_0002.jpg,Brad_Garrett/Brad_Garrett_0004.jpg,1,scored,0.6711750030517578,0.40350908041000366,1,1
2442,4,Brian_Mulroney/Brian_Mulroney_0001.jpg,Brian_Mulroney/Brian_Mulroney_0002.jpg,1,scored,0.7412041425704956,0.40350908041000366,1,1
2443,4,Bud_Selig/Bud_Selig_0001.jpg,Bud_Selig/Bud_Selig_0002.jpg,1,scored,0.7253260016441345,0.40350908041000366,1,1
2444,4,Bud_Selig/Bud_Selig_0002.jpg,Bud_Selig/Bud_Selig_0003.jpg,1,scored,0.6704527735710144,0.40350908041000366,1,1
2445,4,Bud_Selig/Bud_Selig_0002.jpg,Bud_Selig/Bud_Selig_0004.jpg,1,scored,0.654090166091919,0.40350908041000366,1,1
2446,4,Carla_Del_Ponte/Carla_Del_Ponte_0001.jpg,Carla_Del_Ponte/Carla_Del_Ponte_0002.jpg,1,scored,0.8685259222984314,0.40350908041000366,1,1
2447,4,Carla_Del_Ponte/Carla_Del_Ponte_0002.jpg,Carla_Del_Ponte/Carla_Del_Ponte_0004.jpg,1,scored,0.7763163447380066,0.40350908041000366,1,1
2448,4,Carla_Del_Ponte/Carla_Del_Ponte_0002.jpg,Carla_Del_Ponte/Carla_Del_Ponte_0005.jpg,1,scored,0.8502582311630249,0.40350908041000366,1,1
2449,4,Carla_Del_Ponte/Carla_Del_Ponte_0003.jpg,Carla_Del_Ponte/Carla_Del_Ponte_0005.jpg,1,scored,0.8216427564620972,0.40350908041000366,1,1
2450,4,Carlos_Ghosn/Carlos_Ghosn_0001.jpg,Carlos_Ghosn/Carlos_Ghosn_0002.jpg,1,scored,0.9066831469535828,0.40350908041000366,1,1
2451,4,Carlos_Manuel_Pruneda/Carlos_Manuel_Pruneda_0001.jpg,Carlos_Manuel_Pruneda/Carlos_Manuel_Pruneda_0002.jpg,1,scored,0.7857155799865723,0.40350908041000366,1,1
2452,4,Carlos_Manuel_Pruneda/Carlos_Manuel_Pruneda_0001.jpg,Carlos_Manuel_Pruneda/Carlos_Manuel_Pruneda_0003.jpg,1,scored,0.8724702596664429,0.40350908041000366,1,1
2453,4,Carlos_Menem/Carlos_Menem_0002.jpg,Carlos_Menem/Carlos_Menem_0021.jpg,1,scored,0.8031584620475769,0.40350908041000366,1,1
2454,4,Carlos_Menem/Carlos_Menem_0005.jpg,Carlos_Menem/Carlos_Menem_0018.jpg,1,scored,0.7631814479827881,0.40350908041000366,1,1
2455,4,Carlos_Menem/Carlos_Menem_0008.jpg,Carlos_Menem/Carlos_Menem_0015.jpg,1,scored,0.7718604803085327,0.40350908041000366,1,1
2456,4,Carlos_Menem/Carlos_Menem_0011.jpg,Carlos_Menem/Carlos_Menem_0012.jpg,1,scored,0.7216781377792358,0.40350908041000366,1,1
2457,4,Carlos_Menem/Carlos_Menem_0014.jpg,Carlos_Menem/Carlos_Menem_0021.jpg,1,scored,0.8335289359092712,0.40350908041000366,1,1
2458,4,Carlos_Menem/Carlos_Menem_0016.jpg,Carlos_Menem/Carlos_Menem_0018.jpg,1,scored,0.857837438583374,0.40350908041000366,1,1
2459,4,Carmen_Electra/Carmen_Electra_0003.jpg,Carmen_Electra/Carmen_Electra_0004.jpg,1,scored,0.6102190017700195,0.40350908041000366,1,1
2460,4,Carmen_Electra/Carmen_Electra_0004.jpg,Carmen_Electra/Carmen_Electra_0006.jpg,1,scored,0.7599929571151733,0.40350908041000366,1,1
2461,4,Charlotte_Rampling/Charlotte_Rampling_0001.jpg,Charlotte_Rampling/Charlotte_Rampling_0002.jpg,1,scored,0.7391093373298645,0.40350908041000366,1,1
2462,4,Chick_Hearn/Chick_Hearn_0001.jpg,Chick_Hearn/Chick_Hearn_0002.jpg,1,scored,0.884853184223175,0.40350908041000366,1,1
2463,4,Christine_Todd_Whitman/Christine_Todd_Whitman_0002.jpg,Christine_Todd_Whitman/Christine_Todd_Whitman_0003.jpg,1,scored,0.7781373262405396,0.40350908041000366,1,1
2464,4,Christine_Todd_Whitman/Christine_Todd_Whitman_0005.jpg,Christine_Todd_Whitman/Christine_Todd_Whitman_0006.jpg,1,scored,0.6482639312744141,0.40350908041000366,1,1
2465,4,Christopher_Reeve/Christopher_Reeve_0001.jpg,Christopher_Reeve/Christopher_Reeve_0003.jpg,1,scored,0.7064629793167114,0.40350908041000366,1,1
2466,4,Chuck_Amato/Chuck_Amato_0001.jpg,Chuck_Amato/Chuck_Amato_0002.jpg,1,scored,0.916297435760498,0.40350908041000366,1,1
2467,4,Cindy_Crawford/Cindy_Crawford_0002.jpg,Cindy_Crawford/Cindy_Crawford_0003.jpg,1,scored,0.6525064706802368,0.40350908041000366,1,1
2468,4,Cindy_Margolis/Cindy_Margolis_0001.jpg,Cindy_Margolis/Cindy_Margolis_0002.jpg,1,scored,0.7236250042915344,0.40350908041000366,1,1
2469,4,Claire_Danes/Claire_Danes_0001.jpg,Claire_Danes/Claire_Danes_0003.jpg,1,scored,0.6863049864768982,0.40350908041000366,1,1
2470,4,Claire_Danes/Claire_Danes_0002.jpg,Claire_Danes/Claire_Danes_0003.jpg,1,scored,0.9171774983406067,0.40350908041000366,1,1
2471,4,Conan_OBrien/Conan_OBrien_0001.jpg,Conan_OBrien/Conan_OBrien_0002.jpg,1,scored,0.7347375154495239,0.40350908041000366,1,1
2472,4,Conan_OBrien/Conan_OBrien_0002.jpg,Conan_OBrien/Conan_OBrien_0003.jpg,1,scored,0.7171940803527832,0.40350908041000366,1,1
2473,4,Conan_OBrien/Conan_OBrien_0002.jpg,Conan_OBrien/Conan_OBrien_0004.jpg,1,scored,0.7967522144317627,0.40350908041000366,1,1
2474,4,Conchita_Martinez/Conchita_Martinez_0001.jpg,Conchita_Martinez/Conchita_Martinez_0002.jpg,1,scored,0.8641165494918823,0.40350908041000366,1,1
2475,4,Conchita_Martinez/Conchita_Martinez_0001.jpg,Conchita_Martinez/Conchita_Martinez_0003.jpg,1,scored,0.7165898680686951,0.40350908041000366,1,1
2476,4,Dan_Morales/Dan_Morales_0001.jpg,Dan_Morales/Dan_Morales_0002.jpg,1,scored,0.796954870223999,0.40350908041000366,1,1
2477,4,Dan_Morales/Dan_Morales_0001.jpg,Dan_Morales/Dan_Morales_0003.jpg,1,scored,0.820918083190918,0.40350908041000366,1,1
2478,4,David_Hyde_Pierce/David_Hyde_Pierce_0001.jpg,David_Hyde_Pierce/David_Hyde_Pierce_0002.jpg,1,scored,0.6999228000640869,0.40350908041000366,1,1
2479,4,David_Hyde_Pierce/David_Hyde_Pierce_0001.jpg,David_Hyde_Pierce/David_Hyde_Pierce_0003.jpg,1,scored,0.8305791020393372,0.40350908041000366,1,1
2480,4,David_Hyde_Pierce/David_Hyde_Pierce_0002.jpg,David_Hyde_Pierce/David_Hyde_Pierce_0003.jpg,1,scored,0.8429282903671265,0.40350908041000366,1,1
2481,4,David_Hyde_Pierce/David_Hyde_Pierce_0002.jpg,David_Hyde_Pierce/David_Hyde_Pierce_0004.jpg,1,scored,0.584597647190094,0.40350908041000366,1,1
2482,4,David_Myers/David_Myers_0001.jpg,David_Myers/David_Myers_0002.jpg,1,scored,0.7703766822814941,0.40350908041000366,1,1
2483,4,David_Nalbandian/David_Nalbandian_0001.jpg,David_Nalbandian/David_Nalbandian_0003.jpg,1,scored,0.6546717882156372,0.40350908041000366,1,1
2484,4,David_Nalbandian/David_Nalbandian_0002.jpg,David_Nalbandian/David_Nalbandian_0009.jpg,1,scored,0.5332138538360596,0.40350908041000366,1,1
2485,4,David_Nalbandian/David_Nalbandian_0003.jpg,David_Nalbandian/David_Nalbandian_0004.jpg,1,scored,0.6736969947814941,0.40350908041000366,1,1
2486,4,David_Nalbandian/David_Nalbandian_0004.jpg,David_Nalbandian/David_Nalbandian_0013.jpg,1,scored,0.6784803867340088,0.40350908041000366,1,1
2487,4,David_Nalbandian/David_Nalbandian_0011.jpg,David_Nalbandian/David_Nalbandian_0012.jpg,1,scored,0.6959310173988342,0.40350908041000366,1,1
2488,4,David_Stern/David_Stern_0001.jpg,David_Stern/David_Stern_0002.jpg,1,scored,0.8154550790786743,0.40350908041000366,1,1
2489,4,David_Stern/David_Stern_0002.jpg,David_Stern/David_Stern_0003.jpg,1,scored,0.7251670360565186,0.40350908041000366,1,1
2490,4,Derek_Jeter/Derek_Jeter_0002.jpg,Derek_Jeter/Derek_Jeter_0003.jpg,1,scored,0.6573953032493591,0.40350908041000366,1,1
2491,4,Derek_Jeter/Derek_Jeter_0002.jpg,Derek_Jeter/Derek_Jeter_0004.jpg,1,scored,0.6655153036117554,0.40350908041000366,1,1
2492,4,Donatella_Versace/Donatella_Versace_0001.jpg,Donatella_Versace/Donatella_Versace_0003.jpg,1,scored,0.779663622379303,0.40350908041000366,1,1
2493,4,Donatella_Versace/Donatella_Versace_0002.jpg,Donatella_Versace/Donatella_Versace_0003.jpg,1,scored,0.779863715171814,0.40350908041000366,1,1
2494,4,Donna_Shalala/Donna_Shalala_0001.jpg,Donna_Shalala/Donna_Shalala_0002.jpg,1,scored,0.929387629032135,0.40350908041000366,1,1
2495,4,Edmund_Hillary/Edmund_Hillary_0001.jpg,Edmund_Hillary/Edmund_Hillary_0002.jpg,1,scored,0.6789895296096802,0.40350908041000366,1,1
2496,4,Edmund_Hillary/Edmund_Hillary_0001.jpg,Edmund_Hillary/Edmund_Hillary_0003.jpg,1,scored,0.7466726899147034,0.40350908041000366,1,1
2497,4,Edmund_Hillary/Edmund_Hillary_0002.jpg,Edmund_Hillary/Edmund_Hillary_0003.jpg,1,scored,0.7517127990722656,0.40350908041000366,1,1
2498,4,Elisabeth_Schumacher/Elisabeth_Schumacher_0001.jpg,Elisabeth_Schumacher/Elisabeth_Schumacher_0002.jpg,1,scored,0.18263986706733704,0.40350908041000366,0,0
2499,4,Elizabeth_Smart/Elizabeth_Smart_0003.jpg,Elizabeth_Smart/Elizabeth_Smart_0005.jpg,1,scored,0.6449992656707764,0.40350908041000366,1,1
2500,4,Erin_Runnion/Erin_Runnion_0001.jpg,Erin_Runnion/Erin_Runnion_0003.jpg,1,scored,0.7395249009132385,0.40350908041000366,1,1
2501,4,Erin_Runnion/Erin_Runnion_0002.jpg,Erin_Runnion/Erin_Runnion_0003.jpg,1,scored,0.790258526802063,0.40350908041000366,1,1
2502,4,Erin_Runnion/Erin_Runnion_0002.jpg,Erin_Runnion/Erin_Runnion_0004.jpg,1,scored,0.6768845915794373,0.40350908041000366,1,1
2503,4,Erin_Runnion/Erin_Runnion_0003.jpg,Erin_Runnion/Erin_Runnion_0004.jpg,1,scored,0.677754282951355,0.40350908041000366,1,1
2504,4,Fernando_Henrique_Cardoso/Fernando_Henrique_Cardoso_0001.jpg,Fernando_Henrique_Cardoso/Fernando_Henrique_Cardoso_0002.jpg,1,scored,0.5195685625076294,0.40350908041000366,1,1
2505,4,Fernando_Henrique_Cardoso/Fernando_Henrique_Cardoso_0001.jpg,Fernando_Henrique_Cardoso/Fernando_Henrique_Cardoso_0003.jpg,1,scored,0.5934513807296753,0.40350908041000366,1,1
2506,4,Fernando_Henrique_Cardoso/Fernando_Henrique_Cardoso_0001.jpg,Fernando_Henrique_Cardoso/Fernando_Henrique_Cardoso_0004.jpg,1,scored,0.733090341091156,0.40350908041000366,1,1
2507,4,Fernando_Henrique_Cardoso/Fernando_Henrique_Cardoso_0002.jpg,Fernando_Henrique_Cardoso/Fernando_Henrique_Cardoso_0007.jpg,1,scored,0.535733163356781,0.40350908041000366,1,1
2508,4,Fernando_Henrique_Cardoso/Fernando_Henrique_Cardoso_0005.jpg,Fernando_Henrique_Cardoso/Fernando_Henrique_Cardoso_0007.jpg,1,scored,0.7559553384780884,0.40350908041000366,1,1
2509,4,Fernando_Henrique_Cardoso/Fernando_Henrique_Cardoso_0006.jpg,Fernando_Henrique_Cardoso/Fernando_Henrique_Cardoso_0007.jpg,1,scored,0.8542109727859497,0.40350908041000366,1,1
2510,4,Francis_Mer/Francis_Mer_0001.jpg,Francis_Mer/Francis_Mer_0002.jpg,1,scored,0.7428494095802307,0.40350908041000366,1,1
2511,4,Franz_Fischler/Franz_Fischler_0001.jpg,Franz_Fischler/Franz_Fischler_0002.jpg,1,scored,0.890629768371582,0.40350908041000366,1,1
2512,4,Gary_Locke/Gary_Locke_0001.jpg,Gary_Locke/Gary_Locke_0002.jpg,1,scored,0.8756986260414124,0.40350908041000366,1,1
2513,4,Gerry_Adams/Gerry_Adams_0001.jpg,Gerry_Adams/Gerry_Adams_0003.jpg,1,scored,0.838211178779602,0.40350908041000366,1,1
2514,4,Gerry_Adams/Gerry_Adams_0001.jpg,Gerry_Adams/Gerry_Adams_0007.jpg,1,scored,0.8467530012130737,0.40350908041000366,1,1
2515,4,Gerry_Adams/Gerry_Adams_0002.jpg,Gerry_Adams/Gerry_Adams_0006.jpg,1,scored,0.835720419883728,0.40350908041000366,1,1
2516,4,Gerry_Adams/Gerry_Adams_0003.jpg,Gerry_Adams/Gerry_Adams_0005.jpg,1,scored,0.8296632766723633,0.40350908041000366,1,1
2517,4,Gerry_Adams/Gerry_Adams_0004.jpg,Gerry_Adams/Gerry_Adams_0006.jpg,1,scored,0.9080604910850525,0.40350908041000366,1,1
2518,4,Gerry_Adams/Gerry_Adams_0005.jpg,Gerry_Adams/Gerry_Adams_0006.jpg,1,scored,0.809481143951416,0.40350908041000366,1,1
2519,4,Gianna_Angelopoulos-Daskalaki/Gianna_Angelopoulos-Daskalaki_0001.jpg,Gianna_Angelopoulos-Daskalaki/Gianna_Angelopoulos-Daskalaki_0002.jpg,1,scored,0.7973034381866455,0.40350908041000366,1,1
2520,4,Gil_de_Ferran/Gil_de_Ferran_0001.jpg,Gil_de_Ferran/Gil_de_Ferran_0005.jpg,1,scored,0.6146399974822998,0.40350908041000366,1,1
2521,4,Gil_de_Ferran/Gil_de_Ferran_0002.jpg,Gil_de_Ferran/Gil_de_Ferran_0004.jpg,1,scored,0.5595512390136719,0.40350908041000366,1,1
2522,4,Gil_de_Ferran/Gil_de_Ferran_0003.jpg,Gil_de_Ferran/Gil_de_Ferran_0005.jpg,1,scored,0.6086201071739197,0.40350908041000366,1,1
2523,4,Goh_Kun/Goh_Kun_0001.jpg,Goh_Kun/Goh_Kun_0002.jpg,1,scored,0.7406840324401855,0.40350908041000366,1,1
2524,4,Grady_Irvin_Jr/Grady_Irvin_Jr_0001.jpg,Grady_Irvin_Jr/Grady_Irvin_Jr_0002.jpg,1,scored,0.8854365348815918,0.40350908041000366,1,1
2525,4,Gunter_Pleuger/Gunter_Pleuger_0003.jpg,Gunter_Pleuger/Gunter_Pleuger_0005.jpg,1,scored,0.8375941514968872,0.40350908041000366,1,1
2526,4,Gunter_Pleuger/Gunter_Pleuger_0003.jpg,Gunter_Pleuger/Gunter_Pleuger_0006.jpg,1,scored,0.8645952343940735,0.40350908041000366,1,1
2527,4,Harry_Belafonte/Harry_Belafonte_0001.jpg,Harry_Belafonte/Harry_Belafonte_0002.jpg,1,scored,0.910759687423706,0.40350908041000366,1,1
2528,4,Harry_Schmidt/Harry_Schmidt_0001.jpg,Harry_Schmidt/Harry_Schmidt_0003.jpg,1,scored,0.771864652633667,0.40350908041000366,1,1
2529,4,Harry_Schmidt/Harry_Schmidt_0001.jpg,Harry_Schmidt/Harry_Schmidt_0004.jpg,1,scored,0.8712788820266724,0.40350908041000366,1,1
2530,4,Harry_Schmidt/Harry_Schmidt_0002.jpg,Harry_Schmidt/Harry_Schmidt_0003.jpg,1,scored,0.9059532880783081,0.40350908041000366,1,1
2531,4,Harry_Schmidt/Harry_Schmidt_0003.jpg,Harry_Schmidt/Harry_Schmidt_0004.jpg,1,scored,0.8312398195266724,0.40350908041000366,1,1
2532,4,Helen_Clark/Helen_Clark_0002.jpg,Helen_Clark/Helen_Clark_0004.jpg,1,scored,0.9086915254592896,0.40350908041000366,1,1
2533,4,Hermann_Maier/Hermann_Maier_0001.jpg,Hermann_Maier/Hermann_Maier_0002.jpg,1,scored,0.6385164856910706,0.40350908041000366,1,1
2534,4,Ian_Thorpe/Ian_Thorpe_0001.jpg,Ian_Thorpe/Ian_Thorpe_0007.jpg,1,scored,0.7484438419342041,0.40350908041000366,1,1
2535,4,Ian_Thorpe/Ian_Thorpe_0001.jpg,Ian_Thorpe/Ian_Thorpe_0010.jpg,1,scored,0.6718175411224365,0.40350908041000366,1,1
2536,4,Ian_Thorpe/Ian_Thorpe_0003.jpg,Ian_Thorpe/Ian_Thorpe_0009.jpg,1,scored,0.6516284942626953,0.40350908041000366,1,1
2537,4,Ian_Thorpe/Ian_Thorpe_0005.jpg,Ian_Thorpe/Ian_Thorpe_0007.jpg,1,scored,0.6893905997276306,0.40350908041000366,1,1
2538,4,Ian_Thorpe/Ian_Thorpe_0006.jpg,Ian_Thorpe/Ian_Thorpe_0010.jpg,1,scored,0.7183988094329834,0.40350908041000366,1,1
2539,4,Isabelle_Huppert/Isabelle_Huppert_0001.jpg,Isabelle_Huppert/Isabelle_Huppert_0002.jpg,1,scored,0.7406153678894043,0.40350908041000366,1,1
2540,4,James_Butts/James_Butts_0001.jpg,James_Butts/James_Butts_0002.jpg,1,scored,0.9122443199157715,0.40350908041000366,1,1
2541,4,Jan-Michael_Gambill/Jan-Michael_Gambill_0001.jpg,Jan-Michael_Gambill/Jan-Michael_Gambill_0002.jpg,1,scored,0.6193775534629822,0.40350908041000366,1,1
2542,4,Jan-Michael_Gambill/Jan-Michael_Gambill_0002.jpg,Jan-Michael_Gambill/Jan-Michael_Gambill_0003.jpg,1,scored,0.47017982602119446,0.40350908041000366,1,1
2543,4,Jean-Francois_Pontal/Jean-Francois_Pontal_0001.jpg,Jean-Francois_Pontal/Jean-Francois_Pontal_0003.jpg,1,scored,0.7935769557952881,0.40350908041000366,1,1
2544,4,Jean-Marc_de_La_Sabliere/Jean-Marc_de_La_Sabliere_0001.jpg,Jean-Marc_de_La_Sabliere/Jean-Marc_de_La_Sabliere_0002.jpg,1,scored,0.6988885998725891,0.40350908041000366,1,1
2545,4,Jean-Sebastien_Giguere/Jean-Sebastien_Giguere_0001.jpg,Jean-Sebastien_Giguere/Jean-Sebastien_Giguere_0002.jpg,1,scored,0.7363981008529663,0.40350908041000366,1,1
2546,4,Jeb_Bush/Jeb_Bush_0001.jpg,Jeb_Bush/Jeb_Bush_0006.jpg,1,scored,0.7476896047592163,0.40350908041000366,1,1
2547,4,Jeb_Bush/Jeb_Bush_0002.jpg,Jeb_Bush/Jeb_Bush_0006.jpg,1,scored,0.82684326171875,0.40350908041000366,1,1
2548,4,Jeb_Bush/Jeb_Bush_0005.jpg,Jeb_Bush/Jeb_Bush_0007.jpg,1,scored,0.8476970195770264,0.40350908041000366,1,1
2549,4,Jeffrey_Jones/Jeffrey_Jones_0001.jpg,Jeffrey_Jones/Jeffrey_Jones_0002.jpg,1,scored,0.7660648822784424,0.40350908041000366,1,1
2550,4,Jim_OBrien/Jim_OBrien_0001.jpg,Jim_OBrien/Jim_OBrien_0002.jpg,1,scored,0.468299925327301,0.40350908041000366,1,1
2551,4,Jim_OBrien/Jim_OBrien_0001.jpg,Jim_OBrien/Jim_OBrien_0003.jpg,1,scored,0.48954713344573975,0.40350908041000366,1,1
2552,4,Joe_Gatti/Joe_Gatti_0001.jpg,Joe_Gatti/Joe_Gatti_0002.jpg,1,scored,0.6065882444381714,0.40350908041000366,1,1
2553,4,John_Cusack/John_Cusack_0001.jpg,John_Cusack/John_Cusack_0002.jpg,1,scored,0.8250249624252319,0.40350908041000366,1,1
2554,4,John_Edwards/John_Edwards_0001.jpg,John_Edwards/John_Edwards_0003.jpg,1,scored,0.8692922592163086,0.40350908041000366,1,1
2555,4,John_Edwards/John_Edwards_0001.jpg,John_Edwards/John_Edwards_0007.jpg,1,scored,0.7435519099235535,0.40350908041000366,1,1
2556,4,John_Edwards/John_Edwards_0002.jpg,John_Edwards/John_Edwards_0005.jpg,1,scored,0.7908429503440857,0.40350908041000366,1,1
2557,4,John_Edwards/John_Edwards_0003.jpg,John_Edwards/John_Edwards_0007.jpg,1,scored,0.8024312257766724,0.40350908041000366,1,1
2558,4,John_Edwards/John_Edwards_0004.jpg,John_Edwards/John_Edwards_0006.jpg,1,scored,0.7179656028747559,0.40350908041000366,1,1
2559,4,John_Edwards/John_Edwards_0004.jpg,John_Edwards/John_Edwards_0008.jpg,1,scored,0.757745623588562,0.40350908041000366,1,1
2560,4,John_Edwards/John_Edwards_0006.jpg,John_Edwards/John_Edwards_0007.jpg,1,scored,0.8398540019989014,0.40350908041000366,1,1
2561,4,John_Spencer/John_Spencer_0001.jpg,John_Spencer/John_Spencer_0002.jpg,1,scored,0.9132144451141357,0.40350908041000366,1,1
2562,4,John_Taylor/John_Taylor_0001.jpg,John_Taylor/John_Taylor_0002.jpg,1,scored,0.8038702011108398,0.40350908041000366,1,1
2563,4,John_Walsh/John_Walsh_0001.jpg,John_Walsh/John_Walsh_0002.jpg,1,scored,0.8154221773147583,0.40350908041000366,1,1
2564,4,Jolanta_Kwasniewski/Jolanta_Kwasniewski_0001.jpg,Jolanta_Kwasniewski/Jolanta_Kwasniewski_0002.jpg,1,scored,0.5319809913635254,0.40350908041000366,1,1
2565,4,Jose_Mourinho/Jose_Mourinho_0001.jpg,Jose_Mourinho/Jose_Mourinho_0002.jpg,1,scored,0.8087198734283447,0.40350908041000366,1,1
2566,4,Juergen_Peters/Juergen_Peters_0001.jpg,Juergen_Peters/Juergen_Peters_0002.jpg,1,scored,0.8662763237953186,0.40350908041000366,1,1
2567,4,Kalpana_Chawla/Kalpana_Chawla_0001.jpg,Kalpana_Chawla/Kalpana_Chawla_0004.jpg,1,scored,0.889735758304596,0.40350908041000366,1,1
2568,4,Kalpana_Chawla/Kalpana_Chawla_0002.jpg,Kalpana_Chawla/Kalpana_Chawla_0003.jpg,1,scored,0.8472680449485779,0.40350908041000366,1,1
2569,4,Kalpana_Chawla/Kalpana_Chawla_0002.jpg,Kalpana_Chawla/Kalpana_Chawla_0005.jpg,1,scored,0.828487753868103,0.40350908041000366,1,1
2570,4,Kalpana_Chawla/Kalpana_Chawla_0003.jpg,Kalpana_Chawla/Kalpana_Chawla_0004.jpg,1,scored,0.87353515625,0.40350908041000366,1,1
2571,4,Kelli_White/Kelli_White_0001.jpg,Kelli_White/Kelli_White_0002.jpg,1,scored,0.9055606126785278,0.40350908041000366,1,1
2572,4,Kim_Jin-sun/Kim_Jin-sun_0001.jpg,Kim_Jin-sun/Kim_Jin-sun_0002.jpg,1,scored,0.9491814374923706,0.40350908041000366,1,1
2573,4,Lana_Clarkson/Lana_Clarkson_0001.jpg,Lana_Clarkson/Lana_Clarkson_0002.jpg,1,scored,0.7248854637145996,0.40350908041000366,1,1
2574,4,Laura_Hernandez/Laura_Hernandez_0001.jpg,Laura_Hernandez/Laura_Hernandez_0002.jpg,1,scored,0.8733879327774048,0.40350908041000366,1,1
2575,4,Laura_Linney/Laura_Linney_0001.jpg,Laura_Linney/Laura_Linney_0002.jpg,1,scored,0.7829753160476685,0.40350908041000366,1,1
2576,4,Laura_Linney/Laura_Linney_0001.jpg,Laura_Linney/Laura_Linney_0003.jpg,1,scored,0.7534286975860596,0.40350908041000366,1,1
2577,4,Laura_Linney/Laura_Linney_0002.jpg,Laura_Linney/Laura_Linney_0004.jpg,1,scored,0.7444995045661926,0.40350908041000366,1,1
2578,4,Laura_Linney/Laura_Linney_0003.jpg,Laura_Linney/Laura_Linney_0004.jpg,1,scored,0.6317892670631409,0.40350908041000366,1,1
2579,4,Lenny_Wilkens/Lenny_Wilkens_0001.jpg,Lenny_Wilkens/Lenny_Wilkens_0002.jpg,1,scored,0.8976640105247498,0.40350908041000366,1,1
2580,4,Lenny_Wilkens/Lenny_Wilkens_0001.jpg,Lenny_Wilkens/Lenny_Wilkens_0003.jpg,1,scored,0.7197855710983276,0.40350908041000366,1,1
2581,4,Lenny_Wilkens/Lenny_Wilkens_0002.jpg,Lenny_Wilkens/Lenny_Wilkens_0003.jpg,1,scored,0.724744975566864,0.40350908041000366,1,1
2582,4,Lloyd_Ward/Lloyd_Ward_0001.jpg,Lloyd_Ward/Lloyd_Ward_0002.jpg,1,scored,0.7412610054016113,0.40350908041000366,1,1
2583,4,Mahathir_Mohamad/Mahathir_Mohamad_0001.jpg,Mahathir_Mohamad/Mahathir_Mohamad_0007.jpg,1,scored,0.5111788511276245,0.40350908041000366,1,1
2584,4,Mahathir_Mohamad/Mahathir_Mohamad_0001.jpg,Mahathir_Mohamad/Mahathir_Mohamad_0012.jpg,1,scored,0.7310901880264282,0.40350908041000366,1,1
2585,4,Mahathir_Mohamad/Mahathir_Mohamad_0006.jpg,Mahathir_Mohamad/Mahathir_Mohamad_0010.jpg,1,scored,0.7863479852676392,0.40350908041000366,1,1
2586,4,Mark_Cuban/Mark_Cuban_0001.jpg,Mark_Cuban/Mark_Cuban_0002.jpg,1,scored,0.6997767686843872,0.40350908041000366,1,1
2587,4,Mark_Heller/Mark_Heller_0001.jpg,Mark_Heller/Mark_Heller_0002.jpg,1,scored,0.7330261468887329,0.40350908041000366,1,1
2588,4,Mark_Schweiker/Mark_Schweiker_0001.jpg,Mark_Schweiker/Mark_Schweiker_0002.jpg,1,scored,0.7725608348846436,0.40350908041000366,1,1
2589,4,Marty_Mornhinweg/Marty_Mornhinweg_0001.jpg,Marty_Mornhinweg/Marty_Mornhinweg_0002.jpg,1,scored,0.8531476259231567,0.40350908041000366,1,1
2590,4,Marty_Mornhinweg/Marty_Mornhinweg_0001.jpg,Marty_Mornhinweg/Marty_Mornhinweg_0003.jpg,1,scored,0.598602294921875,0.40350908041000366,1,1
2591,4,Marty_Mornhinweg/Marty_Mornhinweg_0002.jpg,Marty_Mornhinweg/Marty_Mornhinweg_0003.jpg,1,scored,0.7606897950172424,0.40350908041000366,1,1
2592,4,Michael_Phelps/Michael_Phelps_0001.jpg,Michael_Phelps/Michael_Phelps_0002.jpg,1,scored,0.7812124490737915,0.40350908041000366,1,1
2593,4,Michael_Phelps/Michael_Phelps_0002.jpg,Michael_Phelps/Michael_Phelps_0004.jpg,1,scored,0.6840774416923523,0.40350908041000366,1,1
2594,4,Mick_Jagger/Mick_Jagger_0002.jpg,Mick_Jagger/Mick_Jagger_0004.jpg,1,scored,0.6275417804718018,0.40350908041000366,1,1
2595,4,Miguel_Estrada/Miguel_Estrada_0001.jpg,Miguel_Estrada/Miguel_Estrada_0002.jpg,1,scored,0.6835443377494812,0.40350908041000366,1,1
2596,4,Mike_Myers/Mike_Myers_0001.jpg,Mike_Myers/Mike_Myers_0006.jpg,1,scored,0.5183943510055542,0.40350908041000366,1,1
2597,4,Mike_Myers/Mike_Myers_0002.jpg,Mike_Myers/Mike_Myers_0003.jpg,1,scored,0.727910578250885,0.40350908041000366,1,1
2598,4,Mike_Myers/Mike_Myers_0002.jpg,Mike_Myers/Mike_Myers_0004.jpg,1,scored,0.7767366766929626,0.40350908041000366,1,1
2599,4,Mike_Myers/Mike_Myers_0002.jpg,Mike_Myers/Mike_Myers_0005.jpg,1,scored,0.6632311344146729,0.40350908041000366,1,1
2600,4,Nadine_Vinzens/Nadine_Vinzens_0001.jpg,Nadine_Vinzens/Nadine_Vinzens_0002.jpg,1,scored,0.5397822260856628,0.40350908041000366,1,1
2601,4,Nathan_Lane/Nathan_Lane_0001.jpg,Nathan_Lane/Nathan_Lane_0002.jpg,1,scored,0.673741340637207,0.40350908041000366,1,1
2602,4,Nicolas_Cage/Nicolas_Cage_0001.jpg,Nicolas_Cage/Nicolas_Cage_0002.jpg,1,scored,0.8405576348304749,0.40350908041000366,1,1
2603,4,Nicolas_Cage/Nicolas_Cage_0002.jpg,Nicolas_Cage/Nicolas_Cage_0004.jpg,1,scored,0.8799716234207153,0.40350908041000366,1,1
2604,4,Nicolas_Cage/Nicolas_Cage_0003.jpg,Nicolas_Cage/Nicolas_Cage_0004.jpg,1,scored,0.7833383679389954,0.40350908041000366,1,1
2605,4,Nicole_Kidman/Nicole_Kidman_0003.jpg,Nicole_Kidman/Nicole_Kidman_0011.jpg,1,scored,0.7370953559875488,0.40350908041000366,1,1
2606,4,Nicole_Kidman/Nicole_Kidman_0008.jpg,Nicole_Kidman/Nicole_Kidman_0017.jpg,1,scored,0.6711152195930481,0.40350908041000366,1,1
2607,4,Nicole_Kidman/Nicole_Kidman_0011.jpg,Nicole_Kidman/Nicole_Kidman_0013.jpg,1,scored,0.8404428958892822,0.40350908041000366,1,1
2608,4,Nicole_Kidman/Nicole_Kidman_0013.jpg,Nicole_Kidman/Nicole_Kidman_0014.jpg,1,scored,0.7913475632667542,0.40350908041000366,1,1
2609,4,Nicole_Kidman/Nicole_Kidman_0015.jpg,Nicole_Kidman/Nicole_Kidman_0019.jpg,1,scored,0.20640724897384644,0.40350908041000366,0,0
2610,4,Omar_Sharif/Omar_Sharif_0001.jpg,Omar_Sharif/Omar_Sharif_0002.jpg,1,scored,0.9467106461524963,0.40350908041000366,1,1
2611,4,Omar_Sharif/Omar_Sharif_0001.jpg,Omar_Sharif/Omar_Sharif_0003.jpg,1,scored,0.8750499486923218,0.40350908041000366,1,1
2612,4,Omar_Sharif/Omar_Sharif_0001.jpg,Omar_Sharif/Omar_Sharif_0004.jpg,1,scored,0.8225319981575012,0.40350908041000366,1,1
2613,4,Omar_Sharif/Omar_Sharif_0002.jpg,Omar_Sharif/Omar_Sharif_0003.jpg,1,scored,0.8912639617919922,0.40350908041000366,1,1
2614,4,Parris_Glendening/Parris_Glendening_0001.jpg,Parris_Glendening/Parris_Glendening_0002.jpg,1,scored,0.8193601965904236,0.40350908041000366,1,1
2615,4,Patrick_Leahy/Patrick_Leahy_0001.jpg,Patrick_Leahy/Patrick_Leahy_0002.jpg,1,scored,0.6928261518478394,0.40350908041000366,1,1
2616,4,Patrick_McEnroe/Patrick_McEnroe_0001.jpg,Patrick_McEnroe/Patrick_McEnroe_0002.jpg,1,scored,0.5265073180198669,0.40350908041000366,1,1
2617,4,Patrick_Stewart/Patrick_Stewart_0001.jpg,Patrick_Stewart/Patrick_Stewart_0002.jpg,1,scored,0.6224282383918762,0.40350908041000366,1,1
2618,4,Paul_Gascoigne/Paul_Gascoigne_0001.jpg,Paul_Gascoigne/Paul_Gascoigne_0003.jpg,1,scored,0.639449954032898,0.40350908041000366,1,1
2619,4,Peter_Hillary/Peter_Hillary_0001.jpg,Peter_Hillary/Peter_Hillary_0002.jpg,1,scored,0.849844217300415,0.40350908041000366,1,1
2620,4,Phan_Van_Khai/Phan_Van_Khai_0001.jpg,Phan_Van_Khai/Phan_Van_Khai_0002.jpg,1,scored,0.9440959692001343,0.40350908041000366,1,1
2621,4,Phan_Van_Khai/Phan_Van_Khai_0001.jpg,Phan_Van_Khai/Phan_Van_Khai_0003.jpg,1,scored,0.9042132496833801,0.40350908041000366,1,1
2622,4,Phan_Van_Khai/Phan_Van_Khai_0002.jpg,Phan_Van_Khai/Phan_Van_Khai_0003.jpg,1,scored,0.898674726486206,0.40350908041000366,1,1
2623,4,Prince_Claus/Prince_Claus_0001.jpg,Prince_Claus/Prince_Claus_0004.jpg,1,scored,0.45457279682159424,0.40350908041000366,1,1
2624,4,Prince_Claus/Prince_Claus_0002.jpg,Prince_Claus/Prince_Claus_0003.jpg,1,scored,0.7574162483215332,0.40350908041000366,1,1
2625,4,Prince_Claus/Prince_Claus_0002.jpg,Prince_Claus/Prince_Claus_0004.jpg,1,scored,0.6111459136009216,0.40350908041000366,1,1
2626,4,Raghad_Saddam_Hussein/Raghad_Saddam_Hussein_0001.jpg,Raghad_Saddam_Hussein/Raghad_Saddam_Hussein_0002.jpg,1,scored,0.8789249062538147,0.40350908041000366,1,1
2627,4,Ray_Allen/Ray_Allen_0001.jpg,Ray_Allen/Ray_Allen_0002.jpg,1,scored,0.5683484077453613,0.40350908041000366,1,1
2628,4,Ray_Allen/Ray_Allen_0002.jpg,Ray_Allen/Ray_Allen_0003.jpg,1,scored,0.5442259907722473,0.40350908041000366,1,1
2629,4,Richard_Crenna/Richard_Crenna_0001.jpg,Richard_Crenna/Richard_Crenna_0002.jpg,1,scored,0.7869618535041809,0.40350908041000366,1,1
2630,4,Richard_Gere/Richard_Gere_0001.jpg,Richard_Gere/Richard_Gere_0010.jpg,1,scored,0.7163903713226318,0.40350908041000366,1,1
2631,4,Richard_Gere/Richard_Gere_0006.jpg,Richard_Gere/Richard_Gere_0009.jpg,1,scored,0.6801085472106934,0.40350908041000366,1,1
2632,4,Richard_Myers/Richard_Myers_0001.jpg,Richard_Myers/Richard_Myers_0002.jpg,1,scored,0.8263048529624939,0.40350908041000366,1,1
2633,4,Richard_Myers/Richard_Myers_0001.jpg,Richard_Myers/Richard_Myers_0004.jpg,1,scored,0.754570722579956,0.40350908041000366,1,1
2634,4,Richard_Myers/Richard_Myers_0004.jpg,Richard_Myers/Richard_Myers_0008.jpg,1,scored,0.5863838195800781,0.40350908041000366,1,1
2635,4,Richard_Myers/Richard_Myers_0015.jpg,Richard_Myers/Richard_Myers_0016.jpg,1,scored,0.8193669319152832,0.40350908041000366,1,1
2636,4,Rick_Romley/Rick_Romley_0001.jpg,Rick_Romley/Rick_Romley_0003.jpg,1,scored,0.8575717210769653,0.40350908041000366,1,1
2637,4,Rob_Lowe/Rob_Lowe_0001.jpg,Rob_Lowe/Rob_Lowe_0003.jpg,1,scored,0.7769362926483154,0.40350908041000366,1,1
2638,4,Rob_Lowe/Rob_Lowe_0001.jpg,Rob_Lowe/Rob_Lowe_0004.jpg,1,scored,0.7668676376342773,0.40350908041000366,1,1
2639,4,Rob_Lowe/Rob_Lowe_0002.jpg,Rob_Lowe/Rob_Lowe_0003.jpg,1,scored,0.8102148771286011,0.40350908041000366,1,1
2640,4,Rob_Lowe/Rob_Lowe_0003.jpg,Rob_Lowe/Rob_Lowe_0004.jpg,1,scored,0.7958228588104248,0.40350908041000366,1,1
2641,4,Robby_Ginepri/Robby_Ginepri_0001.jpg,Robby_Ginepri/Robby_Ginepri_0002.jpg,1,scored,0.8353128433227539,0.40350908041000366,1,1
2642,4,Robert_Witt/Robert_Witt_0001.jpg,Robert_Witt/Robert_Witt_0002.jpg,1,scored,0.82362961769104,0.40350908041000366,1,1
2643,4,Rod_Blagojevich/Rod_Blagojevich_0001.jpg,Rod_Blagojevich/Rod_Blagojevich_0002.jpg,1,scored,0.7789590358734131,0.40350908041000366,1,1
2644,4,Rolandas_Paksas/Rolandas_Paksas_0001.jpg,Rolandas_Paksas/Rolandas_Paksas_0002.jpg,1,scored,0.5481501221656799,0.40350908041000366,1,1
2645,4,Russell_Coutts/Russell_Coutts_0001.jpg,Russell_Coutts/Russell_Coutts_0002.jpg,1,scored,0.838170051574707,0.40350908041000366,1,1
2646,4,Ruth_Dreifuss/Ruth_Dreifuss_0001.jpg,Ruth_Dreifuss/Ruth_Dreifuss_0002.jpg,1,scored,0.7525330781936646,0.40350908041000366,1,1
2647,4,Sally_Kirkland/Sally_Kirkland_0001.jpg,Sally_Kirkland/Sally_Kirkland_0004.jpg,1,scored,0.6591547727584839,0.40350908041000366,1,1
2648,4,Sean_Patrick_OMalley/Sean_Patrick_OMalley_0001.jpg,Sean_Patrick_OMalley/Sean_Patrick_OMalley_0003.jpg,1,scored,0.8000352382659912,0.40350908041000366,1,1
2649,4,Sebastian_Saja/Sebastian_Saja_0001.jpg,Sebastian_Saja/Sebastian_Saja_0002.jpg,1,scored,0.7349452972412109,0.40350908041000366,1,1
2650,4,Sebastian_Saja/Sebastian_Saja_0001.jpg,Sebastian_Saja/Sebastian_Saja_0003.jpg,1,scored,0.7205114364624023,0.40350908041000366,1,1
2651,4,Sila_Calderon/Sila_Calderon_0001.jpg,Sila_Calderon/Sila_Calderon_0002.jpg,1,scored,0.8176559805870056,0.40350908041000366,1,1
2652,4,Sila_Calderon/Sila_Calderon_0001.jpg,Sila_Calderon/Sila_Calderon_0003.jpg,1,scored,0.6416332721710205,0.40350908041000366,1,1
2653,4,Sila_Calderon/Sila_Calderon_0001.jpg,Sila_Calderon/Sila_Calderon_0004.jpg,1,scored,0.7465876340866089,0.40350908041000366,1,1
2654,4,Sila_Calderon/Sila_Calderon_0002.jpg,Sila_Calderon/Sila_Calderon_0003.jpg,1,scored,0.73955237865448,0.40350908041000366,1,1
2655,4,Stanley_Tong/Stanley_Tong_0001.jpg,Stanley_Tong/Stanley_Tong_0002.jpg,1,scored,0.831628680229187,0.40350908041000366,1,1
2656,4,Steve_Park/Steve_Park_0001.jpg,Steve_Park/Steve_Park_0002.jpg,1,scored,0.7574220895767212,0.40350908041000366,1,1
2657,4,Susie_Castillo/Susie_Castillo_0001.jpg,Susie_Castillo/Susie_Castillo_0002.jpg,1,scored,0.9026074409484863,0.40350908041000366,1,1
2658,4,Sylvester_Stallone/Sylvester_Stallone_0001.jpg,Sylvester_Stallone/Sylvester_Stallone_0005.jpg,1,scored,0.7187325954437256,0.40350908041000366,1,1
2659,4,Sylvester_Stallone/Sylvester_Stallone_0002.jpg,Sylvester_Stallone/Sylvester_Stallone_0004.jpg,1,scored,0.534456729888916,0.40350908041000366,1,1
2660,4,Sylvester_Stallone/Sylvester_Stallone_0003.jpg,Sylvester_Stallone/Sylvester_Stallone_0008.jpg,1,scored,0.8095656633377075,0.40350908041000366,1,1
2661,4,Sylvester_Stallone/Sylvester_Stallone_0004.jpg,Sylvester_Stallone/Sylvester_Stallone_0005.jpg,1,scored,0.39179426431655884,0.40350908041000366,0,0
2662,4,Takashi_Sorimachi/Takashi_Sorimachi_0001.jpg,Takashi_Sorimachi/Takashi_Sorimachi_0002.jpg,1,scored,0.7838583588600159,0.40350908041000366,1,1
2663,4,Tang_Jiaxuan/Tang_Jiaxuan_0002.jpg,Tang_Jiaxuan/Tang_Jiaxuan_0006.jpg,1,scored,0.8599025011062622,0.40350908041000366,1,1
2664,4,Tang_Jiaxuan/Tang_Jiaxuan_0002.jpg,Tang_Jiaxuan/Tang_Jiaxuan_0011.jpg,1,scored,0.898036003112793,0.40350908041000366,1,1
2665,4,Tang_Jiaxuan/Tang_Jiaxuan_0004.jpg,Tang_Jiaxuan/Tang_Jiaxuan_0009.jpg,1,scored,0.8369777202606201,0.40350908041000366,1,1
2666,4,Tang_Jiaxuan/Tang_Jiaxuan_0005.jpg,Tang_Jiaxuan/Tang_Jiaxuan_0009.jpg,1,scored,0.7665151357650757,0.40350908041000366,1,1
2667,4,Tang_Jiaxuan/Tang_Jiaxuan_0007.jpg,Tang_Jiaxuan/Tang_Jiaxuan_0010.jpg,1,scored,0.8841092586517334,0.40350908041000366,1,1
2668,4,Terje_Roed-Larsen/Terje_Roed-Larsen_0001.jpg,Terje_Roed-Larsen/Terje_Roed-Larsen_0002.jpg,1,scored,0.7662237286567688,0.40350908041000366,1,1
2669,4,Thomas_Birmingham/Thomas_Birmingham_0001.jpg,Thomas_Birmingham/Thomas_Birmingham_0002.jpg,1,scored,0.7267619967460632,0.40350908041000366,1,1
2670,4,Tiger_Woods/Tiger_Woods_0002.jpg,Tiger_Woods/Tiger_Woods_0006.jpg,1,scored,0.6554663181304932,0.40350908041000366,1,1
2671,4,Tiger_Woods/Tiger_Woods_0003.jpg,Tiger_Woods/Tiger_Woods_0021.jpg,1,scored,0.7635856866836548,0.40350908041000366,1,1
2672,4,Tiger_Woods/Tiger_Woods_0005.jpg,Tiger_Woods/Tiger_Woods_0011.jpg,1,scored,0.7362784147262573,0.40350908041000366,1,1
2673,4,Tiger_Woods/Tiger_Woods_0005.jpg,Tiger_Woods/Tiger_Woods_0012.jpg,1,scored,0.4636629819869995,0.40350908041000366,1,1
2674,4,Tiger_Woods/Tiger_Woods_0006.jpg,Tiger_Woods/Tiger_Woods_0018.jpg,1,scored,0.5556638240814209,0.40350908041000366,1,1
2675,4,Tiger_Woods/Tiger_Woods_0006.jpg,Tiger_Woods/Tiger_Woods_0021.jpg,1,scored,0.6413795948028564,0.40350908041000366,1,1
2676,4,Tiger_Woods/Tiger_Woods_0009.jpg,Tiger_Woods/Tiger_Woods_0012.jpg,1,scored,0.49633216857910156,0.40350908041000366,1,1
2677,4,Tiger_Woods/Tiger_Woods_0009.jpg,Tiger_Woods/Tiger_Woods_0023.jpg,1,scored,0.6963390111923218,0.40350908041000366,1,1
2678,4,Tiger_Woods/Tiger_Woods_0016.jpg,Tiger_Woods/Tiger_Woods_0018.jpg,1,scored,0.6688704490661621,0.40350908041000366,1,1
2679,4,Tim_Curry/Tim_Curry_0001.jpg,Tim_Curry/Tim_Curry_0002.jpg,1,scored,0.9018771052360535,0.40350908041000366,1,1
2680,4,Tom_Brady/Tom_Brady_0001.jpg,Tom_Brady/Tom_Brady_0002.jpg,1,scored,0.458448201417923,0.40350908041000366,1,1
2681,4,Toshihiko_Fukui/Toshihiko_Fukui_0001.jpg,Toshihiko_Fukui/Toshihiko_Fukui_0002.jpg,1,scored,0.9390926957130432,0.40350908041000366,1,1
2682,4,Toshihiko_Fukui/Toshihiko_Fukui_0001.jpg,Toshihiko_Fukui/Toshihiko_Fukui_0003.jpg,1,scored,0.9322026371955872,0.40350908041000366,1,1
2683,4,Uma_Thurman/Uma_Thurman_0001.jpg,Uma_Thurman/Uma_Thurman_0003.jpg,1,scored,0.6599451303482056,0.40350908041000366,1,1
2684,4,Uma_Thurman/Uma_Thurman_0002.jpg,Uma_Thurman/Uma_Thurman_0003.jpg,1,scored,0.7063289880752563,0.40350908041000366,1,1
2685,4,Vaclav_Klaus/Vaclav_Klaus_0001.jpg,Vaclav_Klaus/Vaclav_Klaus_0002.jpg,1,scored,0.7814659476280212,0.40350908041000366,1,1
2686,4,Vanessa_Incontrada/Vanessa_Incontrada_0001.jpg,Vanessa_Incontrada/Vanessa_Incontrada_0002.jpg,1,scored,0.8688850402832031,0.40350908041000366,1,1
2687,4,Vanessa_Incontrada/Vanessa_Incontrada_0001.jpg,Vanessa_Incontrada/Vanessa_Incontrada_0003.jpg,1,scored,0.8877873420715332,0.40350908041000366,1,1
2688,4,Vanessa_Incontrada/Vanessa_Incontrada_0001.jpg,Vanessa_Incontrada/Vanessa_Incontrada_0004.jpg,1,scored,0.8462268114089966,0.40350908041000366,1,1
2689,4,Vanessa_Incontrada/Vanessa_Incontrada_0002.jpg,Vanessa_Incontrada/Vanessa_Incontrada_0003.jpg,1,scored,0.7990494966506958,0.40350908041000366,1,1
2690,4,Vanessa_Incontrada/Vanessa_Incontrada_0002.jpg,Vanessa_Incontrada/Vanessa_Incontrada_0004.jpg,1,scored,0.7365478277206421,0.40350908041000366,1,1
2691,4,Vanessa_Incontrada/Vanessa_Incontrada_0003.jpg,Vanessa_Incontrada/Vanessa_Incontrada_0004.jpg,1,scored,0.7966011166572571,0.40350908041000366,1,1
2692,4,Vin_Diesel/Vin_Diesel_0001.jpg,Vin_Diesel/Vin_Diesel_0002.jpg,1,scored,0.7339959144592285,0.40350908041000366,1,1
2693,4,Vladimir_Spidla/Vladimir_Spidla_0001.jpg,Vladimir_Spidla/Vladimir_Spidla_0002.jpg,1,scored,0.8843975067138672,0.40350908041000366,1,1
2694,4,Vladimir_Spidla/Vladimir_Spidla_0001.jpg,Vladimir_Spidla/Vladimir_Spidla_0003.jpg,1,scored,0.7467107772827148,0.40350908041000366,1,1
2695,4,Vladimir_Spidla/Vladimir_Spidla_0002.jpg,Vladimir_Spidla/Vladimir_Spidla_0003.jpg,1,scored,0.6791831254959106,0.40350908041000366,1,1
2696,4,Win_Aung/Win_Aung_0001.jpg,Win_Aung/Win_Aung_0003.jpg,1,scored,0.8522589206695557,0.40350908041000366,1,1
2697,4,Win_Aung/Win_Aung_0001.jpg,Win_Aung/Win_Aung_0004.jpg,1,scored,0.8555903434753418,0.40350908041000366,1,1
2698,4,Zhang_Ziyi/Zhang_Ziyi_0001.jpg,Zhang_Ziyi/Zhang_Ziyi_0003.jpg,1,scored,0.6102538108825684,0.40350908041000366,1,1
2699,4,Zhang_Ziyi/Zhang_Ziyi_0002.jpg,Zhang_Ziyi/Zhang_Ziyi_0003.jpg,1,scored,0.7615267038345337,0.40350908041000366,1,1
2700,4,Adrian_Annus/Adrian_Annus_0001.jpg,Jorge_Marquez-Ruarte/Jorge_Marquez-Ruarte_0001.jpg,0,scored,-0.017973853275179863,0.40350908041000366,0,1
2701,4,Adrian_Annus/Adrian_Annus_0001.jpg,Patrick_Bourrat/Patrick_Bourrat_0001.jpg,0,scored,0.25703752040863037,0.40350908041000366,0,1
2702,4,Adrian_Murrell/Adrian_Murrell_0001.jpg,Jose_Cevallos/Jose_Cevallos_0001.jpg,0,scored,0.06424697488546371,0.40350908041000366,0,1
2703,4,Adrian_Murrell/Adrian_Murrell_0001.jpg,Paul_Brandt/Paul_Brandt_0001.jpg,0,scored,0.08910216391086578,0.40350908041000366,0,1
2704,4,Ahmed_Ibrahim_Bilal/Ahmed_Ibrahim_Bilal_0001.jpg,Beatrice_Dalle/Beatrice_Dalle_0001.jpg,0,scored,0.06952798366546631,0.40350908041000366,0,1
2705,4,Ahmed_Ibrahim_Bilal/Ahmed_Ibrahim_Bilal_0001.jpg,Lee_Chang-dong/Lee_Chang-dong_0001.jpg,0,scored,-0.08262704312801361,0.40350908041000366,0,1
2706,4,Aileen_Riggin_Soule/Aileen_Riggin_Soule_0001.jpg,Norio_Ohga/Norio_Ohga_0001.jpg,0,scored,0.3453041911125183,0.40350908041000366,0,1
2707,4,Aitor_Gonzalez/Aitor_Gonzalez_0002.jpg,Horace_Donovan_Reid/Horace_Donovan_Reid_0001.jpg,0,scored,0.21324723958969116,0.40350908041000366,0,1
2708,4,Ajit_Agarkar/Ajit_Agarkar_0001.jpg,Jesse_James/Jesse_James_0001.jpg,0,scored,-0.00743340328335762,0.40350908041000366,0,1
2709,4,Akbar_Al_Baker/Akbar_Al_Baker_0001.jpg,Andrei_Konchalovsky/Andrei_Konchalovsky_0001.jpg,0,scored,0.08851677924394608,0.40350908041000366,0,1
2710,4,Akbar_Al_Baker/Akbar_Al_Baker_0001.jpg,Bobby_Goldwater/Bobby_Goldwater_0001.jpg,0,scored,0.31607669591903687,0.40350908041000366,0,1
2711,4,Alain_Cervantes/Alain_Cervantes_0001.jpg,Bob_Huggins/Bob_Huggins_0003.jpg,0,scored,-0.037559013813734055,0.40350908041000366,0,1
2712,4,Alain_Cervantes/Alain_Cervantes_0001.jpg,Pierre_Png/Pierre_Png_0001.jpg,0,scored,0.029514092952013016,0.40350908041000366,0,1
2713,4,Alanna_Ubach/Alanna_Ubach_0001.jpg,Paul_Gascoigne/Paul_Gascoigne_0001.jpg,0,scored,-0.09283547103404999,0.40350908041000366,0,1
2714,4,Alec_Baldwin/Alec_Baldwin_0004.jpg,Goh_Kun/Goh_Kun_0002.jpg,0,scored,-0.09204432368278503,0.40350908041000366,0,1
2715,4,Alex_Holmes/Alex_Holmes_0001.jpg,Beatrice_Dalle/Beatrice_Dalle_0001.jpg,0,scored,0.303938627243042,0.40350908041000366,0,1
2716,4,Alfred_Sant/Alfred_Sant_0001.jpg,Randall_Tobias/Randall_Tobias_0001.jpg,0,scored,0.1619446575641632,0.40350908041000366,0,1
2717,4,Alfredo_Moreno/Alfredo_Moreno_0001.jpg,Dyab_Abou_Jahjah/Dyab_Abou_Jahjah_0001.jpg,0,scored,0.08120478689670563,0.40350908041000366,0,1
2718,4,Alfredo_Moreno/Alfredo_Moreno_0001.jpg,Suzanne_Torrance/Suzanne_Torrance_0001.jpg,0,scored,0.048109374940395355,0.40350908041000366,0,1
2719,4,Alfredo_Pena/Alfredo_Pena_0001.jpg,Emmanuel_Milingo/Emmanuel_Milingo_0001.jpg,0,scored,0.3040022850036621,0.40350908041000366,0,1
2720,4,Alvaro_Noboa/Alvaro_Noboa_0001.jpg,Phan_Van_Khai/Phan_Van_Khai_0001.jpg,0,scored,-0.0435592383146286,0.40350908041000366,0,1
2721,4,Alvaro_Noboa/Alvaro_Noboa_0002.jpg,Timothy_Rigas/Timothy_Rigas_0001.jpg,0,scored,0.03187277913093567,0.40350908041000366,0,1
2722,4,Amanda_Coetzer/Amanda_Coetzer_0001.jpg,Bridgette_Wilson-Sampras/Bridgette_Wilson-Sampras_0002.jpg,0,scored,0.012530414387583733,0.40350908041000366,0,1
2723,4,Amanda_Coetzer/Amanda_Coetzer_0001.jpg,Eddie_Jordan/Eddie_Jordan_0001.jpg,0,scored,-0.13830448687076569,0.40350908041000366,0,1
2724,4,Amer_al-Saadi/Amer_al-Saadi_0004.jpg,Miguel_Cotto/Miguel_Cotto_0001.jpg,0,scored,0.18462781608104706,0.40350908041000366,0,1
2725,4,Amy_Brenneman/Amy_Brenneman_0001.jpg,Russell_Coutts/Russell_Coutts_0002.jpg,0,scored,-0.053032148629426956,0.40350908041000366,0,1
2726,4,Amy_Brenneman/Amy_Brenneman_0001.jpg,Terje_Roed-Larsen/Terje_Roed-Larsen_0001.jpg,0,scored,0.0780947357416153,0.40350908041000366,0,1
2727,4,Andrew_Firestone/Andrew_Firestone_0001.jpg,Harry_Schmidt/Harry_Schmidt_0004.jpg,0,scored,-0.006056174635887146,0.40350908041000366,0,1
2728,4,Andrew_Firestone/Andrew_Firestone_0001.jpg,Ian_Campbell/Ian_Campbell_0001.jpg,0,scored,0.11717423796653748,0.40350908041000366,0,1
2729,4,Andrew_Firestone/Andrew_Firestone_0001.jpg,Jose_Acasuso/Jose_Acasuso_0001.jpg,0,scored,-0.12618476152420044,0.40350908041000366,0,1
2730,4,Andrew_Firestone/Andrew_Firestone_0001.jpg,Omar_Sharif/Omar_Sharif_0004.jpg,0,scored,-0.08827269822359085,0.40350908041000366,0,1
2731,4,Andy_Graves/Andy_Graves_0001.jpg,Gil_de_Ferran/Gil_de_Ferran_0001.jpg,0,scored,0.13936078548431396,0.40350908041000366,0,1
2732,4,Angela_Alvarado_Rosa/Angela_Alvarado_Rosa_0001.jpg,Gerald_Calabrese/Gerald_Calabrese_0001.jpg,0,scored,-0.1257794350385666,0.40350908041000366,0,1
2733,4,Angela_Alvarado_Rosa/Angela_Alvarado_Rosa_0001.jpg,Jeffrey_Jones/Jeffrey_Jones_0001.jpg,0,scored,-0.07310715317726135,0.40350908041000366,0,1
2734,4,Anneli_Jaatteenmaki/Anneli_Jaatteenmaki_0002.jpg,Eric_Robert_Rudolph/Eric_Robert_Rudolph_0002.jpg,0,scored,-0.025958716869354248,0.40350908041000366,0,1
2735,4,Anneli_Jaatteenmaki/Anneli_Jaatteenmaki_0002.jpg,Gerry_Adams/Gerry_Adams_0006.jpg,0,scored,0.007116232067346573,0.40350908041000366,0,1
2736,4,Anneli_Jaatteenmaki/Anneli_Jaatteenmaki_0002.jpg,Jorge_Marquez-Ruarte/Jorge_Marquez-Ruarte_0001.jpg,0,scored,0.15902522206306458,0.40350908041000366,0,1
2737,4,Anthony_Corso/Anthony_Corso_0001.jpg,Johnny_Benson/Johnny_Benson_0001.jpg,0,scored,0.003672521561384201,0.40350908041000366,0,1
2738,4,Anthony_Corso/Anthony_Corso_0001.jpg,Ray_Allen/Ray_Allen_0003.jpg,0,scored,0.39404866099357605,0.40350908041000366,0,1
2739,4,Anthony_Pico/Anthony_Pico_0001.jpg,Stephanie_Cohen_Aloro/Stephanie_Cohen_Aloro_0001.jpg,0,scored,0.034984152764081955,0.40350908041000366,0,1
2740,4,Ari_Fleischer/Ari_Fleischer_0001.jpg,Razali_Ismail/Razali_Ismail_0001.jpg,0,scored,0.17006076872348785,0.40350908041000366,0,1
2741,4,Ari_Fleischer/Ari_Fleischer_0009.jpg,Jean-Marc_de_La_Sabliere/Jean-Marc_de_La_Sabliere_0002.jpg,0,scored,0.10458821058273315,0.40350908041000366,0,1
2742,4,Arianna_Huffington/Arianna_Huffington_0004.jpg,Philippe_Gagnon/Philippe_Gagnon_0001.jpg,0,scored,0.0634671077132225,0.40350908041000366,0,1
2743,4,Arnaud_Clement/Arnaud_Clement_0001.jpg,Jeffrey_Jones/Jeffrey_Jones_0002.jpg,0,scored,-0.1108134463429451,0.40350908041000366,0,1
2744,4,Arnaud_Clement/Arnaud_Clement_0001.jpg,King_Gyanendra/King_Gyanendra_0001.jpg,0,scored,-0.10821619629859924,0.40350908041000366,0,1
2745,4,Arnaud_Clement/Arnaud_Clement_0002.jpg,Grady_Irvin_Jr/Grady_Irvin_Jr_0002.jpg,0,scored,-0.1524612009525299,0.40350908041000366,0,1
2746,4,Arnold_Scott/Arnold_Scott_0001.jpg,Randy_Dryer/Randy_Dryer_0001.jpg,0,scored,0.2853257656097412,0.40350908041000366,0,1
2747,4,Art_Howe/Art_Howe_0002.jpg,Luciano_Bovicelli/Luciano_Bovicelli_0001.jpg,0,scored,0.2479262351989746,0.40350908041000366,0,1
2748,4,Art_Howe/Art_Howe_0003.jpg,Teresa_Worbis/Teresa_Worbis_0001.jpg,0,scored,-0.2026134729385376,0.40350908041000366,0,1
2749,4,Artieas_Shanks/Artieas_Shanks_0001.jpg,Derek_King/Derek_King_0001.jpg,0,scored,0.10055647790431976,0.40350908041000366,0,1
2750,4,Astrid_Betancourt/Astrid_Betancourt_0001.jpg,Frederick_Madden/Frederick_Madden_0001.jpg,0,scored,0.029839418828487396,0.40350908041000366,0,1
2751,4,Barbara_De_Brun/Barbara_De_Brun_0001.jpg,Cosmo_Iacavazzi/Cosmo_Iacavazzi_0001.jpg,0,scored,-0.2868833541870117,0.40350908041000366,0,1
2752,4,Barry_Collier/Barry_Collier_0001.jpg,Narendra_Modi/Narendra_Modi_0001.jpg,0,scored,-0.14854441583156586,0.40350908041000366,0,1
2753,4,Ben_Affleck/Ben_Affleck_0003.jpg,Patricia_Hearst/Patricia_Hearst_0001.jpg,0,scored,0.2233780324459076,0.40350908041000366,0,1
2754,4,Ben_Affleck/Ben_Affleck_0004.jpg,Daniel_Scioli/Daniel_Scioli_0001.jpg,0,scored,-0.027488864958286285,0.40350908041000366,0,1
2755,4,Ben_Affleck/Ben_Affleck_0007.jpg,Marcio_de_Souza/Marcio_de_Souza_0001.jpg,0,scored,-0.08824950456619263,0.40350908041000366,0,1
2756,4,Ben_Broussard/Ben_Broussard_0001.jpg,Rudi_Voeller/Rudi_Voeller_0001.jpg,0,scored,0.05754917487502098,0.40350908041000366,0,1
2757,4,Betsy_Smith/Betsy_Smith_0002.jpg,Steven_Kinlock/Steven_Kinlock_0001.jpg,0,scored,0.0923396572470665,0.40350908041000366,0,1
2758,4,Betty_Williams/Betty_Williams_0001.jpg,Mary_Catherine_Correll/Mary_Catherine_Correll_0001.jpg,0,scored,0.27057722210884094,0.40350908041000366,0,1
2759,4,Bianca_Jagger/Bianca_Jagger_0001.jpg,Dario_Camuffo/Dario_Camuffo_0001.jpg,0,scored,-0.0026616277173161507,0.40350908041000366,0,1
2760,4,Bianca_Jagger/Bianca_Jagger_0001.jpg,Fabricio_Oberto/Fabricio_Oberto_0001.jpg,0,scored,0.05866027623414993,0.40350908041000366,0,1
2761,4,Bill_Callahan/Bill_Callahan_0001.jpg,Gina_Gershon/Gina_Gershon_0001.jpg,0,scored,0.24267390370368958,0.40350908041000366,0,1
2762,4,Bill_Kollar/Bill_Kollar_0001.jpg,Gina_Gershon/Gina_Gershon_0001.jpg,0,scored,0.0981038510799408,0.40350908041000366,0,1
2763,4,Bill_Kollar/Bill_Kollar_0001.jpg,Jose_Miguel_Aleman/Jose_Miguel_Aleman_0001.jpg,0,scored,0.005829883739352226,0.40350908041000366,0,1
2764,4,Bill_Kollar/Bill_Kollar_0001.jpg,Mae_Jemison/Mae_Jemison_0001.jpg,0,scored,-0.16019314527511597,0.40350908041000366,0,1
2765,4,Bill_Kollar/Bill_Kollar_0001.jpg,Mohammed_Ashraf_Hafiz/Mohammed_Ashraf_Hafiz_0001.jpg,0,scored,0.2771783769130707,0.40350908041000366,0,1
2766,4,Bill_Kollar/Bill_Kollar_0001.jpg,Patty_Sheehan/Patty_Sheehan_0001.jpg,0,scored,-0.10560493171215057,0.40350908041000366,0,1
2767,4,Bill_Parsons/Bill_Parsons_0001.jpg,Donna_Barrera/Donna_Barrera_0001.jpg,0,scored,0.13038119673728943,0.40350908041000366,0,1
2768,4,Bill_Stein/Bill_Stein_0001.jpg,Vanessa_Incontrada/Vanessa_Incontrada_0004.jpg,0,scored,-0.09198260307312012,0.40350908041000366,0,1
2769,4,Blythe_Hartley/Blythe_Hartley_0001.jpg,Jackie_Dennis/Jackie_Dennis_0001.jpg,0,scored,0.20774801075458527,0.40350908041000366,0,1
2770,4,Blythe_Hartley/Blythe_Hartley_0002.jpg,Gil_de_Ferran/Gil_de_Ferran_0002.jpg,0,scored,0.049997977912425995,0.40350908041000366,0,1
2771,4,Bob_Curtis/Bob_Curtis_0001.jpg,Helen_Clark/Helen_Clark_0001.jpg,0,scored,0.029538922011852264,0.40350908041000366,0,1
2772,4,Bob_Huggins/Bob_Huggins_0003.jpg,Sylvester_Stallone/Sylvester_Stallone_0002.jpg,0,scored,0.31260761618614197,0.40350908041000366,0,1
2773,4,Bobby_Goldwater/Bobby_Goldwater_0001.jpg,John_Moxley/John_Moxley_0001.jpg,0,scored,0.04302109032869339,0.40350908041000366,0,1
2774,4,Bobby_Goldwater/Bobby_Goldwater_0001.jpg,Ulrich_Kueperkoch/Ulrich_Kueperkoch_0001.jpg,0,scored,0.2940128445625305,0.40350908041000366,0,1
2775,4,Bono/Bono_0003.jpg,Ian_Huntley/Ian_Huntley_0001.jpg,0,scored,0.069308802485466,0.40350908041000366,0,1
2776,4,Brad_Garrett/Brad_Garrett_0001.jpg,Hoda_Asfor/Hoda_Asfor_0001.jpg,0,scored,0.22031241655349731,0.40350908041000366,0,1
2777,4,Brad_Garrett/Brad_Garrett_0004.jpg,Wang_Nan/Wang_Nan_0001.jpg,0,scored,0.11002679169178009,0.40350908041000366,0,1
2778,4,Brandon_Hammond/Brandon_Hammond_0001.jpg,Thomas_Kelly/Thomas_Kelly_0001.jpg,0,scored,0.3464624881744385,0.40350908041000366,0,1
2779,4,Brandon_Robinson/Brandon_Robinson_0001.jpg,Giovanny_Cordoba/Giovanny_Cordoba_0001.jpg,0,scored,0.39334791898727417,0.40350908041000366,0,1
2780,4,Brandon_Robinson/Brandon_Robinson_0001.jpg,Michael_Linscott/Michael_Linscott_0001.jpg,0,scored,-0.01613231934607029,0.40350908041000366,0,1
2781,4,Brandon_Robinson/Brandon_Robinson_0001.jpg,Shi_Guangsheng/Shi_Guangsheng_0001.jpg,0,scored,-0.0319710373878479,0.40350908041000366,0,1
2782,4,Brendan_Stai/Brendan_Stai_0001.jpg,Dan_Guerrero/Dan_Guerrero_0001.jpg,0,scored,0.006711501628160477,0.40350908041000366,0,1
2783,4,Brett_Boone/Brett_Boone_0001.jpg,Jean-Marc_de_La_Sabliere/Jean-Marc_de_La_Sabliere_0001.jpg,0,scored,0.1852208971977234,0.40350908041000366,0,1
2784,4,Brett_Boone/Brett_Boone_0001.jpg,Teresa_Worbis/Teresa_Worbis_0001.jpg,0,scored,0.04313703998923302,0.40350908041000366,0,1
2785,4,Brian_Billick/Brian_Billick_0001.jpg,Ian_Huntley/Ian_Huntley_0001.jpg,0,scored,0.1294553577899933,0.40350908041000366,0,1
2786,4,Brian_Billick/Brian_Billick_0001.jpg,John_Wayne/John_Wayne_0001.jpg,0,scored,0.12929408252239227,0.40350908041000366,0,1
2787,4,Brian_Billick/Brian_Billick_0001.jpg,Stephanie_Moore/Stephanie_Moore_0001.jpg,0,scored,-0.2140621691942215,0.40350908041000366,0,1
2788,4,Brian_Olson/Brian_Olson_0001.jpg,Roberto_Tovar/Roberto_Tovar_0001.jpg,0,scored,-0.3157057762145996,0.40350908041000366,0,1
2789,4,Bud_Selig/Bud_Selig_0001.jpg,Franz_Fischler/Franz_Fischler_0001.jpg,0,scored,0.12069439142942429,0.40350908041000366,0,1
2790,4,Bud_Selig/Bud_Selig_0003.jpg,John_Duprey/John_Duprey_0001.jpg,0,scored,-0.007844395004212856,0.40350908041000366,0,1
2791,4,Carla_Moreno/Carla_Moreno_0001.jpg,Suzanne_Torrance/Suzanne_Torrance_0001.jpg,0,scored,0.1730993092060089,0.40350908041000366,0,1
2792,4,Carla_Moreno/Carla_Moreno_0001.jpg,Tang_Jiaxuan/Tang_Jiaxuan_0003.jpg,0,scored,-0.07484152168035507,0.40350908041000366,0,1
2793,4,Carlos_Beltran/Carlos_Beltran_0001.jpg,Ulrich_Kueperkoch/Ulrich_Kueperkoch_0001.jpg,0,scored,0.1226695328950882,0.40350908041000366,0,1
2794,4,Carlos_Ghosn/Carlos_Ghosn_0001.jpg,Jim_Paxson/Jim_Paxson_0001.jpg,0,scored,0.06399424374103546,0.40350908041000366,0,1
2795,4,Carlos_Ghosn/Carlos_Ghosn_0002.jpg,Ray_Allen/Ray_Allen_0003.jpg,0,scored,-0.2241966426372528,0.40350908041000366,0,1
2796,4,Carlton_Dotson/Carlton_Dotson_0001.jpg,Jim_Paxson/Jim_Paxson_0001.jpg,0,scored,0.13462284207344055,0.40350908041000366,0,1
2797,4,Carlton_Dotson/Carlton_Dotson_0001.jpg,Patrick_Bourrat/Patrick_Bourrat_0001.jpg,0,scored,-0.25212958455085754,0.40350908041000366,0,1
2798,4,Carlton_Dotson/Carlton_Dotson_0001.jpg,Porter_Goss/Porter_Goss_0001.jpg,0,scored,-0.026197195053100586,0.40350908041000366,0,1
2799,4,Carlton_Dotson/Carlton_Dotson_0001.jpg,Vyacheslav_Fetisov/Vyacheslav_Fetisov_0001.jpg,0,scored,0.01632799580693245,0.40350908041000366,0,1
2800,4,Cass_Ballenger/Cass_Ballenger_0001.jpg,Norio_Ohga/Norio_Ohga_0001.jpg,0,scored,-0.011294849216938019,0.40350908041000366,0,1
2801,4,Cecile_de_France/Cecile_de_France_0001.jpg,Dyab_Abou_Jahjah/Dyab_Abou_Jahjah_0001.jpg,0,scored,-0.07511520385742188,0.40350908041000366,0,1
2802,4,Cecile_de_France/Cecile_de_France_0001.jpg,Terrence_Kiel/Terrence_Kiel_0001.jpg,0,scored,-0.05265730619430542,0.40350908041000366,0,1
2803,4,Charles_Bell/Charles_Bell_0001.jpg,Tatjana_Gsell/Tatjana_Gsell_0001.jpg,0,scored,-0.20180049538612366,0.40350908041000366,0,1
2804,4,Charlotte_Rampling/Charlotte_Rampling_0001.jpg,Lana_Clarkson/Lana_Clarkson_0002.jpg,0,scored,0.062430936843156815,0.40350908041000366,0,1
2805,4,Chick_Hearn/Chick_Hearn_0001.jpg,Mohammed_Salmane/Mohammed_Salmane_0001.jpg,0,scored,0.2854202091693878,0.40350908041000366,0,1
2806,4,Christopher_Reeve/Christopher_Reeve_0004.jpg,Pauline_Landers/Pauline_Landers_0001.jpg,0,scored,0.08876364678144455,0.40350908041000366,0,1
2807,4,Christopher_Reeve/Christopher_Reeve_0004.jpg,Scott_OGrady/Scott_OGrady_0001.jpg,0,scored,0.013832127675414085,0.40350908041000366,0,1
2808,4,Cindy_Margolis/Cindy_Margolis_0001.jpg,Mark_Cuban/Mark_Cuban_0002.jpg,0,scored,-0.04875469580292702,0.40350908041000366,0,1
2809,4,Claire_Danes/Claire_Danes_0002.jpg,Nadine_Vinzens/Nadine_Vinzens_0001.jpg,0,scored,0.08276266604661942,0.40350908041000366,0,1
2810,4,Claudio_Lopez/Claudio_Lopez_0001.jpg,Gabrielle_Rose/Gabrielle_Rose_0001.jpg,0,scored,0.016329927369952202,0.40350908041000366,0,1
2811,4,Collis_Temple_III/Collis_Temple_III_0001.jpg,Eva_Amurri/Eva_Amurri_0001.jpg,0,scored,-0.17489786446094513,0.40350908041000366,0,1
2812,4,Collis_Temple_III/Collis_Temple_III_0001.jpg,Rob_Niedermayer/Rob_Niedermayer_0001.jpg,0,scored,-0.15796533226966858,0.40350908041000366,0,1
2813,4,Collis_Temple_III/Collis_Temple_III_0001.jpg,Santiago_Botero/Santiago_Botero_0001.jpg,0,scored,-0.2654531002044678,0.40350908041000366,0,1
2814,4,Collis_Temple_III/Collis_Temple_III_0001.jpg,Simon_Chalk/Simon_Chalk_0001.jpg,0,scored,0.0035883139353245497,0.40350908041000366,0,1
2815,4,Conan_OBrien/Conan_OBrien_0001.jpg,Liliana_Cavani/Liliana_Cavani_0001.jpg,0,scored,0.10035992413759232,0.40350908041000366,0,1
2816,4,Corinna_Harfouch/Corinna_Harfouch_0001.jpg,Ivo_Dubs/Ivo_Dubs_0001.jpg,0,scored,0.093594029545784,0.40350908041000366,0,1
2817,4,Corinna_Harfouch/Corinna_Harfouch_0001.jpg,Tim_Curry/Tim_Curry_0001.jpg,0,scored,0.09585362672805786,0.40350908041000366,0,1
2818,4,Cristina_Kirchner/Cristina_Kirchner_0001.jpg,Stefanie_De_Roux/Stefanie_De_Roux_0001.jpg,0,scored,0.12918296456336975,0.40350908041000366,0,1
2819,4,Dan_Boyle/Dan_Boyle_0001.jpg,Paul_Clark/Paul_Clark_0001.jpg,0,scored,-0.16240131855010986,0.40350908041000366,0,1
2820,4,Dan_Boyle/Dan_Boyle_0001.jpg,Thabo_Mbeki/Thabo_Mbeki_0003.jpg,0,scored,-0.00978189054876566,0.40350908041000366,0,1
2821,4,Daniel_Chin/Daniel_Chin_0001.jpg,Ian_Huntley/Ian_Huntley_0001.jpg,0,scored,-0.05615959316492081,0.40350908041000366,0,1
2822,4,Daniel_Chin/Daniel_Chin_0001.jpg,Jim_Letten/Jim_Letten_0001.jpg,0,scored,0.16778424382209778,0.40350908041000366,0,1
2823,4,Daniel_Chin/Daniel_Chin_0001.jpg,Julia_Glass/Julia_Glass_0001.jpg,0,scored,-0.0040928637608885765,0.40350908041000366,0,1
2824,4,Daniel_Scioli/Daniel_Scioli_0001.jpg,Lena_Katina/Lena_Katina_0001.jpg,0,scored,0.05225086212158203,0.40350908041000366,0,1
2825,4,Daniel_Scioli/Daniel_Scioli_0001.jpg,Lindsay_Lohan/Lindsay_Lohan_0001.jpg,0,scored,-0.17117995023727417,0.40350908041000366,0,1
2826,4,Dario_Camuffo/Dario_Camuffo_0001.jpg,Eli_Stutsman/Eli_Stutsman_0001.jpg,0,scored,0.018764473497867584,0.40350908041000366,0,1
2827,4,David_Brinkley/David_Brinkley_0001.jpg,Jeff_Bridges/Jeff_Bridges_0001.jpg,0,scored,0.03768260031938553,0.40350908041000366,0,1
2828,4,David_Brinkley/David_Brinkley_0001.jpg,Stephen_Arigbabu/Stephen_Arigbabu_0001.jpg,0,scored,0.05082642287015915,0.40350908041000366,0,1
2829,4,David_Montoya/David_Montoya_0001.jpg,Mary_Elizabeth_Mastrantonio/Mary_Elizabeth_Mastrantonio_0001.jpg,0,scored,-0.13207823038101196,0.40350908041000366,0,1
2830,4,David_Siegel/David_Siegel_0001.jpg,Francis_Mer/Francis_Mer_0001.jpg,0,scored,0.2677142918109894,0.40350908041000366,0,1
2831,4,Dennis_Johnson/Dennis_Johnson_0001.jpg,Satnarine_Sharma/Satnarine_Sharma_0001.jpg,0,scored,-0.004093088209629059,0.40350908041000366,0,1
2832,4,Denys_Arcand/Denys_Arcand_0001.jpg,Nadine_Vinzens/Nadine_Vinzens_0002.jpg,0,scored,-0.03914483264088631,0.40350908041000366,0,1
2833,4,Derek_Jeter/Derek_Jeter_0001.jpg,Tian_Zhuang_Zhuang/Tian_Zhuang_Zhuang_0001.jpg,0,scored,0.01807943917810917,0.40350908041000366,0,1
2834,4,Derek_Jeter/Derek_Jeter_0003.jpg,Jolanta_Kwasniewski/Jolanta_Kwasniewski_0002.jpg,0,scored,-0.15260222554206848,0.40350908041000366,0,1
2835,4,Derek_King/Derek_King_0001.jpg,Yasein_Taher/Yasein_Taher_0001.jpg,0,scored,-0.24189627170562744,0.40350908041000366,0,1
2836,4,Derrick_Battie/Derrick_Battie_0001.jpg,Ian_Huntley/Ian_Huntley_0001.jpg,0,scored,-0.11451250314712524,0.40350908041000366,0,1
2837,4,Diego_Armando_Maradona/Diego_Armando_Maradona_0001.jpg,Robert_Gordon_Card/Robert_Gordon_Card_0001.jpg,0,scored,-0.1317933201789856,0.40350908041000366,0,1
2838,4,Don_King/Don_King_0001.jpg,Thomas_Kelly/Thomas_Kelly_0001.jpg,0,scored,0.2368386834859848,0.40350908041000366,0,1
2839,4,Don_King/Don_King_0001.jpg,Zurab_Tsereteli/Zurab_Tsereteli_0001.jpg,0,scored,0.1457805335521698,0.40350908041000366,0,1
2840,4,Donna_Barrera/Donna_Barrera_0001.jpg,Francis_Mer/Francis_Mer_0002.jpg,0,scored,-0.061390917748212814,0.40350908041000366,0,1
2841,4,Donna_Shalala/Donna_Shalala_0002.jpg,Sereyvuth_Kem/Sereyvuth_Kem_0001.jpg,0,scored,-0.07342344522476196,0.40350908041000366,0,1
2842,4,Duncan_Fletcher/Duncan_Fletcher_0001.jpg,John_Cusack/John_Cusack_0002.jpg,0,scored,0.010719622485339642,0.40350908041000366,0,1
2843,4,Duncan_Fletcher/Duncan_Fletcher_0001.jpg,Mike_Alden/Mike_Alden_0001.jpg,0,scored,0.1622338891029358,0.40350908041000366,0,1
2844,4,Dustin_Brown/Dustin_Brown_0001.jpg,Jose_Cevallos/Jose_Cevallos_0001.jpg,0,scored,-0.258235365152359,0.40350908041000366,0,1
2845,4,Dyab_Abou_Jahjah/Dyab_Abou_Jahjah_0001.jpg,John_Cornyn/John_Cornyn_0001.jpg,0,scored,-0.15564993023872375,0.40350908041000366,0,1
2846,4,Ed_Mekertichian/Ed_Mekertichian_0001.jpg,Paul_Clark/Paul_Clark_0001.jpg,0,scored,0.229383647441864,0.40350908041000366,0,1
2847,4,Edmund_Hillary/Edmund_Hillary_0002.jpg,Miguel_Cotto/Miguel_Cotto_0001.jpg,0,scored,0.014735419303178787,0.40350908041000366,0,1
2848,4,Elena_Likhovtseva/Elena_Likhovtseva_0001.jpg,Marty_Mornhinweg/Marty_Mornhinweg_0002.jpg,0,scored,0.21535803377628326,0.40350908041000366,0,1
2849,4,Eli_Stutsman/Eli_Stutsman_0001.jpg,Kalpana_Chawla/Kalpana_Chawla_0004.jpg,0,scored,0.05056896433234215,0.40350908041000366,0,1
2850,4,Eli_Stutsman/Eli_Stutsman_0001.jpg,Marcio_de_Souza/Marcio_de_Souza_0001.jpg,0,scored,-0.08490033447742462,0.40350908041000366,0,1
2851,4,Eli_Stutsman/Eli_Stutsman_0001.jpg,Michael_Phelps/Michael_Phelps_0001.jpg,0,scored,-0.08735314756631851,0.40350908041000366,0,1
2852,4,Elizabeth_Regan/Elizabeth_Regan_0001.jpg,Eugene_Teslovic/Eugene_Teslovic_0001.jpg,0,scored,-0.24518659710884094,0.40350908041000366,0,1
2853,4,Emmanuel_Milingo/Emmanuel_Milingo_0001.jpg,Enrica_Fico/Enrica_Fico_0001.jpg,0,scored,-0.09482665359973907,0.40350908041000366,0,1
2854,4,Enola_Rice/Enola_Rice_0001.jpg,Lana_Clarkson/Lana_Clarkson_0002.jpg,0,scored,0.4431072473526001,0.40350908041000366,1,0
2855,4,Erin_Runnion/Erin_Runnion_0003.jpg,Rob_Lowe/Rob_Lowe_0002.jpg,0,scored,0.08903531730175018,0.40350908041000366,0,1
2856,4,Eugene_Teslovic/Eugene_Teslovic_0001.jpg,Goh_Kun/Goh_Kun_0001.jpg,0,scored,0.08083778619766235,0.40350908041000366,0,1
2857,4,Eugene_Teslovic/Eugene_Teslovic_0001.jpg,Jean-Marc_de_La_Sabliere/Jean-Marc_de_La_Sabliere_0002.jpg,0,scored,0.24751564860343933,0.40350908041000366,0,1
2858,4,Eva_Amurri/Eva_Amurri_0001.jpg,Tanya_Holyk/Tanya_Holyk_0001.jpg,0,scored,0.12506799399852753,0.40350908041000366,0,1
2859,4,Fabricio_Oberto/Fabricio_Oberto_0001.jpg,Rudi_Voeller/Rudi_Voeller_0001.jpg,0,scored,0.07424023002386093,0.40350908041000366,0,1
2860,4,Felix_Sanchez/Felix_Sanchez_0001.jpg,Ian_Moran/Ian_Moran_0001.jpg,0,scored,-0.11877252906560898,0.40350908041000366,0,1
2861,4,Fernando_Henrique_Cardoso/Fernando_Henrique_Cardoso_0001.jpg,Michael_Phelps/Michael_Phelps_0001.jpg,0,scored,-0.021693803369998932,0.40350908041000366,0,1
2862,4,Fernando_Henrique_Cardoso/Fernando_Henrique_Cardoso_0008.jpg,Sherry_Fisher/Sherry_Fisher_0001.jpg,0,scored,0.04653326794505119,0.40350908041000366,0,1
2863,4,Francis_Mer/Francis_Mer_0002.jpg,Patrick_Bourrat/Patrick_Bourrat_0001.jpg,0,scored,0.14689955115318298,0.40350908041000366,0,1
2864,4,Franz_Fischler/Franz_Fischler_0002.jpg,Robert_Lange/Robert_Lange_0001.jpg,0,scored,0.06974759697914124,0.40350908041000366,0,1
2865,4,Frederick_Madden/Frederick_Madden_0001.jpg,Gary_Condit/Gary_Condit_0001.jpg,0,scored,-0.03376518934965134,0.40350908041000366,0,1
2866,4,Gary_Bauer/Gary_Bauer_0001.jpg,Greg_Hodge/Greg_Hodge_0001.jpg,0,scored,0.22523316740989685,0.40350908041000366,0,1
2867,4,Gary_Condit/Gary_Condit_0001.jpg,Nathan_Lane/Nathan_Lane_0002.jpg,0,scored,0.20723822712898254,0.40350908041000366,0,1
2868,4,Gary_Locke/Gary_Locke_0001.jpg,Marcio_de_Souza/Marcio_de_Souza_0001.jpg,0,scored,-0.23161998391151428,0.40350908041000366,0,1
2869,4,Gen_Meredith/Gen_Meredith_0001.jpg,Matthew_Vaughan/Matthew_Vaughan_0001.jpg,0,scored,-0.0464807003736496,0.40350908041000366,0,1
2870,4,Gerry_Adams/Gerry_Adams_0008.jpg,Jamir_Miller/Jamir_Miller_0001.jpg,0,scored,-0.03638266772031784,0.40350908041000366,0,1
2871,4,Gilles_Panizzi/Gilles_Panizzi_0001.jpg,Jim_Piper/Jim_Piper_0001.jpg,0,scored,0.23898354172706604,0.40350908041000366,0,1
2872,4,Gina_Gershon/Gina_Gershon_0001.jpg,Patricia_Garone/Patricia_Garone_0001.jpg,0,scored,0.05167491361498833,0.40350908041000366,0,1
2873,4,Gina_Gershon/Gina_Gershon_0001.jpg,Zhang_Ziyi/Zhang_Ziyi_0002.jpg,0,scored,0.036625247448682785,0.40350908041000366,0,1
2874,4,Giovanny_Cordoba/Giovanny_Cordoba_0001.jpg,Jackie_Sherrill/Jackie_Sherrill_0001.jpg,0,scored,-0.06308571249246597,0.40350908041000366,0,1
2875,4,Giovanny_Cordoba/Giovanny_Cordoba_0001.jpg,Keith_Olbermann/Keith_Olbermann_0001.jpg,0,scored,-0.13225498795509338,0.40350908041000366,0,1
2876,4,Grady_Irvin_Jr/Grady_Irvin_Jr_0002.jpg,Oracene_Williams/Oracene_Williams_0001.jpg,0,scored,0.1924678087234497,0.40350908041000366,0,1
2877,4,Graeme_Smith/Graeme_Smith_0001.jpg,John_Salazar/John_Salazar_0001.jpg,0,scored,0.08138427138328552,0.40350908041000366,0,1
2878,4,Graham_Bentley/Graham_Bentley_0001.jpg,Jason_Clermont/Jason_Clermont_0001.jpg,0,scored,-0.09773729741573334,0.40350908041000366,0,1
2879,4,Guillaume_Depardieu/Guillaume_Depardieu_0001.jpg,Manuel_Llorente/Manuel_Llorente_0001.jpg,0,scored,0.015540258958935738,0.40350908041000366,0,1
2880,4,Gunter_Pleuger/Gunter_Pleuger_0001.jpg,Nicole_Kidman/Nicole_Kidman_0002.jpg,0,scored,0.028887664899230003,0.40350908041000366,0,1
2881,4,Gunter_Pleuger/Gunter_Pleuger_0002.jpg,Robby_Ginepri/Robby_Ginepri_0001.jpg,0,scored,-0.3210681676864624,0.40350908041000366,0,1
2882,4,Gunter_Pleuger/Gunter_Pleuger_0003.jpg,Vaclav_Klaus/Vaclav_Klaus_0001.jpg,0,scored,-0.07515289634466171,0.40350908041000366,0,1
2883,4,Hanns_Schumacher/Hanns_Schumacher_0001.jpg,Martin_Gecht/Martin_Gecht_0001.jpg,0,scored,-0.0030036186799407005,0.40350908041000366,0,1
2884,4,Henri_Proglio/Henri_Proglio_0001.jpg,Ibrahim_Haddad/Ibrahim_Haddad_0001.jpg,0,scored,0.33705568313598633,0.40350908041000366,0,1
2885,4,Henri_Proglio/Henri_Proglio_0001.jpg,Jeffery_Hendren/Jeffery_Hendren_0001.jpg,0,scored,0.16390526294708252,0.40350908041000366,0,1
2886,4,Hermann_Maier/Hermann_Maier_0001.jpg,Phan_Van_Khai/Phan_Van_Khai_0001.jpg,0,scored,-0.19219020009040833,0.40350908041000366,0,1
2887,4,Hermann_Maier/Hermann_Maier_0002.jpg,Stephen_Arigbabu/Stephen_Arigbabu_0001.jpg,0,scored,0.11144326627254486,0.40350908041000366,0,1
2888,4,Hideki_Sato/Hideki_Sato_0001.jpg,Peter_Mugyeni/Peter_Mugyeni_0001.jpg,0,scored,0.025576971471309662,0.40350908041000366,0,1
2889,4,Hideki_Sato/Hideki_Sato_0001.jpg,Troy_Aikman/Troy_Aikman_0001.jpg,0,scored,0.07875288277864456,0.40350908041000366,0,1
2890,4,Hoda_Asfor/Hoda_Asfor_0001.jpg,Juergen_Peters/Juergen_Peters_0001.jpg,0,scored,0.09765341877937317,0.40350908041000366,0,1
2891,4,Hoda_Asfor/Hoda_Asfor_0001.jpg,Lindsay_Lohan/Lindsay_Lohan_0001.jpg,0,scored,-0.2825999855995178,0.40350908041000366,0,1
2892,4,Horace_Donovan_Reid/Horace_Donovan_Reid_0001.jpg,Rob_Lowe/Rob_Lowe_0001.jpg,0,scored,-0.03544076532125473,0.40350908041000366,0,1
2893,4,Hunter_Kemper/Hunter_Kemper_0001.jpg,Marsha_Thomason/Marsha_Thomason_0001.jpg,0,scored,0.03898528963327408,0.40350908041000366,0,1
2894,4,Ian_Campbell/Ian_Campbell_0001.jpg,Mike_Alden/Mike_Alden_0001.jpg,0,scored,0.019362453371286392,0.40350908041000366,0,1
2895,4,Ian_Huntley/Ian_Huntley_0001.jpg,Jalen_Rose/Jalen_Rose_0001.jpg,0,scored,0.07217592000961304,0.40350908041000366,0,1
2896,4,Ian_Huntley/Ian_Huntley_0001.jpg,Sebastian_Saja/Sebastian_Saja_0002.jpg,0,scored,0.12923677265644073,0.40350908041000366,0,1
2897,4,Ian_Moran/Ian_Moran_0001.jpg,Stephanie_Cohen_Aloro/Stephanie_Cohen_Aloro_0001.jpg,0,scored,0.1633925437927246,0.40350908041000366,0,1
2898,4,Ian_Thorpe/Ian_Thorpe_0005.jpg,Mickey_Gilley/Mickey_Gilley_0001.jpg,0,scored,0.07951636612415314,0.40350908041000366,0,1
2899,4,Ignacio_Antonio_Velasco/Ignacio_Antonio_Velasco_0001.jpg,Rich_Brooks/Rich_Brooks_0001.jpg,0,scored,-0.09170347452163696,0.40350908041000366,0,1
2900,4,Iran_Brown/Iran_Brown_0001.jpg,Margaret_Caruso/Margaret_Caruso_0001.jpg,0,scored,-0.1905878484249115,0.40350908041000366,0,1
2901,4,Isabelle_Huppert/Isabelle_Huppert_0001.jpg,Marcio_de_Souza/Marcio_de_Souza_0001.jpg,0,scored,0.030092278495430946,0.40350908041000366,0,1
2902,4,Isabelle_Huppert/Isabelle_Huppert_0002.jpg,Phan_Van_Khai/Phan_Van_Khai_0003.jpg,0,scored,-0.04021728038787842,0.40350908041000366,0,1
2903,4,Ivan_Shvedoff/Ivan_Shvedoff_0001.jpg,Josh_Childress/Josh_Childress_0001.jpg,0,scored,-0.04562675207853317,0.40350908041000366,0,1
2904,4,Ivan_Shvedoff/Ivan_Shvedoff_0001.jpg,Miguel_Estrada/Miguel_Estrada_0002.jpg,0,scored,-0.20684975385665894,0.40350908041000366,0,1
2905,4,Ivan_Shvedoff/Ivan_Shvedoff_0001.jpg,Vojislav_Seselj/Vojislav_Seselj_0001.jpg,0,scored,0.126377135515213,0.40350908041000366,0,1
2906,4,Izzat_Ibrahim/Izzat_Ibrahim_0001.jpg,Jerry_Rice/Jerry_Rice_0001.jpg,0,scored,0.1677982062101364,0.40350908041000366,0,1
2907,4,Jacques_Villeneuve/Jacques_Villeneuve_0001.jpg,Wim_Duisenberg/Wim_Duisenberg_0001.jpg,0,scored,-0.12401092052459717,0.40350908041000366,0,1
2908,4,Jalen_Rose/Jalen_Rose_0001.jpg,Suzanne_Torrance/Suzanne_Torrance_0001.jpg,0,scored,0.17681369185447693,0.40350908041000366,0,1
2909,4,James_Butts/James_Butts_0001.jpg,Nicole_Kidman/Nicole_Kidman_0002.jpg,0,scored,-0.07233288139104843,0.40350908041000366,0,1
2910,4,James_Butts/James_Butts_0002.jpg,Jerry_Colangelo/Jerry_Colangelo_0001.jpg,0,scored,0.030350521206855774,0.40350908041000366,0,1
2911,4,James_Butts/James_Butts_0002.jpg,Sherry_Fisher/Sherry_Fisher_0001.jpg,0,scored,0.01710054650902748,0.40350908041000366,0,1
2912,4,James_May/James_May_0001.jpg,Trevor_McDonald/Trevor_McDonald_0001.jpg,0,scored,0.21936291456222534,0.40350908041000366,0,1
2913,4,James_May/James_May_0001.jpg,Vaclav_Klaus/Vaclav_Klaus_0002.jpg,0,scored,0.10444361716508865,0.40350908041000366,0,1
2914,4,Jamie_Cooke/Jamie_Cooke_0001.jpg,Kalpana_Chawla/Kalpana_Chawla_0005.jpg,0,scored,0.14163927733898163,0.40350908041000366,0,1
2915,4,Jamie_Cooke/Jamie_Cooke_0001.jpg,Mickey_Rooney/Mickey_Rooney_0001.jpg,0,scored,-0.34899404644966125,0.40350908041000366,0,1
2916,4,Jamir_Miller/Jamir_Miller_0001.jpg,Laura_Hernandez/Laura_Hernandez_0001.jpg,0,scored,0.0880519300699234,0.40350908041000366,0,1
2917,4,Jana_Pittman/Jana_Pittman_0001.jpg,Liv_Tyler/Liv_Tyler_0001.jpg,0,scored,0.19072523713111877,0.40350908041000366,0,1
2918,4,Jason_Clermont/Jason_Clermont_0001.jpg,Jose_Carlo_Fernandez/Jose_Carlo_Fernandez_0001.jpg,0,scored,-0.04342982545495033,0.40350908041000366,0,1
2919,4,Jason_Clermont/Jason_Clermont_0001.jpg,Patty_Duke/Patty_Duke_0001.jpg,0,scored,-0.06875395774841309,0.40350908041000366,0,1
2920,4,Jeff_Bridges/Jeff_Bridges_0001.jpg,Landon_Donovan/Landon_Donovan_0001.jpg,0,scored,-0.13199307024478912,0.40350908041000366,0,1
2921,4,Jeff_Bridges/Jeff_Bridges_0001.jpg,Patty_Duke/Patty_Duke_0001.jpg,0,scored,0.3562133014202118,0.40350908041000366,0,1
2922,4,Jeffery_Hendren/Jeffery_Hendren_0001.jpg,Jeremy_Wotherspoon/Jeremy_Wotherspoon_0001.jpg,0,scored,0.10687294602394104,0.40350908041000366,0,1
2923,4,Jennifer_McCoy/Jennifer_McCoy_0001.jpg,Manuel_Llorente/Manuel_Llorente_0001.jpg,0,scored,-0.06120443344116211,0.40350908041000366,0,1
2924,4,Jennifer_McCoy/Jennifer_McCoy_0001.jpg,William_Cocksedge/William_Cocksedge_0001.jpg,0,scored,0.06913994997739792,0.40350908041000366,0,1
2925,4,Jerry_Colangelo/Jerry_Colangelo_0001.jpg,Vin_Diesel/Vin_Diesel_0002.jpg,0,scored,-0.13408184051513672,0.40350908041000366,0,1
2926,4,Jerry_Rice/Jerry_Rice_0001.jpg,Joe_Gatti/Joe_Gatti_0002.jpg,0,scored,-0.019111663103103638,0.40350908041000366,0,1
2927,4,Jessica_Brungo/Jessica_Brungo_0001.jpg,Landon_Donovan/Landon_Donovan_0001.jpg,0,scored,-0.1028631329536438,0.40350908041000366,0,1
2928,4,Jim_OBrien/Jim_OBrien_0001.jpg,Nadine_Vinzens/Nadine_Vinzens_0001.jpg,0,scored,0.03960084542632103,0.40350908041000366,0,1
2929,4,Jim_Paxson/Jim_Paxson_0001.jpg,Robert_Gordon_Card/Robert_Gordon_Card_0001.jpg,0,scored,-0.14710521697998047,0.40350908041000366,0,1
2930,4,Joe_Gatti/Joe_Gatti_0002.jpg,Mike_Samp/Mike_Samp_0001.jpg,0,scored,-0.07558530569076538,0.40350908041000366,0,1
2931,4,Joel_Todd/Joel_Todd_0001.jpg,John_Fox/John_Fox_0001.jpg,0,scored,-0.0775628462433815,0.40350908041000366,0,1
2932,4,Joel_Todd/Joel_Todd_0001.jpg,Momir_Nikolic/Momir_Nikolic_0001.jpg,0,scored,-0.12884177267551422,0.40350908041000366,0,1
2933,4,John_Cornyn/John_Cornyn_0001.jpg,Jose_Mourinho/Jose_Mourinho_0002.jpg,0,scored,-0.15098661184310913,0.40350908041000366,0,1
2934,4,John_Cornyn/John_Cornyn_0001.jpg,Robert_Weitzel/Robert_Weitzel_0001.jpg,0,scored,-0.10281411558389664,0.40350908041000366,0,1
2935,4,John_Cornyn/John_Cornyn_0001.jpg,Toshihiko_Fukui/Toshihiko_Fukui_0002.jpg,0,scored,0.1029958575963974,0.40350908041000366,0,1
2936,4,John_Dallager/John_Dallager_0001.jpg,Jose_Canseco_Sr/Jose_Canseco_Sr_0001.jpg,0,scored,-0.06341268122196198,0.40350908041000366,0,1
2937,4,John_Spencer/John_Spencer_0002.jpg,Stephanie_Moore/Stephanie_Moore_0001.jpg,0,scored,-0.11255774646997452,0.40350908041000366,0,1
2938,4,John_Walsh/John_Walsh_0001.jpg,Kalpana_Chawla/Kalpana_Chawla_0001.jpg,0,scored,-0.0544082373380661,0.40350908041000366,0,1
2939,4,John_Wright/John_Wright_0001.jpg,Sandra_Milo/Sandra_Milo_0001.jpg,0,scored,-0.12816408276557922,0.40350908041000366,0,1
2940,4,John_Wright/John_Wright_0001.jpg,Trevor_McDonald/Trevor_McDonald_0001.jpg,0,scored,0.07603892683982849,0.40350908041000366,0,1
2941,4,Johnny_Benson/Johnny_Benson_0001.jpg,Lana_Clarkson/Lana_Clarkson_0002.jpg,0,scored,-0.08009171485900879,0.40350908041000366,0,1
2942,4,Johnny_Benson/Johnny_Benson_0001.jpg,Teresa_Worbis/Teresa_Worbis_0001.jpg,0,scored,0.12859946489334106,0.40350908041000366,0,1
2943,4,Jolanta_Kwasniewski/Jolanta_Kwasniewski_0002.jpg,Martin_Howard/Martin_Howard_0001.jpg,0,scored,-0.09519137442111969,0.40350908041000366,0,1
2944,4,Jose_Canseco_Sr/Jose_Canseco_Sr_0001.jpg,Julia_Glass/Julia_Glass_0001.jpg,0,scored,0.060303203761577606,0.40350908041000366,0,1
2945,4,Jose_Mourinho/Jose_Mourinho_0001.jpg,Joseph_LePore/Joseph_LePore_0001.jpg,0,scored,-0.08860017359256744,0.40350908041000366,0,1
2946,4,Jose_Mourinho/Jose_Mourinho_0002.jpg,LeRoy_Millette_Jr/LeRoy_Millette_Jr_0001.jpg,0,scored,0.2799067497253418,0.40350908041000366,0,1
2947,4,Jose_Vicente_Rangel/Jose_Vicente_Rangel_0001.jpg,Leuris_Pupo/Leuris_Pupo_0001.jpg,0,scored,-0.08356182277202606,0.40350908041000366,0,1
2948,4,Jose_Vicente_Rangel/Jose_Vicente_Rangel_0001.jpg,Scott_OGrady/Scott_OGrady_0001.jpg,0,scored,0.03136109933257103,0.40350908041000366,0,1
2949,4,Joy_Lee_Sadler/Joy_Lee_Sadler_0001.jpg,Laurie_Chan/Laurie_Chan_0001.jpg,0,scored,0.09913147240877151,0.40350908041000366,0,1
2950,4,Joy_Lee_Sadler/Joy_Lee_Sadler_0001.jpg,Norio_Ohga/Norio_Ohga_0001.jpg,0,scored,0.1564154326915741,0.40350908041000366,0,1
2951,4,Joy_Lee_Sadler/Joy_Lee_Sadler_0001.jpg,Stephanie_Moore/Stephanie_Moore_0001.jpg,0,scored,-0.281965970993042,0.40350908041000366,0,1
2952,4,Karen_Pereiras/Karen_Pereiras_0001.jpg,Michael_Phelps/Michael_Phelps_0002.jpg,0,scored,0.08578866720199585,0.40350908041000366,0,1
2953,4,Keith_Brown/Keith_Brown_0001.jpg,Nicole_Kidman/Nicole_Kidman_0017.jpg,0,scored,-0.032964952290058136,0.40350908041000366,0,1
2954,4,Keith_Brown/Keith_Brown_0001.jpg,William_Harrison/William_Harrison_0001.jpg,0,scored,0.16314740478992462,0.40350908041000366,0,1
2955,4,Keith_Van_Horn/Keith_Van_Horn_0001.jpg,Sherry_Fisher/Sherry_Fisher_0001.jpg,0,scored,-0.12393666058778763,0.40350908041000366,0,1
2956,4,Kelli_White/Kelli_White_0001.jpg,Rudi_Voeller/Rudi_Voeller_0001.jpg,0,scored,0.008670211769640446,0.40350908041000366,0,1
2957,4,King_Gyanendra/King_Gyanendra_0001.jpg,Otto_Reich/Otto_Reich_0001.jpg,0,scored,0.1421089768409729,0.40350908041000366,0,1
2958,4,Lana_Clarkson/Lana_Clarkson_0001.jpg,Mike_Samp/Mike_Samp_0001.jpg,0,scored,0.0671413391828537,0.40350908041000366,0,1
2959,4,Landon_Donovan/Landon_Donovan_0001.jpg,Robby_Ginepri/Robby_Ginepri_0001.jpg,0,scored,0.41057297587394714,0.40350908041000366,1,0
2960,4,Larry_Tanenbaum/Larry_Tanenbaum_0001.jpg,Mike_Samp/Mike_Samp_0001.jpg,0,scored,-0.05354475975036621,0.40350908041000366,0,1
2961,4,Laura_Ziskin/Laura_Ziskin_0001.jpg,Reyyan_Uzuner/Reyyan_Uzuner_0001.jpg,0,scored,-0.3047347664833069,0.40350908041000366,0,1
2962,4,Laura_Ziskin/Laura_Ziskin_0001.jpg,Robert_Gordon_Card/Robert_Gordon_Card_0001.jpg,0,scored,-0.08530891686677933,0.40350908041000366,0,1
2963,4,LeRoy_Millette_Jr/LeRoy_Millette_Jr_0001.jpg,Leuris_Pupo/Leuris_Pupo_0001.jpg,0,scored,0.11904837936162949,0.40350908041000366,0,1
2964,4,Lee_Chang-dong/Lee_Chang-dong_0001.jpg,Phil_Bredesen/Phil_Bredesen_0001.jpg,0,scored,0.029568124562501907,0.40350908041000366,0,1
2965,4,Liliana_Cavani/Liliana_Cavani_0001.jpg,Richard_Pennington/Richard_Pennington_0001.jpg,0,scored,-0.20179495215415955,0.40350908041000366,0,1
2966,4,Lindsay_Lohan/Lindsay_Lohan_0001.jpg,Mireya_Elisa_Moscoso_Rodriguez/Mireya_Elisa_Moscoso_Rodriguez_0001.jpg,0,scored,-0.1439165323972702,0.40350908041000366,0,1
2967,4,Lloyd_Ward/Lloyd_Ward_0002.jpg,Tina_Andrews/Tina_Andrews_0001.jpg,0,scored,0.1193295493721962,0.40350908041000366,0,1
2968,4,Mark_Heller/Mark_Heller_0001.jpg,Nicolas_Kiefer/Nicolas_Kiefer_0001.jpg,0,scored,0.09888823330402374,0.40350908041000366,0,1
2969,4,Mark_Heller/Mark_Heller_0001.jpg,Parris_Glendening/Parris_Glendening_0001.jpg,0,scored,-0.12322283536195755,0.40350908041000366,0,1
2970,4,Mark_Heller/Mark_Heller_0001.jpg,Peter_Hillary/Peter_Hillary_0002.jpg,0,scored,-0.16151736676692963,0.40350908041000366,0,1
2971,4,Martin_Gecht/Martin_Gecht_0001.jpg,Peter_Hillary/Peter_Hillary_0001.jpg,0,scored,-0.22907906770706177,0.40350908041000366,0,1
2972,4,Mary_Elizabeth_Mastrantonio/Mary_Elizabeth_Mastrantonio_0001.jpg,Vaclav_Klaus/Vaclav_Klaus_0001.jpg,0,scored,-0.0491083562374115,0.40350908041000366,0,1
2973,4,Michael_Arif/Michael_Arif_0001.jpg,Sean_Patrick_OMalley/Sean_Patrick_OMalley_0003.jpg,0,scored,0.2095509022474289,0.40350908041000366,0,1
2974,4,Michael_Linscott/Michael_Linscott_0001.jpg,Tom_Brady/Tom_Brady_0002.jpg,0,scored,0.21270249783992767,0.40350908041000366,0,1
2975,4,Mick_Jagger/Mick_Jagger_0003.jpg,Oracene_Williams/Oracene_Williams_0001.jpg,0,scored,0.037061091512441635,0.40350908041000366,0,1
2976,4,Mo_Elleithee/Mo_Elleithee_0001.jpg,Tanya_Holyk/Tanya_Holyk_0001.jpg,0,scored,0.12976808845996857,0.40350908041000366,0,1
2977,4,Mohammed_Ashraf_Hafiz/Mohammed_Ashraf_Hafiz_0001.jpg,Rod_Bryden/Rod_Bryden_0001.jpg,0,scored,-0.03186577185988426,0.40350908041000366,0,1
2978,4,Mukhtar_Alytnbayev/Mukhtar_Alytnbayev_0001.jpg,Oracene_Williams/Oracene_Williams_0001.jpg,0,scored,-0.08503183722496033,0.40350908041000366,0,1
2979,4,Patricia_Garone/Patricia_Garone_0001.jpg,Sean_Patrick_OMalley/Sean_Patrick_OMalley_0002.jpg,0,scored,0.15043814480304718,0.40350908041000366,0,1
2980,4,Patricia_Hearst/Patricia_Hearst_0001.jpg,Scott_Dickson/Scott_Dickson_0001.jpg,0,scored,0.026024846360087395,0.40350908041000366,0,1
2981,4,Patty_Duke/Patty_Duke_0001.jpg,Simon_Chalk/Simon_Chalk_0001.jpg,0,scored,0.07958513498306274,0.40350908041000366,0,1
2982,4,Paul_Bettany/Paul_Bettany_0001.jpg,Ulrich_Kueperkoch/Ulrich_Kueperkoch_0001.jpg,0,scored,0.18541377782821655,0.40350908041000366,0,1
2983,4,Paul_Gascoigne/Paul_Gascoigne_0003.jpg,Tian_Liang/Tian_Liang_0001.jpg,0,scored,0.09014010429382324,0.40350908041000366,0,1
2984,4,Paul_Greengrass/Paul_Greengrass_0001.jpg,Tim_Pawlenty/Tim_Pawlenty_0001.jpg,0,scored,0.3311421275138855,0.40350908041000366,0,1
2985,4,Perry_Compton/Perry_Compton_0001.jpg,William_Shatner/William_Shatner_0001.jpg,0,scored,-0.012266762554645538,0.40350908041000366,0,1
2986,4,Peter_Camejo/Peter_Camejo_0001.jpg,Ruth_Christofferson/Ruth_Christofferson_0001.jpg,0,scored,0.08905363082885742,0.40350908041000366,0,1
2987,4,Porter_Goss/Porter_Goss_0001.jpg,Tara_Kirk/Tara_Kirk_0001.jpg,0,scored,-0.00986459106206894,0.40350908041000366,0,1
2988,4,Rand_Miller/Rand_Miller_0001.jpg,Robert_Nillson/Robert_Nillson_0001.jpg,0,scored,-0.2613603174686432,0.40350908041000366,0,1
2989,4,Rich_Brooks/Rich_Brooks_0001.jpg,Sharess_Harrell/Sharess_Harrell_0001.jpg,0,scored,-0.06346229463815689,0.40350908041000366,0,1
2990,4,Richard_Pennington/Richard_Pennington_0001.jpg,Robby_Ginepri/Robby_Ginepri_0002.jpg,0,scored,-0.24144209921360016,0.40350908041000366,0,1
2991,4,Robert_Gordon_Card/Robert_Gordon_Card_0001.jpg,William_Shatner/William_Shatner_0001.jpg,0,scored,0.2958834767341614,0.40350908041000366,0,1
2992,4,Robert_Kipkoech_Cheruiyot/Robert_Kipkoech_Cheruiyot_0001.jpg,Sally_Kirkland/Sally_Kirkland_0003.jpg,0,scored,0.07688836753368378,0.40350908041000366,0,1
2993,4,Robert_Kipkoech_Cheruiyot/Robert_Kipkoech_Cheruiyot_0001.jpg,Steve_Park/Steve_Park_0001.jpg,0,scored,-0.14021532237529755,0.40350908041000366,0,1
2994,4,Russell_Coutts/Russell_Coutts_0001.jpg,Tian_Liang/Tian_Liang_0001.jpg,0,scored,-0.11027773469686508,0.40350908041000366,0,1
2995,4,Sandra_Milo/Sandra_Milo_0001.jpg,Satnarine_Sharma/Satnarine_Sharma_0001.jpg,0,scored,0.1329287439584732,0.40350908041000366,0,1
2996,4,Steve_Nesbitt/Steve_Nesbitt_0001.jpg,Win_Aung/Win_Aung_0004.jpg,0,scored,0.2946491539478302,0.40350908041000366,0,1
2997,4,Sylvester_Stallone/Sylvester_Stallone_0007.jpg,TJ_Ford/TJ_Ford_0001.jpg,0,scored,-0.15489424765110016,0.40350908041000366,0,1
2998,4,Sylvie_Guillem/Sylvie_Guillem_0001.jpg,Vadim_Devyatovskiy/Vadim_Devyatovskiy_0001.jpg,0,scored,-0.15167760848999023,0.40350908041000366,0,1
2999,4,Tara_Kirk/Tara_Kirk_0001.jpg,Win_Aung/Win_Aung_0001.jpg,0,scored,0.2580305337905884,0.40350908041000366,0,1
3000,5,Aaron_Peirsol/Aaron_Peirsol_0001.jpg,Aaron_Peirsol/Aaron_Peirsol_0004.jpg,1,scored,0.5173290371894836,0.40350908041000366,1,1
3001,5,Aaron_Peirsol/Aaron_Peirsol_0003.jpg,Aaron_Peirsol/Aaron_Peirsol_0004.jpg,1,scored,0.6792358756065369,0.40350908041000366,1,1
3002,5,Adrian_Nastase/Adrian_Nastase_0001.jpg,Adrian_Nastase/Adrian_Nastase_0002.jpg,1,scored,0.7591570615768433,0.40350908041000366,1,1
3003,5,Ahmed_Chalabi/Ahmed_Chalabi_0001.jpg,Ahmed_Chalabi/Ahmed_Chalabi_0003.jpg,1,scored,0.767992377281189,0.40350908041000366,1,1
3004,5,Ahmed_Chalabi/Ahmed_Chalabi_0001.jpg,Ahmed_Chalabi/Ahmed_Chalabi_0005.jpg,1,scored,0.8715096712112427,0.40350908041000366,1,1
3005,5,Albrecht_Mentz/Albrecht_Mentz_0001.jpg,Albrecht_Mentz/Albrecht_Mentz_0002.jpg,1,scored,0.9112878441810608,0.40350908041000366,1,1
3006,5,Alejandro_Toledo/Alejandro_Toledo_0020.jpg,Alejandro_Toledo/Alejandro_Toledo_0036.jpg,1,scored,0.7769333124160767,0.40350908041000366,1,1
3007,5,Alejandro_Toledo/Alejandro_Toledo_0021.jpg,Alejandro_Toledo/Alejandro_Toledo_0024.jpg,1,scored,0.8329369425773621,0.40350908041000366,1,1
3008,5,Alejandro_Toledo/Alejandro_Toledo_0021.jpg,Alejandro_Toledo/Alejandro_Toledo_0030.jpg,1,scored,0.8031952381134033,0.40350908041000366,1,1
3009,5,Alejandro_Toledo/Alejandro_Toledo_0023.jpg,Alejandro_Toledo/Alejandro_Toledo_0027.jpg,1,scored,0.7980559468269348,0.40350908041000366,1,1
3010,5,Alejandro_Toledo/Alejandro_Toledo_0026.jpg,Alejandro_Toledo/Alejandro_Toledo_0029.jpg,1,scored,0.7205758690834045,0.40350908041000366,1,1
3011,5,Alexander_Losyukov/Alexander_Losyukov_0001.jpg,Alexander_Losyukov/Alexander_Losyukov_0003.jpg,1,scored,0.5760571956634521,0.40350908041000366,1,1
3012,5,Alexander_Losyukov/Alexander_Losyukov_0002.jpg,Alexander_Losyukov/Alexander_Losyukov_0003.jpg,1,scored,0.5664830207824707,0.40350908041000366,1,1
3013,5,Alexander_Losyukov/Alexander_Losyukov_0002.jpg,Alexander_Losyukov/Alexander_Losyukov_0004.jpg,1,scored,0.6536967754364014,0.40350908041000366,1,1
3014,5,Alimzhan_Tokhtakhounov/Alimzhan_Tokhtakhounov_0001.jpg,Alimzhan_Tokhtakhounov/Alimzhan_Tokhtakhounov_0002.jpg,1,scored,0.9094996452331543,0.40350908041000366,1,1
3015,5,Amelie_Mauresmo/Amelie_Mauresmo_0007.jpg,Amelie_Mauresmo/Amelie_Mauresmo_0014.jpg,1,scored,0.7889083623886108,0.40350908041000366,1,1
3016,5,Amelie_Mauresmo/Amelie_Mauresmo_0011.jpg,Amelie_Mauresmo/Amelie_Mauresmo_0017.jpg,1,scored,0.7688623666763306,0.40350908041000366,1,1
3017,5,Amelie_Mauresmo/Amelie_Mauresmo_0014.jpg,Amelie_Mauresmo/Amelie_Mauresmo_0017.jpg,1,scored,0.7698109149932861,0.40350908041000366,1,1
3018,5,Angelo_Reyes/Angelo_Reyes_0001.jpg,Angelo_Reyes/Angelo_Reyes_0002.jpg,1,scored,0.854449987411499,0.40350908041000366,1,1
3019,5,Angelo_Reyes/Angelo_Reyes_0001.jpg,Angelo_Reyes/Angelo_Reyes_0003.jpg,1,scored,0.8609693050384521,0.40350908041000366,1,1
3020,5,Begum_Khaleda_Zia/Begum_Khaleda_Zia_0001.jpg,Begum_Khaleda_Zia/Begum_Khaleda_Zia_0002.jpg,1,scored,0.5427621603012085,0.40350908041000366,1,1
3021,5,Ben_Curtis/Ben_Curtis_0001.jpg,Ben_Curtis/Ben_Curtis_0002.jpg,1,scored,0.7834621667861938,0.40350908041000366,1,1
3022,5,Bijan_Namdar_Zangeneh/Bijan_Namdar_Zangeneh_0001.jpg,Bijan_Namdar_Zangeneh/Bijan_Namdar_Zangeneh_0002.jpg,1,scored,0.8905420303344727,0.40350908041000366,1,1
3023,5,Bill_Paxton/Bill_Paxton_0001.jpg,Bill_Paxton/Bill_Paxton_0002.jpg,1,scored,0.6486964225769043,0.40350908041000366,1,1
3024,5,Bill_Paxton/Bill_Paxton_0001.jpg,Bill_Paxton/Bill_Paxton_0003.jpg,1,scored,0.7311806678771973,0.40350908041000366,1,1
3025,5,Bill_Paxton/Bill_Paxton_0002.jpg,Bill_Paxton/Bill_Paxton_0004.jpg,1,scored,0.5470362305641174,0.40350908041000366,1,1
3026,5,Bill_Paxton/Bill_Paxton_0003.jpg,Bill_Paxton/Bill_Paxton_0004.jpg,1,scored,0.7895998954772949,0.40350908041000366,1,1
3027,5,Billy_Crystal/Billy_Crystal_0001.jpg,Billy_Crystal/Billy_Crystal_0002.jpg,1,scored,0.561872124671936,0.40350908041000366,1,1
3028,5,Billy_Crystal/Billy_Crystal_0001.jpg,Billy_Crystal/Billy_Crystal_0003.jpg,1,scored,0.5668802261352539,0.40350908041000366,1,1
3029,5,Billy_Crystal/Billy_Crystal_0001.jpg,Billy_Crystal/Billy_Crystal_0005.jpg,1,scored,0.8166795969009399,0.40350908041000366,1,1
3030,5,Billy_Crystal/Billy_Crystal_0003.jpg,Billy_Crystal/Billy_Crystal_0005.jpg,1,scored,0.5413138270378113,0.40350908041000366,1,1
3031,5,Billy_Graham/Billy_Graham_0001.jpg,Billy_Graham/Billy_Graham_0002.jpg,1,scored,0.7294900417327881,0.40350908041000366,1,1
3032,5,Bob_Colvin/Bob_Colvin_0001.jpg,Bob_Colvin/Bob_Colvin_0002.jpg,1,scored,0.9266929030418396,0.40350908041000366,1,1
3033,5,Brian_Cowen/Brian_Cowen_0001.jpg,Brian_Cowen/Brian_Cowen_0002.jpg,1,scored,0.8890839219093323,0.40350908041000366,1,1
3034,5,Butch_Davis/Butch_Davis_0001.jpg,Butch_Davis/Butch_Davis_0002.jpg,1,scored,0.8131886720657349,0.40350908041000366,1,1
3035,5,Byron_Scott/Byron_Scott_0001.jpg,Byron_Scott/Byron_Scott_0002.jpg,1,scored,0.7709294557571411,0.40350908041000366,1,1
3036,5,Carol_Burnett/Carol_Burnett_0001.jpg,Carol_Burnett/Carol_Burnett_0002.jpg,1,scored,0.836655855178833,0.40350908041000366,1,1
3037,5,Charles_Mathews/Charles_Mathews_0001.jpg,Charles_Mathews/Charles_Mathews_0002.jpg,1,scored,0.8384743928909302,0.40350908041000366,1,1
3038,5,Christine_Ebersole/Christine_Ebersole_0001.jpg,Christine_Ebersole/Christine_Ebersole_0002.jpg,1,scored,0.8199543952941895,0.40350908041000366,1,1
3039,5,Claudia_Schiffer/Claudia_Schiffer_0001.jpg,Claudia_Schiffer/Claudia_Schiffer_0002.jpg,1,scored,0.7842986583709717,0.40350908041000366,1,1
3040,5,Condoleezza_Rice/Condoleezza_Rice_0001.jpg,Condoleezza_Rice/Condoleezza_Rice_0004.jpg,1,scored,0.8237665891647339,0.40350908041000366,1,1
3041,5,Condoleezza_Rice/Condoleezza_Rice_0002.jpg,Condoleezza_Rice/Condoleezza_Rice_0010.jpg,1,scored,0.8589254021644592,0.40350908041000366,1,1
3042,5,Condoleezza_Rice/Condoleezza_Rice_0004.jpg,Condoleezza_Rice/Condoleezza_Rice_0005.jpg,1,scored,0.9418999552726746,0.40350908041000366,1,1
3043,5,Condoleezza_Rice/Condoleezza_Rice_0008.jpg,Condoleezza_Rice/Condoleezza_Rice_0009.jpg,1,scored,0.8456786870956421,0.40350908041000366,1,1
3044,5,Condoleezza_Rice/Condoleezza_Rice_0009.jpg,Condoleezza_Rice/Condoleezza_Rice_0010.jpg,1,scored,0.8666773438453674,0.40350908041000366,1,1
3045,5,Costas_Simitis/Costas_Simitis_0001.jpg,Costas_Simitis/Costas_Simitis_0004.jpg,1,scored,0.7800741195678711,0.40350908041000366,1,1
3046,5,Costas_Simitis/Costas_Simitis_0001.jpg,Costas_Simitis/Costas_Simitis_0005.jpg,1,scored,0.7552999258041382,0.40350908041000366,1,1
3047,5,Costas_Simitis/Costas_Simitis_0003.jpg,Costas_Simitis/Costas_Simitis_0005.jpg,1,scored,0.7004669904708862,0.40350908041000366,1,1
3048,5,Costas_Simitis/Costas_Simitis_0004.jpg,Costas_Simitis/Costas_Simitis_0006.jpg,1,scored,0.8043558597564697,0.40350908041000366,1,1
3049,5,Cristina_Saralegui/Cristina_Saralegui_0001.jpg,Cristina_Saralegui/Cristina_Saralegui_0002.jpg,1,scored,0.8732443451881409,0.40350908041000366,1,1
3050,5,Cruz_Bustamante/Cruz_Bustamante_0001.jpg,Cruz_Bustamante/Cruz_Bustamante_0004.jpg,1,scored,0.9246481657028198,0.40350908041000366,1,1
3051,5,Cruz_Bustamante/Cruz_Bustamante_0003.jpg,Cruz_Bustamante/Cruz_Bustamante_0005.jpg,1,scored,0.8681990504264832,0.40350908041000366,1,1
3052,5,David_Heymann/David_Heymann_0003.jpg,David_Heymann/David_Heymann_0005.jpg,1,scored,0.8376882672309875,0.40350908041000366,1,1
3053,5,Diana_Krall/Diana_Krall_0001.jpg,Diana_Krall/Diana_Krall_0006.jpg,1,scored,0.830719530582428,0.40350908041000366,1,1
3054,5,Diana_Krall/Diana_Krall_0003.jpg,Diana_Krall/Diana_Krall_0004.jpg,1,scored,0.7017064094543457,0.40350908041000366,1,1
3055,5,Diana_Munz/Diana_Munz_0001.jpg,Diana_Munz/Diana_Munz_0003.jpg,1,scored,0.8085187673568726,0.40350908041000366,1,1
3056,5,Diana_Munz/Diana_Munz_0002.jpg,Diana_Munz/Diana_Munz_0003.jpg,1,scored,0.8546792268753052,0.40350908041000366,1,1
3057,5,Dominique_de_Villepin/Dominique_de_Villepin_0002.jpg,Dominique_de_Villepin/Dominique_de_Villepin_0013.jpg,1,scored,0.36708512902259827,0.40350908041000366,0,0
3058,5,Dominique_de_Villepin/Dominique_de_Villepin_0003.jpg,Dominique_de_Villepin/Dominique_de_Villepin_0008.jpg,1,scored,0.6688162088394165,0.40350908041000366,1,1
3059,5,Dominique_de_Villepin/Dominique_de_Villepin_0003.jpg,Dominique_de_Villepin/Dominique_de_Villepin_0010.jpg,1,scored,0.685745358467102,0.40350908041000366,1,1
3060,5,Dominique_de_Villepin/Dominique_de_Villepin_0007.jpg,Dominique_de_Villepin/Dominique_de_Villepin_0011.jpg,1,scored,0.7207802534103394,0.40350908041000366,1,1
3061,5,Dominique_de_Villepin/Dominique_de_Villepin_0010.jpg,Dominique_de_Villepin/Dominique_de_Villepin_0014.jpg,1,scored,0.758866548538208,0.40350908041000366,1,1
3062,5,Dominique_de_Villepin/Dominique_de_Villepin_0011.jpg,Dominique_de_Villepin/Dominique_de_Villepin_0012.jpg,1,scored,0.6747215986251831,0.40350908041000366,1,1
3063,5,Don_Siegelman/Don_Siegelman_0001.jpg,Don_Siegelman/Don_Siegelman_0003.jpg,1,scored,0.6290335655212402,0.40350908041000366,1,1
3064,5,Don_Siegelman/Don_Siegelman_0002.jpg,Don_Siegelman/Don_Siegelman_0004.jpg,1,scored,0.6847420930862427,0.40350908041000366,1,1
3065,5,Donald_Pettit/Donald_Pettit_0001.jpg,Donald_Pettit/Donald_Pettit_0002.jpg,1,scored,0.5592200756072998,0.40350908041000366,1,1
3066,5,Donald_Pettit/Donald_Pettit_0001.jpg,Donald_Pettit/Donald_Pettit_0003.jpg,1,scored,0.7427123785018921,0.40350908041000366,1,1
3067,5,Donald_Pettit/Donald_Pettit_0002.jpg,Donald_Pettit/Donald_Pettit_0003.jpg,1,scored,0.7083832025527954,0.40350908041000366,1,1
3068,5,Doug_Collins/Doug_Collins_0001.jpg,Doug_Collins/Doug_Collins_0002.jpg,1,scored,0.7399336099624634,0.40350908041000366,1,1
3069,5,Edward_James_Olmos/Edward_James_Olmos_0001.jpg,Edward_James_Olmos/Edward_James_Olmos_0002.jpg,1,scored,0.7572954893112183,0.40350908041000366,1,1
3070,5,Elin_Nordegren/Elin_Nordegren_0001.jpg,Elin_Nordegren/Elin_Nordegren_0002.jpg,1,scored,0.7048516273498535,0.40350908041000366,1,1
3071,5,Elizabeth_Taylor/Elizabeth_Taylor_0001.jpg,Elizabeth_Taylor/Elizabeth_Taylor_0002.jpg,1,scored,0.6933848857879639,0.40350908041000366,1,1
3072,5,Ellen_DeGeneres/Ellen_DeGeneres_0001.jpg,Ellen_DeGeneres/Ellen_DeGeneres_0002.jpg,1,scored,0.7649329304695129,0.40350908041000366,1,1
3073,5,Elton_John/Elton_John_0001.jpg,Elton_John/Elton_John_0004.jpg,1,scored,0.7017708420753479,0.40350908041000366,1,1
3074,5,Elton_John/Elton_John_0002.jpg,Elton_John/Elton_John_0003.jpg,1,scored,0.69456946849823,0.40350908041000366,1,1
3075,5,Elton_John/Elton_John_0003.jpg,Elton_John/Elton_John_0006.jpg,1,scored,0.7651423215866089,0.40350908041000366,1,1
3076,5,Elton_John/Elton_John_0005.jpg,Elton_John/Elton_John_0006.jpg,1,scored,0.7282191514968872,0.40350908041000366,1,1
3077,5,Elton_John/Elton_John_0005.jpg,Elton_John/Elton_John_0007.jpg,1,scored,0.5902642011642456,0.40350908041000366,1,1
3078,5,Emma_Watson/Emma_Watson_0002.jpg,Emma_Watson/Emma_Watson_0003.jpg,1,scored,0.8927757740020752,0.40350908041000366,1,1
3079,5,Emma_Watson/Emma_Watson_0003.jpg,Emma_Watson/Emma_Watson_0004.jpg,1,scored,0.9126012325286865,0.40350908041000366,1,1
3080,5,Emma_Watson/Emma_Watson_0003.jpg,Emma_Watson/Emma_Watson_0005.jpg,1,scored,0.9067946672439575,0.40350908041000366,1,1
3081,5,Fabrice_Santoro/Fabrice_Santoro_0001.jpg,Fabrice_Santoro/Fabrice_Santoro_0003.jpg,1,scored,0.54018235206604,0.40350908041000366,1,1
3082,5,Fabrice_Santoro/Fabrice_Santoro_0002.jpg,Fabrice_Santoro/Fabrice_Santoro_0003.jpg,1,scored,0.5661413669586182,0.40350908041000366,1,1
3083,5,Flavia_Delaroli/Flavia_Delaroli_0001.jpg,Flavia_Delaroli/Flavia_Delaroli_0002.jpg,1,scored,0.6644553542137146,0.40350908041000366,1,1
3084,5,George_Lopez/George_Lopez_0001.jpg,George_Lopez/George_Lopez_0004.jpg,1,scored,0.7344576120376587,0.40350908041000366,1,1
3085,5,George_Lopez/George_Lopez_0002.jpg,George_Lopez/George_Lopez_0004.jpg,1,scored,0.7436643838882446,0.40350908041000366,1,1
3086,5,George_Lopez/George_Lopez_0002.jpg,George_Lopez/George_Lopez_0005.jpg,1,scored,0.791405200958252,0.40350908041000366,1,1
3087,5,George_Lopez/George_Lopez_0004.jpg,George_Lopez/George_Lopez_0005.jpg,1,scored,0.8528966903686523,0.40350908041000366,1,1
3088,5,Gerard_Depardieu/Gerard_Depardieu_0001.jpg,Gerard_Depardieu/Gerard_Depardieu_0002.jpg,1,scored,0.9194272756576538,0.40350908041000366,1,1
3089,5,Gerhard_Schroeder/Gerhard_Schroeder_0005.jpg,Gerhard_Schroeder/Gerhard_Schroeder_0043.jpg,1,scored,0.8014693260192871,0.40350908041000366,1,1
3090,5,Gerhard_Schroeder/Gerhard_Schroeder_0017.jpg,Gerhard_Schroeder/Gerhard_Schroeder_0025.jpg,1,scored,0.8461294174194336,0.40350908041000366,1,1
3091,5,Gerhard_Schroeder/Gerhard_Schroeder_0027.jpg,Gerhard_Schroeder/Gerhard_Schroeder_0032.jpg,1,scored,0.7390517592430115,0.40350908041000366,1,1
3092,5,Gerhard_Schroeder/Gerhard_Schroeder_0045.jpg,Gerhard_Schroeder/Gerhard_Schroeder_0067.jpg,1,scored,0.8559222221374512,0.40350908041000366,1,1
3093,5,Gerhard_Schroeder/Gerhard_Schroeder_0066.jpg,Gerhard_Schroeder/Gerhard_Schroeder_0100.jpg,1,scored,0.7619938850402832,0.40350908041000366,1,1
3094,5,Gilberto_Rodriguez_Orejuela/Gilberto_Rodriguez_Orejuela_0001.jpg,Gilberto_Rodriguez_Orejuela/Gilberto_Rodriguez_Orejuela_0003.jpg,1,scored,0.7583941221237183,0.40350908041000366,1,1
3095,5,Gilberto_Rodriguez_Orejuela/Gilberto_Rodriguez_Orejuela_0002.jpg,Gilberto_Rodriguez_Orejuela/Gilberto_Rodriguez_Orejuela_0003.jpg,1,scored,0.889734148979187,0.40350908041000366,1,1
3096,5,Gilberto_Rodriguez_Orejuela/Gilberto_Rodriguez_Orejuela_0003.jpg,Gilberto_Rodriguez_Orejuela/Gilberto_Rodriguez_Orejuela_0004.jpg,1,scored,0.8081663250923157,0.40350908041000366,1,1
3097,5,Giuseppe_Gibilisco/Giuseppe_Gibilisco_0001.jpg,Giuseppe_Gibilisco/Giuseppe_Gibilisco_0003.jpg,1,scored,0.5375442504882812,0.40350908041000366,1,1
3098,5,Giuseppe_Gibilisco/Giuseppe_Gibilisco_0001.jpg,Giuseppe_Gibilisco/Giuseppe_Gibilisco_0004.jpg,1,scored,0.4587208032608032,0.40350908041000366,1,1
3099,5,Giuseppe_Gibilisco/Giuseppe_Gibilisco_0003.jpg,Giuseppe_Gibilisco/Giuseppe_Gibilisco_0004.jpg,1,scored,0.7425909638404846,0.40350908041000366,1,1
3100,5,Guillermo_Canas/Guillermo_Canas_0001.jpg,Guillermo_Canas/Guillermo_Canas_0002.jpg,1,scored,0.7570372819900513,0.40350908041000366,1,1
3101,5,Guillermo_Canas/Guillermo_Canas_0001.jpg,Guillermo_Canas/Guillermo_Canas_0003.jpg,1,scored,0.5991719365119934,0.40350908041000366,1,1
3102,5,Guillermo_Canas/Guillermo_Canas_0002.jpg,Guillermo_Canas/Guillermo_Canas_0004.jpg,1,scored,0.48493000864982605,0.40350908041000366,1,1
3103,5,Guillermo_Canas/Guillermo_Canas_0003.jpg,Guillermo_Canas/Guillermo_Canas_0004.jpg,1,scored,0.694659948348999,0.40350908041000366,1,1
3104,5,Hans_Blix/Hans_Blix_0007.jpg,Hans_Blix/Hans_Blix_0008.jpg,1,scored,0.6748068332672119,0.40350908041000366,1,1
3105,5,Hans_Blix/Hans_Blix_0007.jpg,Hans_Blix/Hans_Blix_0018.jpg,1,scored,0.6410794854164124,0.40350908041000366,1,1
3106,5,Hans_Blix/Hans_Blix_0007.jpg,Hans_Blix/Hans_Blix_0038.jpg,1,scored,0.7177366018295288,0.40350908041000366,1,1
3107,5,Hans_Blix/Hans_Blix_0008.jpg,Hans_Blix/Hans_Blix_0024.jpg,1,scored,0.7617884874343872,0.40350908041000366,1,1
3108,5,Hans_Blix/Hans_Blix_0009.jpg,Hans_Blix/Hans_Blix_0012.jpg,1,scored,0.7820041179656982,0.40350908041000366,1,1
3109,5,Hans_Blix/Hans_Blix_0026.jpg,Hans_Blix/Hans_Blix_0036.jpg,1,scored,0.5952204465866089,0.40350908041000366,1,1
3110,5,Hans_Blix/Hans_Blix_0027.jpg,Hans_Blix/Hans_Blix_0037.jpg,1,scored,0.7571588754653931,0.40350908041000366,1,1
3111,5,Hans_Blix/Hans_Blix_0031.jpg,Hans_Blix/Hans_Blix_0037.jpg,1,scored,0.7808590531349182,0.40350908041000366,1,1
3112,5,Heath_Ledger/Heath_Ledger_0001.jpg,Heath_Ledger/Heath_Ledger_0002.jpg,1,scored,0.6507618427276611,0.40350908041000366,1,1
3113,5,Heath_Ledger/Heath_Ledger_0001.jpg,Heath_Ledger/Heath_Ledger_0004.jpg,1,scored,0.7089632749557495,0.40350908041000366,1,1
3114,5,Heath_Ledger/Heath_Ledger_0002.jpg,Heath_Ledger/Heath_Ledger_0003.jpg,1,scored,0.6270458102226257,0.40350908041000366,1,1
3115,5,Heath_Ledger/Heath_Ledger_0002.jpg,Heath_Ledger/Heath_Ledger_0004.jpg,1,scored,0.6792967319488525,0.40350908041000366,1,1
3116,5,Herta_Daeubler-Gmelin/Herta_Daeubler-Gmelin_0001.jpg,Herta_Daeubler-Gmelin/Herta_Daeubler-Gmelin_0002.jpg,1,scored,0.8749340176582336,0.40350908041000366,1,1
3117,5,Hilary_Duff/Hilary_Duff_0001.jpg,Hilary_Duff/Hilary_Duff_0003.jpg,1,scored,0.8232747912406921,0.40350908041000366,1,1
3118,5,Hilary_Duff/Hilary_Duff_0002.jpg,Hilary_Duff/Hilary_Duff_0003.jpg,1,scored,0.5807903409004211,0.40350908041000366,1,1
3119,5,Hosni_Mubarak/Hosni_Mubarak_0006.jpg,Hosni_Mubarak/Hosni_Mubarak_0007.jpg,1,scored,0.7819370031356812,0.40350908041000366,1,1
3120,5,Hun_Sen/Hun_Sen_0001.jpg,Hun_Sen/Hun_Sen_0004.jpg,1,scored,0.7111520171165466,0.40350908041000366,1,1
3121,5,Hun_Sen/Hun_Sen_0002.jpg,Hun_Sen/Hun_Sen_0004.jpg,1,scored,0.7875635623931885,0.40350908041000366,1,1
3122,5,Iain_Duncan_Smith/Iain_Duncan_Smith_0001.jpg,Iain_Duncan_Smith/Iain_Duncan_Smith_0003.jpg,1,scored,0.8496920466423035,0.40350908041000366,1,1
3123,5,Iain_Duncan_Smith/Iain_Duncan_Smith_0002.jpg,Iain_Duncan_Smith/Iain_Duncan_Smith_0003.jpg,1,scored,0.8917165994644165,0.40350908041000366,1,1
3124,5,Iain_Duncan_Smith/Iain_Duncan_Smith_0002.jpg,Iain_Duncan_Smith/Iain_Duncan_Smith_0004.jpg,1,scored,0.8227238655090332,0.40350908041000366,1,1
3125,5,Iain_Duncan_Smith/Iain_Duncan_Smith_0003.jpg,Iain_Duncan_Smith/Iain_Duncan_Smith_0004.jpg,1,scored,0.7742552161216736,0.40350908041000366,1,1
3126,5,Inocencio_Arias/Inocencio_Arias_0001.jpg,Inocencio_Arias/Inocencio_Arias_0002.jpg,1,scored,0.8086804151535034,0.40350908041000366,1,1
3127,5,JK_Rowling/JK_Rowling_0001.jpg,JK_Rowling/JK_Rowling_0002.jpg,1,scored,0.6344306468963623,0.40350908041000366,1,1
3128,5,JK_Rowling/JK_Rowling_0002.jpg,JK_Rowling/JK_Rowling_0003.jpg,1,scored,0.7947981953620911,0.40350908041000366,1,1
3129,5,JK_Rowling/JK_Rowling_0002.jpg,JK_Rowling/JK_Rowling_0004.jpg,1,scored,0.8270105719566345,0.40350908041000366,1,1
3130,5,JK_Rowling/JK_Rowling_0003.jpg,JK_Rowling/JK_Rowling_0005.jpg,1,scored,0.7592699527740479,0.40350908041000366,1,1
3131,5,Jackie_Chan/Jackie_Chan_0001.jpg,Jackie_Chan/Jackie_Chan_0003.jpg,1,scored,0.9094884395599365,0.40350908041000366,1,1
3132,5,Jackie_Chan/Jackie_Chan_0005.jpg,Jackie_Chan/Jackie_Chan_0008.jpg,1,scored,0.6298620700836182,0.40350908041000366,1,1
3133,5,Jane_Kaczmarek/Jane_Kaczmarek_0001.jpg,Jane_Kaczmarek/Jane_Kaczmarek_0002.jpg,1,scored,0.8880177736282349,0.40350908041000366,1,1
3134,5,Janet_Napolitano/Janet_Napolitano_0001.jpg,Janet_Napolitano/Janet_Napolitano_0002.jpg,1,scored,0.8202316761016846,0.40350908041000366,1,1
3135,5,Janet_Napolitano/Janet_Napolitano_0001.jpg,Janet_Napolitano/Janet_Napolitano_0004.jpg,1,scored,0.8210434913635254,0.40350908041000366,1,1
3136,5,Jay_Leno/Jay_Leno_0001.jpg,Jay_Leno/Jay_Leno_0003.jpg,1,scored,0.6069194078445435,0.40350908041000366,1,1
3137,5,Jay_Leno/Jay_Leno_0002.jpg,Jay_Leno/Jay_Leno_0003.jpg,1,scored,0.7018381357192993,0.40350908041000366,1,1
3138,5,Jean-David_Levitte/Jean-David_Levitte_0001.jpg,Jean-David_Levitte/Jean-David_Levitte_0002.jpg,1,scored,0.8590944409370422,0.40350908041000366,1,1
3139,5,Jean-David_Levitte/Jean-David_Levitte_0001.jpg,Jean-David_Levitte/Jean-David_Levitte_0004.jpg,1,scored,0.6065082550048828,0.40350908041000366,1,1
3140,5,Jean-David_Levitte/Jean-David_Levitte_0002.jpg,Jean-David_Levitte/Jean-David_Levitte_0005.jpg,1,scored,0.7879863977432251,0.40350908041000366,1,1
3141,5,Jean-David_Levitte/Jean-David_Levitte_0003.jpg,Jean-David_Levitte/Jean-David_Levitte_0004.jpg,1,scored,0.7217651605606079,0.40350908041000366,1,1
3142,5,Jean-David_Levitte/Jean-David_Levitte_0004.jpg,Jean-David_Levitte/Jean-David_Levitte_0009.jpg,1,scored,0.6776878237724304,0.40350908041000366,1,1
3143,5,Jeff_Van_Gundy/Jeff_Van_Gundy_0001.jpg,Jeff_Van_Gundy/Jeff_Van_Gundy_0002.jpg,1,scored,0.8023583292961121,0.40350908041000366,1,1
3144,5,Jeff_Van_Gundy/Jeff_Van_Gundy_0001.jpg,Jeff_Van_Gundy/Jeff_Van_Gundy_0003.jpg,1,scored,0.7202794551849365,0.40350908041000366,1,1
3145,5,Jeff_Van_Gundy/Jeff_Van_Gundy_0002.jpg,Jeff_Van_Gundy/Jeff_Van_Gundy_0003.jpg,1,scored,0.6988300085067749,0.40350908041000366,1,1
3146,5,Jim_Furyk/Jim_Furyk_0001.jpg,Jim_Furyk/Jim_Furyk_0006.jpg,1,scored,0.8323105573654175,0.40350908041000366,1,1
3147,5,Jim_Furyk/Jim_Furyk_0003.jpg,Jim_Furyk/Jim_Furyk_0006.jpg,1,scored,0.884820818901062,0.40350908041000366,1,1
3148,5,John_Garamendi/John_Garamendi_0001.jpg,John_Garamendi/John_Garamendi_0002.jpg,1,scored,0.7250972986221313,0.40350908041000366,1,1
3149,5,John_Rigas/John_Rigas_0001.jpg,John_Rigas/John_Rigas_0002.jpg,1,scored,0.8570970892906189,0.40350908041000366,1,1
3150,5,John_Warner/John_Warner_0001.jpg,John_Warner/John_Warner_0002.jpg,1,scored,0.6878094673156738,0.40350908041000366,1,1
3151,5,John_Warner/John_Warner_0001.jpg,John_Warner/John_Warner_0003.jpg,1,scored,0.6973678469657898,0.40350908041000366,1,1
3152,5,John_Warner/John_Warner_0002.jpg,John_Warner/John_Warner_0004.jpg,1,scored,0.7129251956939697,0.40350908041000366,1,1
3153,5,John_Warner/John_Warner_0003.jpg,John_Warner/John_Warner_0004.jpg,1,scored,0.8420436382293701,0.40350908041000366,1,1
3154,5,Julia_Tymoshenko/Julia_Tymoshenko_0001.jpg,Julia_Tymoshenko/Julia_Tymoshenko_0002.jpg,1,scored,0.49201130867004395,0.40350908041000366,1,1
3155,5,Julia_Tymoshenko/Julia_Tymoshenko_0001.jpg,Julia_Tymoshenko/Julia_Tymoshenko_0003.jpg,1,scored,0.39601683616638184,0.40350908041000366,0,0
3156,5,Julia_Tymoshenko/Julia_Tymoshenko_0002.jpg,Julia_Tymoshenko/Julia_Tymoshenko_0003.jpg,1,scored,0.635076642036438,0.40350908041000366,1,1
3157,5,Keith_Bogans/Keith_Bogans_0001.jpg,Keith_Bogans/Keith_Bogans_0003.jpg,1,scored,0.7009420394897461,0.40350908041000366,1,1
3158,5,Keith_Bogans/Keith_Bogans_0002.jpg,Keith_Bogans/Keith_Bogans_0003.jpg,1,scored,0.8248931169509888,0.40350908041000366,1,1
3159,5,Ken_Macha/Ken_Macha_0001.jpg,Ken_Macha/Ken_Macha_0003.jpg,1,scored,0.47997036576271057,0.40350908041000366,1,1
3160,5,Ken_Macha/Ken_Macha_0002.jpg,Ken_Macha/Ken_Macha_0003.jpg,1,scored,0.5071982145309448,0.40350908041000366,1,1
3161,5,Kenneth_Bowersox/Kenneth_Bowersox_0001.jpg,Kenneth_Bowersox/Kenneth_Bowersox_0002.jpg,1,scored,0.8653806447982788,0.40350908041000366,1,1
3162,5,Kenneth_Bowersox/Kenneth_Bowersox_0001.jpg,Kenneth_Bowersox/Kenneth_Bowersox_0003.jpg,1,scored,0.866404116153717,0.40350908041000366,1,1
3163,5,Kenneth_Bowersox/Kenneth_Bowersox_0002.jpg,Kenneth_Bowersox/Kenneth_Bowersox_0003.jpg,1,scored,0.8159984350204468,0.40350908041000366,1,1
3164,5,Kristanna_Loken/Kristanna_Loken_0001.jpg,Kristanna_Loken/Kristanna_Loken_0002.jpg,1,scored,0.7180576324462891,0.40350908041000366,1,1
3165,5,Kristanna_Loken/Kristanna_Loken_0003.jpg,Kristanna_Loken/Kristanna_Loken_0004.jpg,1,scored,0.4779072105884552,0.40350908041000366,1,1
3166,5,Kristanna_Loken/Kristanna_Loken_0004.jpg,Kristanna_Loken/Kristanna_Loken_0005.jpg,1,scored,0.7863730192184448,0.40350908041000366,1,1
3167,5,LK_Advani/LK_Advani_0001.jpg,LK_Advani/LK_Advani_0002.jpg,1,scored,0.7783844470977783,0.40350908041000366,1,1
3168,5,LK_Advani/LK_Advani_0001.jpg,LK_Advani/LK_Advani_0003.jpg,1,scored,0.8009127378463745,0.40350908041000366,1,1
3169,5,Lauren_Killian/Lauren_Killian_0001.jpg,Lauren_Killian/Lauren_Killian_0002.jpg,1,scored,0.7592564821243286,0.40350908041000366,1,1
3170,5,Lennox_Lewis/Lennox_Lewis_0001.jpg,Lennox_Lewis/Lennox_Lewis_0002.jpg,1,scored,0.7553170323371887,0.40350908041000366,1,1
3171,5,Lennox_Lewis/Lennox_Lewis_0001.jpg,Lennox_Lewis/Lennox_Lewis_0003.jpg,1,scored,0.7600795030593872,0.40350908041000366,1,1
3172,5,Lili_Taylor/Lili_Taylor_0001.jpg,Lili_Taylor/Lili_Taylor_0002.jpg,1,scored,0.7386409044265747,0.40350908041000366,1,1
3173,5,Lily_Tomlin/Lily_Tomlin_0001.jpg,Lily_Tomlin/Lily_Tomlin_0002.jpg,1,scored,0.5148088932037354,0.40350908041000366,1,1
3174,5,Lon_Kruger/Lon_Kruger_0001.jpg,Lon_Kruger/Lon_Kruger_0002.jpg,1,scored,0.814194917678833,0.40350908041000366,1,1
3175,5,Lynn_Abraham/Lynn_Abraham_0001.jpg,Lynn_Abraham/Lynn_Abraham_0002.jpg,1,scored,0.8459211587905884,0.40350908041000366,1,1
3176,5,Mahmoud_Abbas/Mahmoud_Abbas_0007.jpg,Mahmoud_Abbas/Mahmoud_Abbas_0011.jpg,1,scored,0.748392641544342,0.40350908041000366,1,1
3177,5,Mahmoud_Abbas/Mahmoud_Abbas_0015.jpg,Mahmoud_Abbas/Mahmoud_Abbas_0020.jpg,1,scored,0.8791809678077698,0.40350908041000366,1,1
3178,5,Mahmoud_Abbas/Mahmoud_Abbas_0022.jpg,Mahmoud_Abbas/Mahmoud_Abbas_0027.jpg,1,scored,0.8951694965362549,0.40350908041000366,1,1
3179,5,Mark_Richt/Mark_Richt_0001.jpg,Mark_Richt/Mark_Richt_0002.jpg,1,scored,0.5805496573448181,0.40350908041000366,1,1
3180,5,Mark_Richt/Mark_Richt_0001.jpg,Mark_Richt/Mark_Richt_0003.jpg,1,scored,0.7564612627029419,0.40350908041000366,1,1
3181,5,Mary-Kate_Olsen/Mary-Kate_Olsen_0001.jpg,Mary-Kate_Olsen/Mary-Kate_Olsen_0002.jpg,1,scored,0.8258740901947021,0.40350908041000366,1,1
3182,5,Mary-Kate_Olsen/Mary-Kate_Olsen_0002.jpg,Mary-Kate_Olsen/Mary-Kate_Olsen_0003.jpg,1,scored,0.6204191446304321,0.40350908041000366,1,1
3183,5,Matt_Dillon/Matt_Dillon_0001.jpg,Matt_Dillon/Matt_Dillon_0002.jpg,1,scored,0.6054893732070923,0.40350908041000366,1,1
3184,5,Max_Mayfield/Max_Mayfield_0001.jpg,Max_Mayfield/Max_Mayfield_0002.jpg,1,scored,0.8011265993118286,0.40350908041000366,1,1
3185,5,Megan_Mullally/Megan_Mullally_0001.jpg,Megan_Mullally/Megan_Mullally_0002.jpg,1,scored,0.4912119507789612,0.40350908041000366,1,1
3186,5,Megan_Mullally/Megan_Mullally_0001.jpg,Megan_Mullally/Megan_Mullally_0003.jpg,1,scored,0.28632521629333496,0.40350908041000366,0,0
3187,5,Michael_Caine/Michael_Caine_0001.jpg,Michael_Caine/Michael_Caine_0002.jpg,1,scored,0.7148662805557251,0.40350908041000366,1,1
3188,5,Michael_Caine/Michael_Caine_0001.jpg,Michael_Caine/Michael_Caine_0003.jpg,1,scored,0.7653660774230957,0.40350908041000366,1,1
3189,5,Michael_Caine/Michael_Caine_0003.jpg,Michael_Caine/Michael_Caine_0004.jpg,1,scored,0.7403141856193542,0.40350908041000366,1,1
3190,5,Michael_J_Sheehan/Michael_J_Sheehan_0001.jpg,Michael_J_Sheehan/Michael_J_Sheehan_0002.jpg,1,scored,0.8137452602386475,0.40350908041000366,1,1
3191,5,Michael_Keaton/Michael_Keaton_0001.jpg,Michael_Keaton/Michael_Keaton_0002.jpg,1,scored,0.769768238067627,0.40350908041000366,1,1
3192,5,Michael_Powell/Michael_Powell_0001.jpg,Michael_Powell/Michael_Powell_0002.jpg,1,scored,0.75834059715271,0.40350908041000366,1,1
3193,5,Michael_Powell/Michael_Powell_0001.jpg,Michael_Powell/Michael_Powell_0003.jpg,1,scored,0.6699663996696472,0.40350908041000366,1,1
3194,5,Michael_Powell/Michael_Powell_0001.jpg,Michael_Powell/Michael_Powell_0005.jpg,1,scored,0.8741526007652283,0.40350908041000366,1,1
3195,5,Michael_Powell/Michael_Powell_0002.jpg,Michael_Powell/Michael_Powell_0003.jpg,1,scored,0.8861807584762573,0.40350908041000366,1,1
3196,5,Michael_Powell/Michael_Powell_0002.jpg,Michael_Powell/Michael_Powell_0004.jpg,1,scored,0.9004176259040833,0.40350908041000366,1,1
3197,5,Michael_Powell/Michael_Powell_0002.jpg,Michael_Powell/Michael_Powell_0005.jpg,1,scored,0.7099753618240356,0.40350908041000366,1,1
3198,5,Michael_Powell/Michael_Powell_0004.jpg,Michael_Powell/Michael_Powell_0005.jpg,1,scored,0.6989677548408508,0.40350908041000366,1,1
3199,5,Miguel_Contreras/Miguel_Contreras_0001.jpg,Miguel_Contreras/Miguel_Contreras_0002.jpg,1,scored,0.7327264547348022,0.40350908041000366,1,1
3200,5,Mike_Weir/Mike_Weir_0001.jpg,Mike_Weir/Mike_Weir_0006.jpg,1,scored,0.6390620470046997,0.40350908041000366,1,1
3201,5,Mike_Weir/Mike_Weir_0003.jpg,Mike_Weir/Mike_Weir_0011.jpg,1,scored,0.5744551420211792,0.40350908041000366,1,1
3202,5,Mikhail_Kasyanov/Mikhail_Kasyanov_0001.jpg,Mikhail_Kasyanov/Mikhail_Kasyanov_0002.jpg,1,scored,0.8239781856536865,0.40350908041000366,1,1
3203,5,Mikhail_Kasyanov/Mikhail_Kasyanov_0001.jpg,Mikhail_Kasyanov/Mikhail_Kasyanov_0003.jpg,1,scored,0.7842004299163818,0.40350908041000366,1,1
3204,5,Mikhail_Kasyanov/Mikhail_Kasyanov_0003.jpg,Mikhail_Kasyanov/Mikhail_Kasyanov_0004.jpg,1,scored,0.9219319820404053,0.40350908041000366,1,1
3205,5,Mohammed_Baqir_al-Hakim/Mohammed_Baqir_al-Hakim_0001.jpg,Mohammed_Baqir_al-Hakim/Mohammed_Baqir_al-Hakim_0003.jpg,1,scored,0.9234361052513123,0.40350908041000366,1,1
3206,5,Monica_Lewinsky/Monica_Lewinsky_0001.jpg,Monica_Lewinsky/Monica_Lewinsky_0002.jpg,1,scored,0.6139337420463562,0.40350908041000366,1,1
3207,5,Monica_Lewinsky/Monica_Lewinsky_0001.jpg,Monica_Lewinsky/Monica_Lewinsky_0003.jpg,1,scored,0.5842695236206055,0.40350908041000366,1,1
3208,5,Monica_Lewinsky/Monica_Lewinsky_0002.jpg,Monica_Lewinsky/Monica_Lewinsky_0003.jpg,1,scored,0.7383270263671875,0.40350908041000366,1,1
3209,5,Nan_Wang/Nan_Wang_0001.jpg,Nan_Wang/Nan_Wang_0003.jpg,1,scored,0.8586077690124512,0.40350908041000366,1,1
3210,5,Nan_Wang/Nan_Wang_0002.jpg,Nan_Wang/Nan_Wang_0003.jpg,1,scored,0.6985641717910767,0.40350908041000366,1,1
3211,5,Nan_Wang/Nan_Wang_0003.jpg,Nan_Wang/Nan_Wang_0004.jpg,1,scored,0.8140894174575806,0.40350908041000366,1,1
3212,5,Nancy_Demme/Nancy_Demme_0001.jpg,Nancy_Demme/Nancy_Demme_0002.jpg,1,scored,0.7666792869567871,0.40350908041000366,1,1
3213,5,Nancy_Reagan/Nancy_Reagan_0001.jpg,Nancy_Reagan/Nancy_Reagan_0002.jpg,1,scored,0.7264748811721802,0.40350908041000366,1,1
3214,5,Naoto_Kan/Naoto_Kan_0001.jpg,Naoto_Kan/Naoto_Kan_0003.jpg,1,scored,0.977123498916626,0.40350908041000366,1,1
3215,5,Naoto_Kan/Naoto_Kan_0002.jpg,Naoto_Kan/Naoto_Kan_0003.jpg,1,scored,0.9632715582847595,0.40350908041000366,1,1
3216,5,Natasha_McElhone/Natasha_McElhone_0001.jpg,Natasha_McElhone/Natasha_McElhone_0002.jpg,1,scored,0.922533392906189,0.40350908041000366,1,1
3217,5,Natasha_McElhone/Natasha_McElhone_0001.jpg,Natasha_McElhone/Natasha_McElhone_0003.jpg,1,scored,0.9238523244857788,0.40350908041000366,1,1
3218,5,Neri_Marcore/Neri_Marcore_0001.jpg,Neri_Marcore/Neri_Marcore_0002.jpg,1,scored,0.8295283317565918,0.40350908041000366,1,1
3219,5,Nicholas_Tse/Nicholas_Tse_0001.jpg,Nicholas_Tse/Nicholas_Tse_0002.jpg,1,scored,0.6705293655395508,0.40350908041000366,1,1
3220,5,Nicolas_Escude/Nicolas_Escude_0001.jpg,Nicolas_Escude/Nicolas_Escude_0002.jpg,1,scored,0.7866078019142151,0.40350908041000366,1,1
3221,5,Noelle_Bush/Noelle_Bush_0001.jpg,Noelle_Bush/Noelle_Bush_0003.jpg,1,scored,0.8696699142456055,0.40350908041000366,1,1
3222,5,Noelle_Bush/Noelle_Bush_0001.jpg,Noelle_Bush/Noelle_Bush_0004.jpg,1,scored,0.7307441830635071,0.40350908041000366,1,1
3223,5,Noelle_Bush/Noelle_Bush_0002.jpg,Noelle_Bush/Noelle_Bush_0004.jpg,1,scored,0.788271963596344,0.40350908041000366,1,1
3224,5,Orrin_Hatch/Orrin_Hatch_0001.jpg,Orrin_Hatch/Orrin_Hatch_0002.jpg,1,scored,0.7987138628959656,0.40350908041000366,1,1
3225,5,Padraig_Harrington/Padraig_Harrington_0001.jpg,Padraig_Harrington/Padraig_Harrington_0003.jpg,1,scored,0.6530406475067139,0.40350908041000366,1,1
3226,5,Padraig_Harrington/Padraig_Harrington_0001.jpg,Padraig_Harrington/Padraig_Harrington_0004.jpg,1,scored,0.7227128148078918,0.40350908041000366,1,1
3227,5,Padraig_Harrington/Padraig_Harrington_0002.jpg,Padraig_Harrington/Padraig_Harrington_0004.jpg,1,scored,0.7765141129493713,0.40350908041000366,1,1
3228,5,Pedro_Almodovar/Pedro_Almodovar_0001.jpg,Pedro_Almodovar/Pedro_Almodovar_0002.jpg,1,scored,0.8509740829467773,0.40350908041000366,1,1
3229,5,Pedro_Almodovar/Pedro_Almodovar_0003.jpg,Pedro_Almodovar/Pedro_Almodovar_0005.jpg,1,scored,0.680799126625061,0.40350908041000366,1,1
3230,5,Pedro_Almodovar/Pedro_Almodovar_0005.jpg,Pedro_Almodovar/Pedro_Almodovar_0006.jpg,1,scored,0.9338153600692749,0.40350908041000366,1,1
3231,5,Penelope_Ann_Miller/Penelope_Ann_Miller_0001.jpg,Penelope_Ann_Miller/Penelope_Ann_Miller_0002.jpg,1,scored,0.8843963742256165,0.40350908041000366,1,1
3232,5,Peter_Arnett/Peter_Arnett_0001.jpg,Peter_Arnett/Peter_Arnett_0003.jpg,1,scored,0.7470577955245972,0.40350908041000366,1,1
3233,5,Peter_Arnett/Peter_Arnett_0002.jpg,Peter_Arnett/Peter_Arnett_0003.jpg,1,scored,0.7215206623077393,0.40350908041000366,1,1
3234,5,Petria_Thomas/Petria_Thomas_0001.jpg,Petria_Thomas/Petria_Thomas_0002.jpg,1,scored,0.8834607601165771,0.40350908041000366,1,1
3235,5,Petro_Symonenko/Petro_Symonenko_0001.jpg,Petro_Symonenko/Petro_Symonenko_0002.jpg,1,scored,0.7834429740905762,0.40350908041000366,1,1
3236,5,Prince_Charles/Prince_Charles_0001.jpg,Prince_Charles/Prince_Charles_0002.jpg,1,scored,0.8876370191574097,0.40350908041000366,1,1
3237,5,Prince_Charles/Prince_Charles_0003.jpg,Prince_Charles/Prince_Charles_0004.jpg,1,scored,0.7124137878417969,0.40350908041000366,1,1
3238,5,Prince_Charles/Prince_Charles_0003.jpg,Prince_Charles/Prince_Charles_0005.jpg,1,scored,0.6850497126579285,0.40350908041000366,1,1
3239,5,Raoul_Ruiz/Raoul_Ruiz_0001.jpg,Raoul_Ruiz/Raoul_Ruiz_0002.jpg,1,scored,0.8065354824066162,0.40350908041000366,1,1
3240,5,Raoul_Ruiz/Raoul_Ruiz_0002.jpg,Raoul_Ruiz/Raoul_Ruiz_0003.jpg,1,scored,0.7775551080703735,0.40350908041000366,1,1
3241,5,Raoul_Ruiz/Raoul_Ruiz_0002.jpg,Raoul_Ruiz/Raoul_Ruiz_0004.jpg,1,scored,0.8622357845306396,0.40350908041000366,1,1
3242,5,Raoul_Ruiz/Raoul_Ruiz_0003.jpg,Raoul_Ruiz/Raoul_Ruiz_0004.jpg,1,scored,0.8534688353538513,0.40350908041000366,1,1
3243,5,Ricky_Ponting/Ricky_Ponting_0001.jpg,Ricky_Ponting/Ricky_Ponting_0002.jpg,1,scored,0.807736873626709,0.40350908041000366,1,1
3244,5,Robert_Stack/Robert_Stack_0001.jpg,Robert_Stack/Robert_Stack_0002.jpg,1,scored,0.7336443066596985,0.40350908041000366,1,1
3245,5,Robin_Cook/Robin_Cook_0001.jpg,Robin_Cook/Robin_Cook_0002.jpg,1,scored,0.8582290410995483,0.40350908041000366,1,1
3246,5,Roger_Federer/Roger_Federer_0004.jpg,Roger_Federer/Roger_Federer_0005.jpg,1,scored,0.7259212732315063,0.40350908041000366,1,1
3247,5,Roger_Federer/Roger_Federer_0004.jpg,Roger_Federer/Roger_Federer_0007.jpg,1,scored,0.8315157890319824,0.40350908041000366,1,1
3248,5,Roger_Federer/Roger_Federer_0006.jpg,Roger_Federer/Roger_Federer_0007.jpg,1,scored,0.8732749223709106,0.40350908041000366,1,1
3249,5,Ronaldo_Luis_Nazario_de_Lima/Ronaldo_Luis_Nazario_de_Lima_0001.jpg,Ronaldo_Luis_Nazario_de_Lima/Ronaldo_Luis_Nazario_de_Lima_0004.jpg,1,scored,0.8795399069786072,0.40350908041000366,1,1
3250,5,Ronaldo_Luis_Nazario_de_Lima/Ronaldo_Luis_Nazario_de_Lima_0002.jpg,Ronaldo_Luis_Nazario_de_Lima/Ronaldo_Luis_Nazario_de_Lima_0003.jpg,1,scored,0.8736162185668945,0.40350908041000366,1,1
3251,5,Ronaldo_Luis_Nazario_de_Lima/Ronaldo_Luis_Nazario_de_Lima_0002.jpg,Ronaldo_Luis_Nazario_de_Lima/Ronaldo_Luis_Nazario_de_Lima_0004.jpg,1,scored,0.8402196168899536,0.40350908041000366,1,1
3252,5,Ronaldo_Luis_Nazario_de_Lima/Ronaldo_Luis_Nazario_de_Lima_0003.jpg,Ronaldo_Luis_Nazario_de_Lima/Ronaldo_Luis_Nazario_de_Lima_0004.jpg,1,scored,0.8331606388092041,0.40350908041000366,1,1
3253,5,Roy_Williams/Roy_Williams_0001.jpg,Roy_Williams/Roy_Williams_0003.jpg,1,scored,0.6080724000930786,0.40350908041000366,1,1
3254,5,Roy_Williams/Roy_Williams_0002.jpg,Roy_Williams/Roy_Williams_0004.jpg,1,scored,0.6695770025253296,0.40350908041000366,1,1
3255,5,Sally_Ride/Sally_Ride_0001.jpg,Sally_Ride/Sally_Ride_0002.jpg,1,scored,0.848345160484314,0.40350908041000366,1,1
3256,5,Scott_McNealy/Scott_McNealy_0001.jpg,Scott_McNealy/Scott_McNealy_0002.jpg,1,scored,0.8370283842086792,0.40350908041000366,1,1
3257,5,Scott_Peterson/Scott_Peterson_0001.jpg,Scott_Peterson/Scott_Peterson_0002.jpg,1,scored,0.6267855167388916,0.40350908041000366,1,1
3258,5,Scott_Peterson/Scott_Peterson_0001.jpg,Scott_Peterson/Scott_Peterson_0005.jpg,1,scored,0.784779965877533,0.40350908041000366,1,1
3259,5,Scott_Peterson/Scott_Peterson_0002.jpg,Scott_Peterson/Scott_Peterson_0005.jpg,1,scored,0.6963492631912231,0.40350908041000366,1,1
3260,5,Scott_Peterson/Scott_Peterson_0003.jpg,Scott_Peterson/Scott_Peterson_0004.jpg,1,scored,0.7244412302970886,0.40350908041000366,1,1
3261,5,Scott_Ritter/Scott_Ritter_0001.jpg,Scott_Ritter/Scott_Ritter_0002.jpg,1,scored,0.7952948212623596,0.40350908041000366,1,1
3262,5,Sean_OKeefe/Sean_OKeefe_0003.jpg,Sean_OKeefe/Sean_OKeefe_0004.jpg,1,scored,0.8555793762207031,0.40350908041000366,1,1
3263,5,Sean_Penn/Sean_Penn_0001.jpg,Sean_Penn/Sean_Penn_0002.jpg,1,scored,0.7952353954315186,0.40350908041000366,1,1
3264,5,Sean_Penn/Sean_Penn_0002.jpg,Sean_Penn/Sean_Penn_0003.jpg,1,scored,0.7766039371490479,0.40350908041000366,1,1
3265,5,Sebastien_Grosjean/Sebastien_Grosjean_0001.jpg,Sebastien_Grosjean/Sebastien_Grosjean_0002.jpg,1,scored,0.7083216905593872,0.40350908041000366,1,1
3266,5,Sebastien_Grosjean/Sebastien_Grosjean_0001.jpg,Sebastien_Grosjean/Sebastien_Grosjean_0004.jpg,1,scored,0.8226682543754578,0.40350908041000366,1,1
3267,5,Sharon_Stone/Sharon_Stone_0001.jpg,Sharon_Stone/Sharon_Stone_0002.jpg,1,scored,0.5712177753448486,0.40350908041000366,1,1
3268,5,Sharon_Stone/Sharon_Stone_0001.jpg,Sharon_Stone/Sharon_Stone_0003.jpg,1,scored,0.5724247694015503,0.40350908041000366,1,1
3269,5,Sharon_Stone/Sharon_Stone_0001.jpg,Sharon_Stone/Sharon_Stone_0004.jpg,1,scored,0.5219132304191589,0.40350908041000366,1,1
3270,5,Sharon_Stone/Sharon_Stone_0001.jpg,Sharon_Stone/Sharon_Stone_0005.jpg,1,scored,0.5708362460136414,0.40350908041000366,1,1
3271,5,Sharon_Stone/Sharon_Stone_0002.jpg,Sharon_Stone/Sharon_Stone_0004.jpg,1,scored,0.7158151865005493,0.40350908041000366,1,1
3272,5,Sonia_Gandhi/Sonia_Gandhi_0001.jpg,Sonia_Gandhi/Sonia_Gandhi_0003.jpg,1,scored,0.8341497182846069,0.40350908041000366,1,1
3273,5,Sonia_Gandhi/Sonia_Gandhi_0001.jpg,Sonia_Gandhi/Sonia_Gandhi_0004.jpg,1,scored,0.5896937251091003,0.40350908041000366,1,1
3274,5,Steve_Backley/Steve_Backley_0001.jpg,Steve_Backley/Steve_Backley_0002.jpg,1,scored,0.7668703198432922,0.40350908041000366,1,1
3275,5,Steven_Hatfill/Steven_Hatfill_0001.jpg,Steven_Hatfill/Steven_Hatfill_0002.jpg,1,scored,0.8148374557495117,0.40350908041000366,1,1
3276,5,Tassos_Papadopoulos/Tassos_Papadopoulos_0001.jpg,Tassos_Papadopoulos/Tassos_Papadopoulos_0003.jpg,1,scored,0.8137800693511963,0.40350908041000366,1,1
3277,5,Taufik_Hidayat/Taufik_Hidayat_0001.jpg,Taufik_Hidayat/Taufik_Hidayat_0002.jpg,1,scored,0.9169660210609436,0.40350908041000366,1,1
3278,5,Taufik_Hidayat/Taufik_Hidayat_0001.jpg,Taufik_Hidayat/Taufik_Hidayat_0003.jpg,1,scored,0.8335545063018799,0.40350908041000366,1,1
3279,5,Taufik_Hidayat/Taufik_Hidayat_0002.jpg,Taufik_Hidayat/Taufik_Hidayat_0003.jpg,1,scored,0.8436758518218994,0.40350908041000366,1,1
3280,5,Thomas_Malchow/Thomas_Malchow_0001.jpg,Thomas_Malchow/Thomas_Malchow_0002.jpg,1,scored,0.7869648933410645,0.40350908041000366,1,1
3281,5,Tom_Cruise/Tom_Cruise_0003.jpg,Tom_Cruise/Tom_Cruise_0005.jpg,1,scored,0.670433759689331,0.40350908041000366,1,1
3282,5,Tom_Cruise/Tom_Cruise_0004.jpg,Tom_Cruise/Tom_Cruise_0010.jpg,1,scored,0.6314436197280884,0.40350908041000366,1,1
3283,5,Tom_Cruise/Tom_Cruise_0006.jpg,Tom_Cruise/Tom_Cruise_0010.jpg,1,scored,0.8695501089096069,0.40350908041000366,1,1
3284,5,Toni_Braxton/Toni_Braxton_0001.jpg,Toni_Braxton/Toni_Braxton_0003.jpg,1,scored,0.7468330264091492,0.40350908041000366,1,1
3285,5,Wayne_Gretzky/Wayne_Gretzky_0001.jpg,Wayne_Gretzky/Wayne_Gretzky_0002.jpg,1,scored,0.773369550704956,0.40350908041000366,1,1
3286,5,Wayne_Gretzky/Wayne_Gretzky_0001.jpg,Wayne_Gretzky/Wayne_Gretzky_0004.jpg,1,scored,0.7669746279716492,0.40350908041000366,1,1
3287,5,William_Bulger/William_Bulger_0001.jpg,William_Bulger/William_Bulger_0003.jpg,1,scored,0.7939972877502441,0.40350908041000366,1,1
3288,5,William_Bulger/William_Bulger_0002.jpg,William_Bulger/William_Bulger_0004.jpg,1,scored,0.7501339912414551,0.40350908041000366,1,1
3289,5,Winona_Ryder/Winona_Ryder_0012.jpg,Winona_Ryder/Winona_Ryder_0013.jpg,1,scored,0.699260950088501,0.40350908041000366,1,1
3290,5,Winona_Ryder/Winona_Ryder_0012.jpg,Winona_Ryder/Winona_Ryder_0018.jpg,1,scored,0.7161777019500732,0.40350908041000366,1,1
3291,5,Winona_Ryder/Winona_Ryder_0012.jpg,Winona_Ryder/Winona_Ryder_0019.jpg,1,scored,0.688406229019165,0.40350908041000366,1,1
3292,5,Xanana_Gusmao/Xanana_Gusmao_0001.jpg,Xanana_Gusmao/Xanana_Gusmao_0004.jpg,1,scored,0.8175055980682373,0.40350908041000366,1,1
3293,5,Xanana_Gusmao/Xanana_Gusmao_0002.jpg,Xanana_Gusmao/Xanana_Gusmao_0003.jpg,1,scored,0.6567363739013672,0.40350908041000366,1,1
3294,5,Xanana_Gusmao/Xanana_Gusmao_0003.jpg,Xanana_Gusmao/Xanana_Gusmao_0005.jpg,1,scored,0.7116000652313232,0.40350908041000366,1,1
3295,5,Xanana_Gusmao/Xanana_Gusmao_0004.jpg,Xanana_Gusmao/Xanana_Gusmao_0005.jpg,1,scored,0.7378387451171875,0.40350908041000366,1,1
3296,5,Yann_Martel/Yann_Martel_0001.jpg,Yann_Martel/Yann_Martel_0002.jpg,1,scored,0.8523962497711182,0.40350908041000366,1,1
3297,5,Yashwant_Sinha/Yashwant_Sinha_0001.jpg,Yashwant_Sinha/Yashwant_Sinha_0003.jpg,1,scored,0.8160955309867859,0.40350908041000366,1,1
3298,5,Yashwant_Sinha/Yashwant_Sinha_0001.jpg,Yashwant_Sinha/Yashwant_Sinha_0005.jpg,1,scored,0.8494937419891357,0.40350908041000366,1,1
3299,5,Yashwant_Sinha/Yashwant_Sinha_0005.jpg,Yashwant_Sinha/Yashwant_Sinha_0007.jpg,1,scored,0.8036569356918335,0.40350908041000366,1,1
3300,5,Aaron_Guiel/Aaron_Guiel_0001.jpg,Pascal_Rheaume/Pascal_Rheaume_0001.jpg,0,scored,-0.396338552236557,0.40350908041000366,0,1
3301,5,Aaron_Guiel/Aaron_Guiel_0001.jpg,Steve_Zahn/Steve_Zahn_0001.jpg,0,scored,0.3308947682380676,0.40350908041000366,0,1
3302,5,Adrian_Nastase/Adrian_Nastase_0002.jpg,Princess_Victoria/Princess_Victoria_0001.jpg,0,scored,0.24947094917297363,0.40350908041000366,0,1
3303,5,Ahmed_Chalabi/Ahmed_Chalabi_0001.jpg,Rosario_Dawson/Rosario_Dawson_0001.jpg,0,scored,-0.06191723048686981,0.40350908041000366,0,1
3304,5,Ahmed_Ghazi/Ahmed_Ghazi_0001.jpg,Julia_Tymoshenko/Julia_Tymoshenko_0003.jpg,0,scored,0.09899529814720154,0.40350908041000366,0,1
3305,5,Ahmet_Demir/Ahmet_Demir_0001.jpg,Wally_Szczerbiak/Wally_Szczerbiak_0001.jpg,0,scored,0.03875939920544624,0.40350908041000366,0,1
3306,5,Ain_Seppik/Ain_Seppik_0001.jpg,Gerhard_Schroeder/Gerhard_Schroeder_0055.jpg,0,scored,0.050435811281204224,0.40350908041000366,0,1
3307,5,Ain_Seppik/Ain_Seppik_0001.jpg,Misty_Dawn_Clymer/Misty_Dawn_Clymer_0001.jpg,0,scored,0.18725913763046265,0.40350908041000366,0,1
3308,5,Ain_Seppik/Ain_Seppik_0001.jpg,Raoul_Ruiz/Raoul_Ruiz_0001.jpg,0,scored,-0.20237424969673157,0.40350908041000366,0,1
3309,5,Ain_Seppik/Ain_Seppik_0001.jpg,Susan_Whelan/Susan_Whelan_0001.jpg,0,scored,-0.15803346037864685,0.40350908041000366,0,1
3310,5,Aishwarya_Rai/Aishwarya_Rai_0001.jpg,Chloe_Sevigny/Chloe_Sevigny_0001.jpg,0,scored,-0.04582497105002403,0.40350908041000366,0,1
3311,5,Aishwarya_Rai/Aishwarya_Rai_0001.jpg,Dinah_Turner/Dinah_Turner_0001.jpg,0,scored,0.028442829847335815,0.40350908041000366,0,1
3312,5,Aishwarya_Rai/Aishwarya_Rai_0001.jpg,Rosario_Dawson/Rosario_Dawson_0001.jpg,0,scored,0.05993854999542236,0.40350908041000366,0,1
3313,5,Alan_Zemaitis/Alan_Zemaitis_0001.jpg,Lauren_Killian/Lauren_Killian_0001.jpg,0,scored,0.18941594660282135,0.40350908041000366,0,1
3314,5,Alex_Cejka/Alex_Cejka_0001.jpg,Taufik_Hidayat/Taufik_Hidayat_0002.jpg,0,scored,-0.12091916799545288,0.40350908041000366,0,1
3315,5,Alexandre_Daigle/Alexandre_Daigle_0001.jpg,Brent_Coles/Brent_Coles_0001.jpg,0,scored,-0.23836836218833923,0.40350908041000366,0,1
3316,5,Ali_Bin_Hussein/Ali_Bin_Hussein_0001.jpg,Ben_Cahoon/Ben_Cahoon_0001.jpg,0,scored,0.09491197764873505,0.40350908041000366,0,1
3317,5,Ali_Bin_Hussein/Ali_Bin_Hussein_0001.jpg,Oswald_Gruebel/Oswald_Gruebel_0001.jpg,0,scored,0.041843317449092865,0.40350908041000366,0,1
3318,5,Ali_Bin_Hussein/Ali_Bin_Hussein_0001.jpg,Raf_Vallone/Raf_Vallone_0001.jpg,0,scored,0.00016309693455696106,0.40350908041000366,0,1
3319,5,Alimzhan_Tokhtakhounov/Alimzhan_Tokhtakhounov_0001.jpg,Jeane_Kirkpatrick/Jeane_Kirkpatrick_0001.jpg,0,scored,-0.0490342453122139,0.40350908041000366,0,1
3320,5,Alimzhan_Tokhtakhounov/Alimzhan_Tokhtakhounov_0002.jpg,Butch_Davis/Butch_Davis_0001.jpg,0,scored,-0.022369220852851868,0.40350908041000366,0,1
3321,5,Alisha_Richman/Alisha_Richman_0001.jpg,Camille_Lewis/Camille_Lewis_0001.jpg,0,scored,-0.17508170008659363,0.40350908041000366,0,1
3322,5,Alisha_Richman/Alisha_Richman_0001.jpg,Katerina_Smrzova/Katerina_Smrzova_0001.jpg,0,scored,0.3719809651374817,0.40350908041000366,0,1
3323,5,Alisha_Richman/Alisha_Richman_0001.jpg,Miguel_Rosseto/Miguel_Rosseto_0001.jpg,0,scored,0.040231816470623016,0.40350908041000366,0,1
3324,5,Amelie_Mauresmo/Amelie_Mauresmo_0003.jpg,Laura_Flessel/Laura_Flessel_0001.jpg,0,scored,0.03429082781076431,0.40350908041000366,0,1
3325,5,Amelie_Mauresmo/Amelie_Mauresmo_0018.jpg,Bob_Colvin/Bob_Colvin_0001.jpg,0,scored,0.2621206045150757,0.40350908041000366,0,1
3326,5,Ana_Claudia_Talancon/Ana_Claudia_Talancon_0001.jpg,Piers_Sellers/Piers_Sellers_0001.jpg,0,scored,-0.05595969408750534,0.40350908041000366,0,1
3327,5,Andrea_Kiser/Andrea_Kiser_0001.jpg,Ellen_Barkin/Ellen_Barkin_0001.jpg,0,scored,-0.021834176033735275,0.40350908041000366,0,1
3328,5,Andrea_Kiser/Andrea_Kiser_0001.jpg,Imre_Kertasz/Imre_Kertasz_0001.jpg,0,scored,-0.062123559415340424,0.40350908041000366,0,1
3329,5,Andrea_Kiser/Andrea_Kiser_0001.jpg,Matt_Dillon/Matt_Dillon_0001.jpg,0,scored,-0.0872201919555664,0.40350908041000366,0,1
3330,5,Andrea_Kiser/Andrea_Kiser_0001.jpg,Yann_Martel/Yann_Martel_0002.jpg,0,scored,-0.05558379366993904,0.40350908041000366,0,1
3331,5,Andres_DAlessandro/Andres_DAlessandro_0001.jpg,Leticia_Van_de_Putte/Leticia_Van_de_Putte_0001.jpg,0,scored,-0.035265032202005386,0.40350908041000366,0,1
3332,5,Andres_DAlessandro/Andres_DAlessandro_0001.jpg,Ronaldo_Luis_Nazario_de_Lima/Ronaldo_Luis_Nazario_de_Lima_0001.jpg,0,scored,0.12573370337486267,0.40350908041000366,0,1
3333,5,Anette_Hosoi/Anette_Hosoi_0001.jpg,Rolf_Zimmermann/Rolf_Zimmermann_0001.jpg,0,scored,-0.016817916184663773,0.40350908041000366,0,1
3334,5,Anette_Hosoi/Anette_Hosoi_0001.jpg,Sheila_Taormina/Sheila_Taormina_0001.jpg,0,scored,0.38807931542396545,0.40350908041000366,0,1
3335,5,Anette_Hosoi/Anette_Hosoi_0001.jpg,Tora_Takagi/Tora_Takagi_0001.jpg,0,scored,0.12321104109287262,0.40350908041000366,0,1
3336,5,Angelo_Reyes/Angelo_Reyes_0001.jpg,Chip_Knight/Chip_Knight_0001.jpg,0,scored,-0.01735251396894455,0.40350908041000366,0,1
3337,5,Angelo_Reyes/Angelo_Reyes_0001.jpg,Oliver_Neuville/Oliver_Neuville_0001.jpg,0,scored,0.01042022742331028,0.40350908041000366,0,1
3338,5,Anne_Heche/Anne_Heche_0001.jpg,Sasha_Alexander/Sasha_Alexander_0001.jpg,0,scored,-0.03627283126115799,0.40350908041000366,0,1
3339,5,Anne_Heche/Anne_Heche_0001.jpg,Tanya_Lindenmuth/Tanya_Lindenmuth_0001.jpg,0,scored,0.16871826350688934,0.40350908041000366,0,1
3340,5,Antje_Buschschulte/Antje_Buschschulte_0001.jpg,Jerry_Angelo/Jerry_Angelo_0001.jpg,0,scored,-0.03151717036962509,0.40350908041000366,0,1
3341,5,Anton_Balasingham/Anton_Balasingham_0001.jpg,Matt_Siebrandt/Matt_Siebrandt_0001.jpg,0,scored,-0.1329614818096161,0.40350908041000366,0,1
3342,5,Anton_Balasingham/Anton_Balasingham_0001.jpg,Will_Ferrell/Will_Ferrell_0001.jpg,0,scored,0.11034679412841797,0.40350908041000366,0,1
3343,5,Armando_Avila_Panchame/Armando_Avila_Panchame_0001.jpg,Monica_Gabrielle/Monica_Gabrielle_0001.jpg,0,scored,-0.026837537065148354,0.40350908041000366,0,1
3344,5,Armando_Avila_Panchame/Armando_Avila_Panchame_0001.jpg,Retief_Goosen/Retief_Goosen_0001.jpg,0,scored,0.1281832605600357,0.40350908041000366,0,1
3345,5,BJ_Habibie/BJ_Habibie_0001.jpg,Craig_MacTavish/Craig_MacTavish_0001.jpg,0,scored,0.0482475645840168,0.40350908041000366,0,1
3346,5,Baz_Luhrmann/Baz_Luhrmann_0001.jpg,Danny_Avalon/Danny_Avalon_0001.jpg,0,scored,0.26344695687294006,0.40350908041000366,0,1
3347,5,Begum_Khaleda_Zia/Begum_Khaleda_Zia_0001.jpg,Eric_Idle/Eric_Idle_0001.jpg,0,scored,-0.20929484069347382,0.40350908041000366,0,1
3348,5,Begum_Khaleda_Zia/Begum_Khaleda_Zia_0001.jpg,Michael_Andretti/Michael_Andretti_0001.jpg,0,scored,0.1905754953622818,0.40350908041000366,0,1
3349,5,Begum_Khaleda_Zia/Begum_Khaleda_Zia_0001.jpg,Picabo_Street/Picabo_Street_0001.jpg,0,scored,0.1797991842031479,0.40350908041000366,0,1
3350,5,Ben_Cahoon/Ben_Cahoon_0001.jpg,Nate_Blackwell/Nate_Blackwell_0001.jpg,0,scored,0.00916975550353527,0.40350908041000366,0,1
3351,5,Ben_Cahoon/Ben_Cahoon_0001.jpg,Roy_Williams/Roy_Williams_0003.jpg,0,scored,-0.03708086907863617,0.40350908041000366,0,1
3352,5,Ben_Curtis/Ben_Curtis_0003.jpg,Jim_Calhoun/Jim_Calhoun_0001.jpg,0,scored,0.03720248490571976,0.40350908041000366,0,1
3353,5,Benicio_Del_Toro/Benicio_Del_Toro_0001.jpg,Elizabeth_Taylor/Elizabeth_Taylor_0001.jpg,0,scored,0.2834474444389343,0.40350908041000366,0,1
3354,5,Benicio_Del_Toro/Benicio_Del_Toro_0001.jpg,Ismail_Khan/Ismail_Khan_0001.jpg,0,scored,0.062274619936943054,0.40350908041000366,0,1
3355,5,Benicio_Del_Toro/Benicio_Del_Toro_0001.jpg,Tonya_Payne/Tonya_Payne_0001.jpg,0,scored,-0.019569814205169678,0.40350908041000366,0,1
3356,5,Bijan_Namdar_Zangeneh/Bijan_Namdar_Zangeneh_0001.jpg,Petro_Symonenko/Petro_Symonenko_0001.jpg,0,scored,0.047001179307699203,0.40350908041000366,0,1
3357,5,Billy_Graham/Billy_Graham_0001.jpg,Karin_Pilsaeter/Karin_Pilsaeter_0001.jpg,0,scored,-0.0038623884320259094,0.40350908041000366,0,1
3358,5,Billy_Graham/Billy_Graham_0001.jpg,Piers_Sellers/Piers_Sellers_0001.jpg,0,scored,0.1051214188337326,0.40350908041000366,0,1
3359,5,Billy_Graham/Billy_Graham_0002.jpg,Howard_Wilkinson/Howard_Wilkinson_0001.jpg,0,scored,0.25696930289268494,0.40350908041000366,0,1
3360,5,Bob_Colvin/Bob_Colvin_0002.jpg,Janet_Napolitano/Janet_Napolitano_0001.jpg,0,scored,0.11204470694065094,0.40350908041000366,0,1
3361,5,Boris_Henry/Boris_Henry_0001.jpg,John_Reid/John_Reid_0002.jpg,0,scored,0.016634738072752953,0.40350908041000366,0,1
3362,5,Brandon_Boyd/Brandon_Boyd_0001.jpg,James_Brosnahan/James_Brosnahan_0001.jpg,0,scored,-0.13560819625854492,0.40350908041000366,0,1
3363,5,Brandon_Boyd/Brandon_Boyd_0001.jpg,Neil_Moritz/Neil_Moritz_0001.jpg,0,scored,-0.13959775865077972,0.40350908041000366,0,1
3364,5,Brent_Coles/Brent_Coles_0001.jpg,Zoe_Ball/Zoe_Ball_0001.jpg,0,scored,0.12360028177499771,0.40350908041000366,0,1
3365,5,Brett_Hull/Brett_Hull_0001.jpg,Gregorio_Rosal/Gregorio_Rosal_0001.jpg,0,scored,-0.20294544100761414,0.40350908041000366,0,1
3366,5,Brett_Hull/Brett_Hull_0001.jpg,Kirsten_Clark/Kirsten_Clark_0001.jpg,0,scored,-0.2050565481185913,0.40350908041000366,0,1
3367,5,Brett_Hull/Brett_Hull_0001.jpg,Ralph_Nader/Ralph_Nader_0001.jpg,0,scored,0.04300167039036751,0.40350908041000366,0,1
3368,5,Brett_Perry/Brett_Perry_0001.jpg,Neri_Marcore/Neri_Marcore_0001.jpg,0,scored,-0.2698885202407837,0.40350908041000366,0,1
3369,5,Bruce_Willis/Bruce_Willis_0001.jpg,Carlos_Juarez/Carlos_Juarez_0001.jpg,0,scored,0.24184828996658325,0.40350908041000366,0,1
3370,5,Bruce_Willis/Bruce_Willis_0001.jpg,Jim_Carrey/Jim_Carrey_0001.jpg,0,scored,0.04295206069946289,0.40350908041000366,0,1
3371,5,Bruce_Willis/Bruce_Willis_0001.jpg,Petria_Thomas/Petria_Thomas_0002.jpg,0,scored,0.16757649183273315,0.40350908041000366,0,1
3372,5,Bryant_Young/Bryant_Young_0001.jpg,Jim_Bollman/Jim_Bollman_0001.jpg,0,scored,0.05578090250492096,0.40350908041000366,0,1
3373,5,Bryant_Young/Bryant_Young_0001.jpg,Maurice_Cheeks/Maurice_Cheeks_0001.jpg,0,scored,0.11394446343183517,0.40350908041000366,0,1
3374,5,Buddy_Ryan/Buddy_Ryan_0001.jpg,James_Brosnahan/James_Brosnahan_0001.jpg,0,scored,0.316021203994751,0.40350908041000366,0,1
3375,5,Buddy_Ryan/Buddy_Ryan_0001.jpg,Nancy_Reagan/Nancy_Reagan_0002.jpg,0,scored,0.15266916155815125,0.40350908041000366,0,1
3376,5,Butch_Davis/Butch_Davis_0002.jpg,Herta_Daeubler-Gmelin/Herta_Daeubler-Gmelin_0002.jpg,0,scored,0.12849749624729156,0.40350908041000366,0,1
3377,5,Byron_Scott/Byron_Scott_0001.jpg,Jane_Clayson/Jane_Clayson_0001.jpg,0,scored,-0.10985969752073288,0.40350908041000366,0,1
3378,5,Camille_Lewis/Camille_Lewis_0001.jpg,Lincoln_Chafee/Lincoln_Chafee_0001.jpg,0,scored,-0.08328886330127716,0.40350908041000366,0,1
3379,5,Camille_Lewis/Camille_Lewis_0001.jpg,Nathirah_Hussein/Nathirah_Hussein_0001.jpg,0,scored,-0.12244290858507156,0.40350908041000366,0,1
3380,5,Carol_Burnett/Carol_Burnett_0001.jpg,Raf_Vallone/Raf_Vallone_0001.jpg,0,scored,0.14897924661636353,0.40350908041000366,0,1
3381,5,Carol_Niedermayer/Carol_Niedermayer_0001.jpg,Kristin_Scott/Kristin_Scott_0001.jpg,0,scored,0.09222304821014404,0.40350908041000366,0,1
3382,5,Catherine_Ndereba/Catherine_Ndereba_0001.jpg,Janet_Napolitano/Janet_Napolitano_0004.jpg,0,scored,0.1534087359905243,0.40350908041000366,0,1
3383,5,Chandrika_Kumaratunga/Chandrika_Kumaratunga_0001.jpg,Kevin_Satterfield/Kevin_Satterfield_0001.jpg,0,scored,-0.10225757211446762,0.40350908041000366,0,1
3384,5,Charles_Mathews/Charles_Mathews_0001.jpg,Will_Ferrell/Will_Ferrell_0001.jpg,0,scored,-0.16109758615493774,0.40350908041000366,0,1
3385,5,Charles_Mathews/Charles_Mathews_0002.jpg,Kristin_Scott/Kristin_Scott_0001.jpg,0,scored,0.10074432939291,0.40350908041000366,0,1
3386,5,Charlie_Garner/Charlie_Garner_0001.jpg,Luo_Linquan/Luo_Linquan_0001.jpg,0,scored,-0.09646302461624146,0.40350908041000366,0,1
3387,5,Charlie_Williams/Charlie_Williams_0001.jpg,Julia_Tymoshenko/Julia_Tymoshenko_0001.jpg,0,scored,-0.018491564318537712,0.40350908041000366,0,1
3388,5,Cheryl_Ford/Cheryl_Ford_0001.jpg,Chris_Cookson/Chris_Cookson_0001.jpg,0,scored,0.10530684888362885,0.40350908041000366,0,1
3389,5,Chip_Knight/Chip_Knight_0001.jpg,Ronald_Post/Ronald_Post_0001.jpg,0,scored,-0.18539457023143768,0.40350908041000366,0,1
3390,5,Chloe_Sevigny/Chloe_Sevigny_0001.jpg,Emyr_Jones_Parry/Emyr_Jones_Parry_0001.jpg,0,scored,-0.12368809431791306,0.40350908041000366,0,1
3391,5,Chloe_Sevigny/Chloe_Sevigny_0001.jpg,Petria_Thomas/Petria_Thomas_0003.jpg,0,scored,-0.27620482444763184,0.40350908041000366,0,1
3392,5,Chris_Cornell/Chris_Cornell_0001.jpg,Desmon_Farmer/Desmon_Farmer_0001.jpg,0,scored,0.04290112107992172,0.40350908041000366,0,1
3393,5,Christine_Ebersole/Christine_Ebersole_0002.jpg,Paul_Walker/Paul_Walker_0001.jpg,0,scored,-0.04272394999861717,0.40350908041000366,0,1
3394,5,Christoph_Daum/Christoph_Daum_0001.jpg,Scott_Hubbard/Scott_Hubbard_0001.jpg,0,scored,-0.20986461639404297,0.40350908041000366,0,1
3395,5,Christopher_Conyers/Christopher_Conyers_0001.jpg,Michael_Milton/Michael_Milton_0001.jpg,0,scored,0.2575681507587433,0.40350908041000366,0,1
3396,5,Christopher_Conyers/Christopher_Conyers_0001.jpg,Raoul_Ruiz/Raoul_Ruiz_0001.jpg,0,scored,0.06302906572818756,0.40350908041000366,0,1
3397,5,Chuck_Bednarik/Chuck_Bednarik_0001.jpg,Mario_Jardel/Mario_Jardel_0001.jpg,0,scored,-0.3145037889480591,0.40350908041000366,0,1
3398,5,Cindy_Zagorski/Cindy_Zagorski_0001.jpg,Rosie_Perez/Rosie_Perez_0001.jpg,0,scored,0.2710916996002197,0.40350908041000366,0,1
3399,5,Claudia_Schiffer/Claudia_Schiffer_0001.jpg,Lynn_Abraham/Lynn_Abraham_0002.jpg,0,scored,-0.06299124658107758,0.40350908041000366,0,1
3400,5,Claudia_Schiffer/Claudia_Schiffer_0003.jpg,Lin_Yung_Hsi/Lin_Yung_Hsi_0001.jpg,0,scored,-0.033397138118743896,0.40350908041000366,0,1
3401,5,Colin_Cowie/Colin_Cowie_0001.jpg,Mstislav_Rostropovich/Mstislav_Rostropovich_0001.jpg,0,scored,0.05647293105721474,0.40350908041000366,0,1
3402,5,Condoleezza_Rice/Condoleezza_Rice_0002.jpg,Mehmet_Okur/Mehmet_Okur_0001.jpg,0,scored,-0.03412555530667305,0.40350908041000366,0,1
3403,5,Condoleezza_Rice/Condoleezza_Rice_0007.jpg,Ryan_Nyquist/Ryan_Nyquist_0001.jpg,0,scored,-0.07328248023986816,0.40350908041000366,0,1
3404,5,Costas_Simitis/Costas_Simitis_0002.jpg,Lorraine_Fenton/Lorraine_Fenton_0001.jpg,0,scored,0.031956590712070465,0.40350908041000366,0,1
3405,5,Craig_MacTavish/Craig_MacTavish_0001.jpg,Vince_Dooley/Vince_Dooley_0001.jpg,0,scored,0.12533459067344666,0.40350908041000366,0,1
3406,5,Cristina_Saralegui/Cristina_Saralegui_0001.jpg,Dave_Robertson/Dave_Robertson_0001.jpg,0,scored,-0.18396970629692078,0.40350908041000366,0,1
3407,5,Cruz_Bustamante/Cruz_Bustamante_0002.jpg,Dean_Barkley/Dean_Barkley_0003.jpg,0,scored,0.20941461622714996,0.40350908041000366,0,1
3408,5,Cyndi_Thompson/Cyndi_Thompson_0001.jpg,Nicolas_Escude/Nicolas_Escude_0002.jpg,0,scored,-0.2353249490261078,0.40350908041000366,0,1
3409,5,Cyndi_Thompson/Cyndi_Thompson_0002.jpg,Owen_Nolan/Owen_Nolan_0001.jpg,0,scored,-0.029637735337018967,0.40350908041000366,0,1
3410,5,Dalia_Rabin-Pelosoff/Dalia_Rabin-Pelosoff_0001.jpg,Sean_Combs/Sean_Combs_0001.jpg,0,scored,-0.1355208158493042,0.40350908041000366,0,1
3411,5,Daniel_Darnell/Daniel_Darnell_0001.jpg,Malcolm_Jamal_Warner/Malcolm_Jamal_Warner_0001.jpg,0,scored,-0.1932365596294403,0.40350908041000366,0,1
3412,5,Danny_Avalon/Danny_Avalon_0001.jpg,Sean_Penn/Sean_Penn_0002.jpg,0,scored,0.16790533065795898,0.40350908041000366,0,1
3413,5,David_Blaine/David_Blaine_0001.jpg,Nicholas_Tse/Nicholas_Tse_0002.jpg,0,scored,-0.04031902924180031,0.40350908041000366,0,1
3414,5,David_Blaine/David_Blaine_0001.jpg,Ramon_Delgado/Ramon_Delgado_0001.jpg,0,scored,-0.10792656987905502,0.40350908041000366,0,1
3415,5,David_Heymann/David_Heymann_0003.jpg,Norm_Macdonald/Norm_Macdonald_0001.jpg,0,scored,0.06851720064878464,0.40350908041000366,0,1
3416,5,David_Surrett/David_Surrett_0001.jpg,Michael_Taylor/Michael_Taylor_0001.jpg,0,scored,0.16166351735591888,0.40350908041000366,0,1
3417,5,David_Tornberg/David_Tornberg_0001.jpg,Ricky_Ponting/Ricky_Ponting_0001.jpg,0,scored,0.24556893110275269,0.40350908041000366,0,1
3418,5,Deece_Eckstein/Deece_Eckstein_0001.jpg,Diana_Munz/Diana_Munz_0001.jpg,0,scored,0.21362324059009552,0.40350908041000366,0,1
3419,5,Deece_Eckstein/Deece_Eckstein_0001.jpg,Tommy_Lewis/Tommy_Lewis_0001.jpg,0,scored,0.007940240204334259,0.40350908041000366,0,1
3420,5,Denis_Coderre/Denis_Coderre_0001.jpg,Don_Siegelman/Don_Siegelman_0001.jpg,0,scored,0.09657113999128342,0.40350908041000366,0,1
3421,5,Denis_Coderre/Denis_Coderre_0001.jpg,John_Eder/John_Eder_0001.jpg,0,scored,0.309358149766922,0.40350908041000366,0,1
3422,5,Desmon_Farmer/Desmon_Farmer_0001.jpg,Lin_Yung_Hsi/Lin_Yung_Hsi_0001.jpg,0,scored,0.11441872268915176,0.40350908041000366,0,1
3423,5,Diana_Krall/Diana_Krall_0004.jpg,Ramon_Delgado/Ramon_Delgado_0001.jpg,0,scored,-0.0791344940662384,0.40350908041000366,0,1
3424,5,Dick_Armey/Dick_Armey_0001.jpg,Mehmet_Okur/Mehmet_Okur_0001.jpg,0,scored,0.04764780029654503,0.40350908041000366,0,1
3425,5,Dinah_Turner/Dinah_Turner_0001.jpg,Mekhi_Phifer/Mekhi_Phifer_0001.jpg,0,scored,0.31237882375717163,0.40350908041000366,0,1
3426,5,Dinah_Turner/Dinah_Turner_0001.jpg,Tammy_Helm/Tammy_Helm_0001.jpg,0,scored,0.18564504384994507,0.40350908041000366,0,1
3427,5,Don_Boudria/Don_Boudria_0001.jpg,Roy_Chaderton/Roy_Chaderton_0001.jpg,0,scored,0.17649990320205688,0.40350908041000366,0,1
3428,5,Don_Boudria/Don_Boudria_0001.jpg,Sananda_Maitreya/Sananda_Maitreya_0001.jpg,0,scored,-0.021191973239183426,0.40350908041000366,0,1
3429,5,Don_Matthews/Don_Matthews_0001.jpg,Kirsten_Clark/Kirsten_Clark_0001.jpg,0,scored,0.03216312825679779,0.40350908041000366,0,1
3430,5,Don_Matthews/Don_Matthews_0001.jpg,Pa_Kou_Hang/Pa_Kou_Hang_0001.jpg,0,scored,0.1848267912864685,0.40350908041000366,0,1
3431,5,Don_Matthews/Don_Matthews_0001.jpg,Peter_Arnett/Peter_Arnett_0002.jpg,0,scored,0.37257587909698486,0.40350908041000366,0,1
3432,5,Don_Siegelman/Don_Siegelman_0002.jpg,Elizabeth_Taylor/Elizabeth_Taylor_0002.jpg,0,scored,-0.13071411848068237,0.40350908041000366,0,1
3433,5,Donald_Pettit/Donald_Pettit_0001.jpg,Edward_James_Olmos/Edward_James_Olmos_0002.jpg,0,scored,-0.11479547619819641,0.40350908041000366,0,1
3434,5,Doug_Collins/Doug_Collins_0001.jpg,Kristanna_Loken/Kristanna_Loken_0005.jpg,0,scored,-0.08735998719930649,0.40350908041000366,0,1
3435,5,Dyana_Calub/Dyana_Calub_0001.jpg,Ronald_Post/Ronald_Post_0001.jpg,0,scored,0.21916070580482483,0.40350908041000366,0,1
3436,5,Earl_Counter/Earl_Counter_0001.jpg,Joe_Friedberg/Joe_Friedberg_0001.jpg,0,scored,-0.2572014331817627,0.40350908041000366,0,1
3437,5,Edward_Albee/Edward_Albee_0001.jpg,Nicola_Bono/Nicola_Bono_0001.jpg,0,scored,-0.0539318323135376,0.40350908041000366,0,1
3438,5,Edward_Belvin/Edward_Belvin_0001.jpg,Jacqueline_Gold/Jacqueline_Gold_0001.jpg,0,scored,0.05426786094903946,0.40350908041000366,0,1
3439,5,Edward_James_Olmos/Edward_James_Olmos_0002.jpg,Mariano_Zabaleta/Mariano_Zabaleta_0001.jpg,0,scored,-0.09616342931985855,0.40350908041000366,0,1
3440,5,Elin_Nordegren/Elin_Nordegren_0001.jpg,George_Brumley_III/George_Brumley_III_0001.jpg,0,scored,0.057514578104019165,0.40350908041000366,0,1
3441,5,Elin_Nordegren/Elin_Nordegren_0001.jpg,Samantha_Daniels/Samantha_Daniels_0001.jpg,0,scored,-0.2136661261320114,0.40350908041000366,0,1
3442,5,Elin_Nordegren/Elin_Nordegren_0002.jpg,Leszek_Miller/Leszek_Miller_0003.jpg,0,scored,-0.07741296291351318,0.40350908041000366,0,1
3443,5,Elisabeth_Welch/Elisabeth_Welch_0001.jpg,Piers_Sellers/Piers_Sellers_0001.jpg,0,scored,0.19569098949432373,0.40350908041000366,0,1
3444,5,Elizabeth_Taylor/Elizabeth_Taylor_0001.jpg,Olympia_Dukakis/Olympia_Dukakis_0001.jpg,0,scored,-0.010377245955169201,0.40350908041000366,0,1
3445,5,Ellen_DeGeneres/Ellen_DeGeneres_0002.jpg,Lorraine_Fenton/Lorraine_Fenton_0001.jpg,0,scored,0.2921837568283081,0.40350908041000366,0,1
3446,5,Elva_Hsiao/Elva_Hsiao_0001.jpg,Samantha_Daniels/Samantha_Daniels_0001.jpg,0,scored,0.08513887226581573,0.40350908041000366,0,1
3447,5,Emma_Watson/Emma_Watson_0002.jpg,Henry_Hyde/Henry_Hyde_0001.jpg,0,scored,0.10584031045436859,0.40350908041000366,0,1
3448,5,Emyr_Jones_Parry/Emyr_Jones_Parry_0001.jpg,Sally_Clark/Sally_Clark_0001.jpg,0,scored,0.06861903518438339,0.40350908041000366,0,1
3449,5,Eric_Ryan_Donnelly/Eric_Ryan_Donnelly_0001.jpg,Iain_Duncan_Smith/Iain_Duncan_Smith_0001.jpg,0,scored,-0.07430639863014221,0.40350908041000366,0,1
3450,5,Ernesto_Zedillo/Ernesto_Zedillo_0001.jpg,Lenny_Kravitz/Lenny_Kravitz_0001.jpg,0,scored,-0.1474001109600067,0.40350908041000366,0,1
3451,5,Ernesto_Zedillo/Ernesto_Zedillo_0001.jpg,Megan_Mullally/Megan_Mullally_0002.jpg,0,scored,-0.17214465141296387,0.40350908041000366,0,1
3452,5,Erwin_Mapasseng/Erwin_Mapasseng_0001.jpg,Hilary_Duff/Hilary_Duff_0003.jpg,0,scored,0.2683227062225342,0.40350908041000366,0,1
3453,5,Evelyn_Lauder/Evelyn_Lauder_0001.jpg,Nathan_Powell/Nathan_Powell_0001.jpg,0,scored,-0.09474261105060577,0.40350908041000366,0,1
3454,5,Fernando_Hierro/Fernando_Hierro_0001.jpg,Prince_Charles/Prince_Charles_0002.jpg,0,scored,0.14979490637779236,0.40350908041000366,0,1
3455,5,Flavia_Delaroli/Flavia_Delaroli_0002.jpg,John_Warner/John_Warner_0004.jpg,0,scored,-0.09267754852771759,0.40350908041000366,0,1
3456,5,Flavia_Delaroli/Flavia_Delaroli_0002.jpg,Vanessa_Laine/Vanessa_Laine_0001.jpg,0,scored,0.16655415296554565,0.40350908041000366,0,1
3457,5,Fran_Drescher/Fran_Drescher_0001.jpg,Warren_Truss/Warren_Truss_0001.jpg,0,scored,-0.026466060429811478,0.40350908041000366,0,1
3458,5,Fran_Drescher/Fran_Drescher_0002.jpg,Jay_Leno/Jay_Leno_0003.jpg,0,scored,-0.3761608302593231,0.40350908041000366,0,1
3459,5,Frank_Murkowski/Frank_Murkowski_0001.jpg,James_Brosnahan/James_Brosnahan_0001.jpg,0,scored,0.3411351442337036,0.40350908041000366,0,1
3460,5,Frank_Stallone/Frank_Stallone_0001.jpg,Tommy_Lewis/Tommy_Lewis_0001.jpg,0,scored,0.10914921760559082,0.40350908041000366,0,1
3461,5,Frank_Stallone/Frank_Stallone_0002.jpg,Toni_Braxton/Toni_Braxton_0002.jpg,0,scored,0.11558797955513,0.40350908041000366,0,1
3462,5,Gary_Coleman/Gary_Coleman_0001.jpg,Koichi_Tanaka/Koichi_Tanaka_0001.jpg,0,scored,0.13003897666931152,0.40350908041000366,0,1
3463,5,Gary_Coleman/Gary_Coleman_0001.jpg,Uri_Lopolianski/Uri_Lopolianski_0001.jpg,0,scored,0.10795916616916656,0.40350908041000366,0,1
3464,5,Gary_Sayler/Gary_Sayler_0001.jpg,Ralph_Sampson/Ralph_Sampson_0001.jpg,0,scored,-0.16217286884784698,0.40350908041000366,0,1
3465,5,George_Brumley_III/George_Brumley_III_0001.jpg,Will_Ferrell/Will_Ferrell_0001.jpg,0,scored,-0.08627916127443314,0.40350908041000366,0,1
3466,5,George_Lopez/George_Lopez_0005.jpg,Iain_Duncan_Smith/Iain_Duncan_Smith_0001.jpg,0,scored,0.08286243677139282,0.40350908041000366,0,1
3467,5,Georgina_Bardach/Georgina_Bardach_0001.jpg,Henry_Hilow/Henry_Hilow_0001.jpg,0,scored,0.17893768846988678,0.40350908041000366,0,1
3468,5,Gilberto_Rodriguez_Orejuela/Gilberto_Rodriguez_Orejuela_0003.jpg,Lennox_Lewis/Lennox_Lewis_0001.jpg,0,scored,0.046505071222782135,0.40350908041000366,0,1
3469,5,Gilberto_Rodriguez_Orejuela/Gilberto_Rodriguez_Orejuela_0003.jpg,Nancy_Demme/Nancy_Demme_0001.jpg,0,scored,-0.15390229225158691,0.40350908041000366,0,1
3470,5,Gordon_Lightfoot/Gordon_Lightfoot_0001.jpg,Lima_Azimi/Lima_Azimi_0001.jpg,0,scored,-0.2709854543209076,0.40350908041000366,0,1
3471,5,Gordon_Lightfoot/Gordon_Lightfoot_0001.jpg,Robert_Nardelli/Robert_Nardelli_0001.jpg,0,scored,0.05083934962749481,0.40350908041000366,0,1
3472,5,Gracia_Burnham/Gracia_Burnham_0001.jpg,Jim_Calhoun/Jim_Calhoun_0001.jpg,0,scored,-0.1397770643234253,0.40350908041000366,0,1
3473,5,Gregorio_Rosal/Gregorio_Rosal_0001.jpg,Richard_Greenberg/Richard_Greenberg_0001.jpg,0,scored,0.1113523542881012,0.40350908041000366,0,1
3474,5,Guenter_Verheugen/Guenter_Verheugen_0001.jpg,Kaspar_Villiger/Kaspar_Villiger_0001.jpg,0,scored,0.2757800221443176,0.40350908041000366,0,1
3475,5,Guillermo_Canas/Guillermo_Canas_0001.jpg,Tim_Duncan/Tim_Duncan_0002.jpg,0,scored,-0.06720000505447388,0.40350908041000366,0,1
3476,5,Guillermo_Canas/Guillermo_Canas_0002.jpg,Michalis_Chrisohoides/Michalis_Chrisohoides_0001.jpg,0,scored,-0.28985795378685,0.40350908041000366,0,1
3477,5,Hal_McCoy/Hal_McCoy_0001.jpg,Rudolph_Holton/Rudolph_Holton_0001.jpg,0,scored,0.27372127771377563,0.40350908041000366,0,1
3478,5,Hank_Aaron/Hank_Aaron_0001.jpg,Steve_Valentine/Steve_Valentine_0001.jpg,0,scored,-0.2542046904563904,0.40350908041000366,0,1
3479,5,Hans_Eichel/Hans_Eichel_0001.jpg,Jimmy_Iovine/Jimmy_Iovine_0001.jpg,0,scored,0.04038706049323082,0.40350908041000366,0,1
3480,5,Hashan_Tillakaratne/Hashan_Tillakaratne_0001.jpg,John_Warner/John_Warner_0003.jpg,0,scored,0.04887816309928894,0.40350908041000366,0,1
3481,5,Heath_Ledger/Heath_Ledger_0002.jpg,Melissa_Stark/Melissa_Stark_0001.jpg,0,scored,-0.28763431310653687,0.40350908041000366,0,1
3482,5,Henry_Hilow/Henry_Hilow_0001.jpg,Monica_Gabrielle/Monica_Gabrielle_0001.jpg,0,scored,-0.09126681089401245,0.40350908041000366,0,1
3483,5,Herta_Daeubler-Gmelin/Herta_Daeubler-Gmelin_0002.jpg,Koichi_Tanaka/Koichi_Tanaka_0001.jpg,0,scored,-0.04201984405517578,0.40350908041000366,0,1
3484,5,Hilary_Duff/Hilary_Duff_0001.jpg,Luther_Htu/Luther_Htu_0001.jpg,0,scored,0.12368609011173248,0.40350908041000366,0,1
3485,5,Hun_Sen/Hun_Sen_0002.jpg,John_Rigas/John_Rigas_0002.jpg,0,scored,-0.01264193281531334,0.40350908041000366,0,1
3486,5,Idi_Amin/Idi_Amin_0001.jpg,Stephen_Silas/Stephen_Silas_0001.jpg,0,scored,0.09416820853948593,0.40350908041000366,0,1
3487,5,Isabel_Orellana/Isabel_Orellana_0001.jpg,Spike_Helmick/Spike_Helmick_0001.jpg,0,scored,0.027515443041920662,0.40350908041000366,0,1
3488,5,Ismael_Miranda/Ismael_Miranda_0001.jpg,Janela_Jara/Janela_Jara_0001.jpg,0,scored,0.10943257808685303,0.40350908041000366,0,1
3489,5,Ismael_Miranda/Ismael_Miranda_0001.jpg,Peter_Greenspun/Peter_Greenspun_0001.jpg,0,scored,0.0984058678150177,0.40350908041000366,0,1
3490,5,Ismail_Khan/Ismail_Khan_0001.jpg,Malcolm_Jamal_Warner/Malcolm_Jamal_Warner_0001.jpg,0,scored,0.00785844773054123,0.40350908041000366,0,1
3491,5,JK_Rowling/JK_Rowling_0005.jpg,Sasha_Alexander/Sasha_Alexander_0001.jpg,0,scored,0.27123552560806274,0.40350908041000366,0,1
3492,5,Jackie_Chan/Jackie_Chan_0003.jpg,Jennifer_Gratz/Jennifer_Gratz_0001.jpg,0,scored,0.043504662811756134,0.40350908041000366,0,1
3493,5,Jacqueline_Edwards/Jacqueline_Edwards_0001.jpg,Meg_Wakeman/Meg_Wakeman_0001.jpg,0,scored,-0.1952534317970276,0.40350908041000366,0,1
3494,5,Jacqueline_Edwards/Jacqueline_Edwards_0001.jpg,Noor_Mohammed/Noor_Mohammed_0001.jpg,0,scored,0.21103468537330627,0.40350908041000366,0,1
3495,5,James_Baker/James_Baker_0001.jpg,Mike_Tice/Mike_Tice_0001.jpg,0,scored,0.1924118548631668,0.40350908041000366,0,1
3496,5,James_Harris/James_Harris_0001.jpg,Keith_Bogans/Keith_Bogans_0002.jpg,0,scored,0.30376988649368286,0.40350908041000366,0,1
3497,5,James_Layug/James_Layug_0001.jpg,Ralph_Sampson/Ralph_Sampson_0001.jpg,0,scored,-0.013615789823234081,0.40350908041000366,0,1
3498,5,Jane_Clayson/Jane_Clayson_0001.jpg,Rene_Antonio_Leon_Rodriguez/Rene_Antonio_Leon_Rodriguez_0001.jpg,0,scored,0.09148891270160675,0.40350908041000366,0,1
3499,5,Jane_Kaczmarek/Jane_Kaczmarek_0002.jpg,Morris_Watts/Morris_Watts_0001.jpg,0,scored,-0.06910428404808044,0.40350908041000366,0,1
3500,5,Jane_Russell/Jane_Russell_0001.jpg,Martin_ONeill/Martin_ONeill_0001.jpg,0,scored,-0.054148320108652115,0.40350908041000366,0,1
3501,5,Janela_Jara/Janela_Jara_0001.jpg,Kirsten_Clark/Kirsten_Clark_0001.jpg,0,scored,0.02246866375207901,0.40350908041000366,0,1
3502,5,Janela_Jara/Janela_Jara_0001.jpg,Pa_Kou_Hang/Pa_Kou_Hang_0001.jpg,0,scored,0.3343143165111542,0.40350908041000366,0,1
3503,5,Janela_Jara/Janela_Jara_0001.jpg,Ricky_Cottrill/Ricky_Cottrill_0001.jpg,0,scored,0.04590275138616562,0.40350908041000366,0,1
3504,5,Janet_Napolitano/Janet_Napolitano_0002.jpg,Laurie_Laychak/Laurie_Laychak_0001.jpg,0,scored,0.18789991736412048,0.40350908041000366,0,1
3505,5,Javier_Camara/Javier_Camara_0001.jpg,Nate_Blackwell/Nate_Blackwell_0001.jpg,0,scored,0.1742004156112671,0.40350908041000366,0,1
3506,5,Jeane_Kirkpatrick/Jeane_Kirkpatrick_0001.jpg,Jeff_Van_Gundy/Jeff_Van_Gundy_0003.jpg,0,scored,0.07127004861831665,0.40350908041000366,0,1
3507,5,Jeane_Kirkpatrick/Jeane_Kirkpatrick_0001.jpg,Richard_Greenberg/Richard_Greenberg_0001.jpg,0,scored,0.08090193569660187,0.40350908041000366,0,1
3508,5,Jeff_Van_Gundy/Jeff_Van_Gundy_0001.jpg,Richard_Naughton/Richard_Naughton_0001.jpg,0,scored,0.20348137617111206,0.40350908041000366,0,1
3509,5,Jeffrey_Katzenberg/Jeffrey_Katzenberg_0001.jpg,Susan_Whelan/Susan_Whelan_0001.jpg,0,scored,-0.2217332124710083,0.40350908041000366,0,1
3510,5,Jennette_Bradley/Jennette_Bradley_0001.jpg,Tammy_Helm/Tammy_Helm_0001.jpg,0,scored,-0.09312775731086731,0.40350908041000366,0,1
3511,5,Jim_Furyk/Jim_Furyk_0006.jpg,Linn_Thornton/Linn_Thornton_0001.jpg,0,scored,0.06632070988416672,0.40350908041000366,0,1
3512,5,John_Eastman/John_Eastman_0001.jpg,Ricky_Ponting/Ricky_Ponting_0001.jpg,0,scored,-0.07339677214622498,0.40350908041000366,0,1
3513,5,John_F_Kennedy_Jr/John_F_Kennedy_Jr_0002.jpg,Nathan_Powell/Nathan_Powell_0001.jpg,0,scored,-0.16883936524391174,0.40350908041000366,0,1
3514,5,John_Garamendi/John_Garamendi_0001.jpg,Petro_Symonenko/Petro_Symonenko_0002.jpg,0,scored,0.1397072672843933,0.40350908041000366,0,1
3515,5,John_Madden/John_Madden_0001.jpg,Sara_Silverman/Sara_Silverman_0001.jpg,0,scored,0.12843506038188934,0.40350908041000366,0,1
3516,5,Jose_Luis_Rodriguez_Zapatero/Jose_Luis_Rodriguez_Zapatero_0001.jpg,Rene_Antonio_Leon_Rodriguez/Rene_Antonio_Leon_Rodriguez_0001.jpg,0,scored,0.03804124891757965,0.40350908041000366,0,1
3517,5,Jose_Luis_Rodriguez_Zapatero/Jose_Luis_Rodriguez_Zapatero_0001.jpg,Steve_Lenard/Steve_Lenard_0001.jpg,0,scored,-0.06832662224769592,0.40350908041000366,0,1
3518,5,Jose_Santos/Jose_Santos_0001.jpg,Michael_Boyce/Michael_Boyce_0001.jpg,0,scored,-0.027702882885932922,0.40350908041000366,0,1
3519,5,Joseph_Kabila/Joseph_Kabila_0001.jpg,Rose_Linkins/Rose_Linkins_0001.jpg,0,scored,0.05631552264094353,0.40350908041000366,0,1
3520,5,Juan_Francisco_Palencia/Juan_Francisco_Palencia_0001.jpg,Kristanna_Loken/Kristanna_Loken_0002.jpg,0,scored,-0.26742708683013916,0.40350908041000366,0,1
3521,5,Juan_Francisco_Palencia/Juan_Francisco_Palencia_0001.jpg,Warren_Truss/Warren_Truss_0001.jpg,0,scored,0.26402172446250916,0.40350908041000366,0,1
3522,5,Juan_Roman_Riquelme/Juan_Roman_Riquelme_0001.jpg,Ralph_Sampson/Ralph_Sampson_0001.jpg,0,scored,0.259779691696167,0.40350908041000366,0,1
3523,5,Julia_Tymoshenko/Julia_Tymoshenko_0002.jpg,Luis_Sanchez/Luis_Sanchez_0001.jpg,0,scored,-0.03360302373766899,0.40350908041000366,0,1
3524,5,Karin_Pilsaeter/Karin_Pilsaeter_0001.jpg,Mike_Flanagan/Mike_Flanagan_0001.jpg,0,scored,0.026117127388715744,0.40350908041000366,0,1
3525,5,Karin_Pilsaeter/Karin_Pilsaeter_0001.jpg,Petria_Thomas/Petria_Thomas_0003.jpg,0,scored,-0.0032492540776729584,0.40350908041000366,0,1
3526,5,Keith_Bogans/Keith_Bogans_0002.jpg,Martin_ONeill/Martin_ONeill_0001.jpg,0,scored,-0.007508587092161179,0.40350908041000366,0,1
3527,5,Kelly_Leigh/Kelly_Leigh_0001.jpg,Spike_Helmick/Spike_Helmick_0001.jpg,0,scored,0.25074100494384766,0.40350908041000366,0,1
3528,5,Ken_Macha/Ken_Macha_0003.jpg,Tommy_Lewis/Tommy_Lewis_0001.jpg,0,scored,0.34782689809799194,0.40350908041000366,0,1
3529,5,Kenneth_Carlsen/Kenneth_Carlsen_0001.jpg,Robin_Cook/Robin_Cook_0001.jpg,0,scored,-0.09127061814069748,0.40350908041000366,0,1
3530,5,Kevin_Borseth/Kevin_Borseth_0001.jpg,Michael_Caine/Michael_Caine_0004.jpg,0,scored,0.12582334876060486,0.40350908041000366,0,1
3531,5,Koichi_Tanaka/Koichi_Tanaka_0001.jpg,Ricardo_Lopez_Murphy/Ricardo_Lopez_Murphy_0001.jpg,0,scored,0.02997107245028019,0.40350908041000366,0,1
3532,5,Kristin_Scott/Kristin_Scott_0001.jpg,Max_Mayfield/Max_Mayfield_0002.jpg,0,scored,0.2434777170419693,0.40350908041000366,0,1
3533,5,Laura_Flessel/Laura_Flessel_0001.jpg,Owen_Nolan/Owen_Nolan_0001.jpg,0,scored,-0.025656746700406075,0.40350908041000366,0,1
3534,5,Lauren_Killian/Lauren_Killian_0002.jpg,Tommy_Lewis/Tommy_Lewis_0001.jpg,0,scored,0.03221989423036575,0.40350908041000366,0,1
3535,5,Laurie_Laychak/Laurie_Laychak_0001.jpg,Pa_Kou_Hang/Pa_Kou_Hang_0001.jpg,0,scored,0.2169610857963562,0.40350908041000366,0,1
3536,5,Lawrence_Di_Rita/Lawrence_Di_Rita_0001.jpg,Mekhi_Phifer/Mekhi_Phifer_0001.jpg,0,scored,0.17304325103759766,0.40350908041000366,0,1
3537,5,Lennox_Lewis/Lennox_Lewis_0003.jpg,Monte_Kiffin/Monte_Kiffin_0001.jpg,0,scored,0.2892827093601227,0.40350908041000366,0,1
3538,5,Leon_Lai/Leon_Lai_0001.jpg,Monica_Lewinsky/Monica_Lewinsky_0001.jpg,0,scored,-0.26170462369918823,0.40350908041000366,0,1
3539,5,Leon_Lai/Leon_Lai_0001.jpg,Sun_Myung_Moon/Sun_Myung_Moon_0001.jpg,0,scored,0.16748860478401184,0.40350908041000366,0,1
3540,5,Lily_Tomlin/Lily_Tomlin_0001.jpg,Marcos_Daniel_Jimenez/Marcos_Daniel_Jimenez_0001.jpg,0,scored,0.010733289644122124,0.40350908041000366,0,1
3541,5,Lily_Tomlin/Lily_Tomlin_0002.jpg,Sim_Yong/Sim_Yong_0001.jpg,0,scored,-0.02089938148856163,0.40350908041000366,0,1
3542,5,Linn_Thornton/Linn_Thornton_0001.jpg,Sherri_Coale/Sherri_Coale_0001.jpg,0,scored,0.03276596963405609,0.40350908041000366,0,1
3543,5,Linn_Thornton/Linn_Thornton_0001.jpg,Tom_Cruise/Tom_Cruise_0002.jpg,0,scored,0.19061806797981262,0.40350908041000366,0,1
3544,5,Lloyd_Mudiwa/Lloyd_Mudiwa_0001.jpg,Sebastien_Grosjean/Sebastien_Grosjean_0001.jpg,0,scored,-0.09897719323635101,0.40350908041000366,0,1
3545,5,Lois_Smart/Lois_Smart_0001.jpg,Tavis_Smiley/Tavis_Smiley_0001.jpg,0,scored,0.14712247252464294,0.40350908041000366,0,1
3546,5,Luis_Sanchez/Luis_Sanchez_0001.jpg,Petro_Symonenko/Petro_Symonenko_0001.jpg,0,scored,0.031114153563976288,0.40350908041000366,0,1
3547,5,Luo_Linquan/Luo_Linquan_0001.jpg,Martin_ONeill/Martin_ONeill_0001.jpg,0,scored,-0.0634508803486824,0.40350908041000366,0,1
3548,5,Luther_Htu/Luther_Htu_0001.jpg,Steve_Karsay/Steve_Karsay_0001.jpg,0,scored,-0.08180935680866241,0.40350908041000366,0,1
3549,5,Lynn_Abraham/Lynn_Abraham_0001.jpg,Michael_Keaton/Michael_Keaton_0002.jpg,0,scored,-0.09413764625787735,0.40350908041000366,0,1
3550,5,Lynn_Abraham/Lynn_Abraham_0002.jpg,Mariano_Zabaleta/Mariano_Zabaleta_0001.jpg,0,scored,-0.09092674404382706,0.40350908041000366,0,1
3551,5,Mark_Richt/Mark_Richt_0003.jpg,Wilton_Gregory/Wilton_Gregory_0001.jpg,0,scored,-0.13172684609889984,0.40350908041000366,0,1
3552,5,Martha_Smith/Martha_Smith_0001.jpg,Ray_Sherman/Ray_Sherman_0001.jpg,0,scored,0.12437029182910919,0.40350908041000366,0,1
3553,5,Martin_ONeill/Martin_ONeill_0001.jpg,Mike_Weir/Mike_Weir_0011.jpg,0,scored,0.020720867440104485,0.40350908041000366,0,1
3554,5,Mary-Kate_Olsen/Mary-Kate_Olsen_0001.jpg,Sim_Yong/Sim_Yong_0001.jpg,0,scored,0.1382361650466919,0.40350908041000366,0,1
3555,5,Matt_Siebrandt/Matt_Siebrandt_0001.jpg,Rodney_Dangerfield/Rodney_Dangerfield_0001.jpg,0,scored,-0.0703917145729065,0.40350908041000366,0,1
3556,5,Maurice_Cheeks/Maurice_Cheeks_0001.jpg,Steve_Austin/Steve_Austin_0001.jpg,0,scored,0.19207656383514404,0.40350908041000366,0,1
3557,5,Mehmet_Okur/Mehmet_Okur_0001.jpg,Randy_Travis/Randy_Travis_0001.jpg,0,scored,-0.03970210254192352,0.40350908041000366,0,1
3558,5,Michael_McNeely/Michael_McNeely_0001.jpg,Sean_Combs/Sean_Combs_0001.jpg,0,scored,0.04443146288394928,0.40350908041000366,0,1
3559,5,Michael_Milton/Michael_Milton_0001.jpg,Wilfredo_Moreno/Wilfredo_Moreno_0001.jpg,0,scored,-0.12824207544326782,0.40350908041000366,0,1
3560,5,Michael_Powell/Michael_Powell_0001.jpg,Scott_Weiland/Scott_Weiland_0001.jpg,0,scored,-0.18219125270843506,0.40350908041000366,0,1
3561,5,Miguel_Rosseto/Miguel_Rosseto_0001.jpg,Pascal_Rheaume/Pascal_Rheaume_0001.jpg,0,scored,0.3190297484397888,0.40350908041000366,0,1
3562,5,Miguel_Rosseto/Miguel_Rosseto_0001.jpg,Ricky_Ponting/Ricky_Ponting_0002.jpg,0,scored,0.11303424090147018,0.40350908041000366,0,1
3563,5,Mike_Flanagan/Mike_Flanagan_0001.jpg,Mohammed_Baqir_al-Hakim/Mohammed_Baqir_al-Hakim_0002.jpg,0,scored,-0.028357617557048798,0.40350908041000366,0,1
3564,5,Mike_Tice/Mike_Tice_0001.jpg,Patti_Smith/Patti_Smith_0001.jpg,0,scored,-0.13366174697875977,0.40350908041000366,0,1
3565,5,Mohammed_Baqir_al-Hakim/Mohammed_Baqir_al-Hakim_0002.jpg,Tatyana_Tomashova/Tatyana_Tomashova_0001.jpg,0,scored,0.09852346777915955,0.40350908041000366,0,1
3566,5,Mufti_Mohammad_Syed/Mufti_Mohammad_Syed_0001.jpg,Raoul_Ruiz/Raoul_Ruiz_0004.jpg,0,scored,-0.07661481201648712,0.40350908041000366,0,1
3567,5,Nancy_Demme/Nancy_Demme_0001.jpg,Roger_Mahony/Roger_Mahony_0001.jpg,0,scored,0.010335473343729973,0.40350908041000366,0,1
3568,5,Nancy_Reagan/Nancy_Reagan_0001.jpg,Rafael_Bielsa/Rafael_Bielsa_0001.jpg,0,scored,0.3602086901664734,0.40350908041000366,0,1
3569,5,Natasha_McElhone/Natasha_McElhone_0002.jpg,Robert_Nardelli/Robert_Nardelli_0001.jpg,0,scored,-0.11245999485254288,0.40350908041000366,0,1
3570,5,Nathirah_Hussein/Nathirah_Hussein_0001.jpg,Susan_Whelan/Susan_Whelan_0001.jpg,0,scored,0.32638299465179443,0.40350908041000366,0,1
3571,5,Neil_Moritz/Neil_Moritz_0001.jpg,Roy_Williams/Roy_Williams_0002.jpg,0,scored,0.238499253988266,0.40350908041000366,0,1
3572,5,Neil_Moritz/Neil_Moritz_0001.jpg,Xanana_Gusmao/Xanana_Gusmao_0005.jpg,0,scored,0.08200529217720032,0.40350908041000366,0,1
3573,5,Nelson_Shanks/Nelson_Shanks_0001.jpg,Pedro_Martinez/Pedro_Martinez_0001.jpg,0,scored,-0.006375263445079327,0.40350908041000366,0,1
3574,5,Nelson_Shanks/Nelson_Shanks_0001.jpg,Ren_Qingjin/Ren_Qingjin_0001.jpg,0,scored,0.30691394209861755,0.40350908041000366,0,1
3575,5,Noor_Mohammed/Noor_Mohammed_0001.jpg,Scott_Weiland/Scott_Weiland_0001.jpg,0,scored,0.0018120035529136658,0.40350908041000366,0,1
3576,5,Oswald_Gruebel/Oswald_Gruebel_0001.jpg,Richard_Penniman/Richard_Penniman_0001.jpg,0,scored,-0.016465548425912857,0.40350908041000366,0,1
3577,5,Parthiv_Patel/Parthiv_Patel_0001.jpg,Tonya_Payne/Tonya_Payne_0001.jpg,0,scored,-0.13154444098472595,0.40350908041000366,0,1
3578,5,Pauley_Perrette/Pauley_Perrette_0001.jpg,Roy_Williams/Roy_Williams_0004.jpg,0,scored,0.029242731630802155,0.40350908041000366,0,1
3579,5,Peter_Arnett/Peter_Arnett_0002.jpg,Rodney_Dangerfield/Rodney_Dangerfield_0001.jpg,0,scored,0.18996697664260864,0.40350908041000366,0,1
3580,5,Peter_Greenspun/Peter_Greenspun_0001.jpg,Rod_Thorn/Rod_Thorn_0001.jpg,0,scored,-0.024283289909362793,0.40350908041000366,0,1
3581,5,Peter_Harvey/Peter_Harvey_0001.jpg,Warren_Truss/Warren_Truss_0001.jpg,0,scored,-0.03750315308570862,0.40350908041000366,0,1
3582,5,Raja_Ramani/Raja_Ramani_0001.jpg,Richard_Greenberg/Richard_Greenberg_0001.jpg,0,scored,0.22952179610729218,0.40350908041000366,0,1
3583,5,Raja_Ramani/Raja_Ramani_0001.jpg,Will_Young/Will_Young_0001.jpg,0,scored,-0.21857860684394836,0.40350908041000366,0,1
3584,5,Ralph_Sampson/Ralph_Sampson_0001.jpg,Samantha_Daniels/Samantha_Daniels_0001.jpg,0,scored,-0.04933519661426544,0.40350908041000366,0,1
3585,5,Raoul_Ruiz/Raoul_Ruiz_0003.jpg,Tirunesh_Dibaba/Tirunesh_Dibaba_0001.jpg,0,scored,-0.11009924113750458,0.40350908041000366,0,1
3586,5,Ren_Qingjin/Ren_Qingjin_0001.jpg,Wilton_Gregory/Wilton_Gregory_0001.jpg,0,scored,0.015507012605667114,0.40350908041000366,0,1
3587,5,Ricardo_Lopez_Murphy/Ricardo_Lopez_Murphy_0002.jpg,Roberto_Robaina/Roberto_Robaina_0001.jpg,0,scored,0.13133469223976135,0.40350908041000366,0,1
3588,5,Ricky_Ponting/Ricky_Ponting_0001.jpg,Ronaldo_Luis_Nazario_de_Lima/Ronaldo_Luis_Nazario_de_Lima_0004.jpg,0,scored,0.12589696049690247,0.40350908041000366,0,1
3589,5,Robin_Cook/Robin_Cook_0001.jpg,Wilton_Gregory/Wilton_Gregory_0001.jpg,0,scored,0.318676620721817,0.40350908041000366,0,1
3590,5,Roger_Federer/Roger_Federer_0004.jpg,Steve_Backley/Steve_Backley_0002.jpg,0,scored,-0.20623856782913208,0.40350908041000366,0,1
3591,5,Ronald_Post/Ronald_Post_0001.jpg,Steve_Karsay/Steve_Karsay_0001.jpg,0,scored,0.02167556807398796,0.40350908041000366,0,1
3592,5,Ryan_Nyquist/Ryan_Nyquist_0001.jpg,Winona_Ryder/Winona_Ryder_0022.jpg,0,scored,-0.0778753012418747,0.40350908041000366,0,1
3593,5,Sally_Clark/Sally_Clark_0001.jpg,Scott_Ritter/Scott_Ritter_0002.jpg,0,scored,0.050334662199020386,0.40350908041000366,0,1
3594,5,Samantha_Daniels/Samantha_Daniels_0001.jpg,Taufik_Hidayat/Taufik_Hidayat_0003.jpg,0,scored,0.06873668730258942,0.40350908041000366,0,1
3595,5,Sherri_Coale/Sherri_Coale_0001.jpg,Troy_Garity/Troy_Garity_0001.jpg,0,scored,-0.021503489464521408,0.40350908041000366,0,1
3596,5,Steve_Valentine/Steve_Valentine_0001.jpg,Toni_Braxton/Toni_Braxton_0002.jpg,0,scored,-0.1498432159423828,0.40350908041000366,0,1
3597,5,Tammy_Helm/Tammy_Helm_0001.jpg,Tom_Smothers/Tom_Smothers_0001.jpg,0,scored,-0.04929691553115845,0.40350908041000366,0,1
3598,5,Tanya_Lindenmuth/Tanya_Lindenmuth_0001.jpg,Tora_Takagi/Tora_Takagi_0001.jpg,0,scored,0.08895555138587952,0.40350908041000366,0,1
3599,5,Toni_Braxton/Toni_Braxton_0003.jpg,Yann_Martel/Yann_Martel_0002.jpg,0,scored,-0.05117093399167061,0.40350908041000366,0,1
3600,6,Adam_Scott/Adam_Scott_0001.jpg,Adam_Scott/Adam_Scott_0002.jpg,1,scored,0.43314477801322937,0.4230506420135498,1,1
3601,6,Ahmad_Masood/Ahmad_Masood_0001.jpg,Ahmad_Masood/Ahmad_Masood_0002.jpg,1,scored,0.5905548334121704,0.4230506420135498,1,1
3602,6,Alan_Mulally/Alan_Mulally_0001.jpg,Alan_Mulally/Alan_Mulally_0002.jpg,1,scored,0.8192849159240723,0.4230506420135498,1,1
3603,6,Alexander_Rumyantsev/Alexander_Rumyantsev_0001.jpg,Alexander_Rumyantsev/Alexander_Rumyantsev_0002.jpg,1,scored,0.8839864134788513,0.4230506420135498,1,1
3604,6,Ali_Abbas/Ali_Abbas_0001.jpg,Ali_Abbas/Ali_Abbas_0002.jpg,1,scored,0.8501598834991455,0.4230506420135498,1,1
3605,6,Amanda_Bynes/Amanda_Bynes_0001.jpg,Amanda_Bynes/Amanda_Bynes_0002.jpg,1,scored,0.76755291223526,0.4230506420135498,1,1
3606,6,Amanda_Bynes/Amanda_Bynes_0001.jpg,Amanda_Bynes/Amanda_Bynes_0003.jpg,1,scored,0.5968396663665771,0.4230506420135498,1,1
3607,6,Amanda_Bynes/Amanda_Bynes_0001.jpg,Amanda_Bynes/Amanda_Bynes_0004.jpg,1,scored,0.6367332339286804,0.4230506420135498,1,1
3608,6,Amanda_Bynes/Amanda_Bynes_0002.jpg,Amanda_Bynes/Amanda_Bynes_0003.jpg,1,scored,0.7457358837127686,0.4230506420135498,1,1
3609,6,Andrei_Mikhnevich/Andrei_Mikhnevich_0001.jpg,Andrei_Mikhnevich/Andrei_Mikhnevich_0002.jpg,1,scored,0.8070801496505737,0.4230506420135498,1,1
3610,6,Angela_Merkel/Angela_Merkel_0001.jpg,Angela_Merkel/Angela_Merkel_0002.jpg,1,scored,0.7061768770217896,0.4230506420135498,1,1
3611,6,Angela_Merkel/Angela_Merkel_0004.jpg,Angela_Merkel/Angela_Merkel_0005.jpg,1,scored,0.7361515164375305,0.4230506420135498,1,1
3612,6,Angelina_Jolie/Angelina_Jolie_0001.jpg,Angelina_Jolie/Angelina_Jolie_0015.jpg,1,scored,0.6484102010726929,0.4230506420135498,1,1
3613,6,Angelina_Jolie/Angelina_Jolie_0002.jpg,Angelina_Jolie/Angelina_Jolie_0011.jpg,1,scored,0.550443708896637,0.4230506420135498,1,1
3614,6,Angelina_Jolie/Angelina_Jolie_0008.jpg,Angelina_Jolie/Angelina_Jolie_0015.jpg,1,scored,0.6273939609527588,0.4230506420135498,1,1
3615,6,Angelina_Jolie/Angelina_Jolie_0009.jpg,Angelina_Jolie/Angelina_Jolie_0015.jpg,1,scored,0.8021346926689148,0.4230506420135498,1,1
3616,6,Angelina_Jolie/Angelina_Jolie_0011.jpg,Angelina_Jolie/Angelina_Jolie_0020.jpg,1,scored,0.5630003213882446,0.4230506420135498,1,1
3617,6,Anthony_LaPaglia/Anthony_LaPaglia_0001.jpg,Anthony_LaPaglia/Anthony_LaPaglia_0002.jpg,1,scored,0.8869121074676514,0.4230506420135498,1,1
3618,6,Arlen_Specter/Arlen_Specter_0001.jpg,Arlen_Specter/Arlen_Specter_0002.jpg,1,scored,0.5734132528305054,0.4230506420135498,1,1
3619,6,Atal_Bihari_Vajpayee/Atal_Bihari_Vajpayee_0004.jpg,Atal_Bihari_Vajpayee/Atal_Bihari_Vajpayee_0006.jpg,1,scored,0.7812613248825073,0.4230506420135498,1,1
3620,6,Barry_Alvarez/Barry_Alvarez_0001.jpg,Barry_Alvarez/Barry_Alvarez_0002.jpg,1,scored,0.9045397043228149,0.4230506420135498,1,1
3621,6,Bill_Belichick/Bill_Belichick_0001.jpg,Bill_Belichick/Bill_Belichick_0002.jpg,1,scored,0.8371575474739075,0.4230506420135498,1,1
3622,6,Bill_Sizemore/Bill_Sizemore_0001.jpg,Bill_Sizemore/Bill_Sizemore_0002.jpg,1,scored,0.8666779398918152,0.4230506420135498,1,1
3623,6,Boris_Yeltsin/Boris_Yeltsin_0001.jpg,Boris_Yeltsin/Boris_Yeltsin_0002.jpg,1,scored,0.8659052848815918,0.4230506420135498,1,1
3624,6,Britney_Spears/Britney_Spears_0004.jpg,Britney_Spears/Britney_Spears_0011.jpg,1,scored,0.6286500096321106,0.4230506420135498,1,1
3625,6,Bruce_Van_De_Velde/Bruce_Van_De_Velde_0001.jpg,Bruce_Van_De_Velde/Bruce_Van_De_Velde_0002.jpg,1,scored,0.7992194890975952,0.4230506420135498,1,1
3626,6,Camilla_Parker_Bowles/Camilla_Parker_Bowles_0001.jpg,Camilla_Parker_Bowles/Camilla_Parker_Bowles_0002.jpg,1,scored,0.8159841299057007,0.4230506420135498,1,1
3627,6,Carolina_Kluft/Carolina_Kluft_0001.jpg,Carolina_Kluft/Carolina_Kluft_0002.jpg,1,scored,0.6074814200401306,0.4230506420135498,1,1
3628,6,Carson_Palmer/Carson_Palmer_0001.jpg,Carson_Palmer/Carson_Palmer_0003.jpg,1,scored,0.6704226732254028,0.4230506420135498,1,1
3629,6,Carson_Palmer/Carson_Palmer_0002.jpg,Carson_Palmer/Carson_Palmer_0003.jpg,1,scored,0.5447490811347961,0.4230506420135498,1,1
3630,6,Catherine_Deneuve/Catherine_Deneuve_0001.jpg,Catherine_Deneuve/Catherine_Deneuve_0004.jpg,1,scored,0.8069647550582886,0.4230506420135498,1,1
3631,6,Catherine_Deneuve/Catherine_Deneuve_0002.jpg,Catherine_Deneuve/Catherine_Deneuve_0005.jpg,1,scored,0.6863481998443604,0.4230506420135498,1,1
3632,6,Catherine_Deneuve/Catherine_Deneuve_0003.jpg,Catherine_Deneuve/Catherine_Deneuve_0005.jpg,1,scored,0.8585194945335388,0.4230506420135498,1,1
3633,6,Cesar_Maia/Cesar_Maia_0001.jpg,Cesar_Maia/Cesar_Maia_0002.jpg,1,scored,0.6309000253677368,0.4230506420135498,1,1
3634,6,Charles_Moose/Charles_Moose_0010.jpg,Charles_Moose/Charles_Moose_0012.jpg,1,scored,0.8323425650596619,0.4230506420135498,1,1
3635,6,Chen_Liang_Yu/Chen_Liang_Yu_0001.jpg,Chen_Liang_Yu/Chen_Liang_Yu_0002.jpg,1,scored,0.8577848076820374,0.4230506420135498,1,1
3636,6,Choi_Sung-hong/Choi_Sung-hong_0001.jpg,Choi_Sung-hong/Choi_Sung-hong_0005.jpg,1,scored,0.8544829487800598,0.4230506420135498,1,1
3637,6,Choi_Sung-hong/Choi_Sung-hong_0002.jpg,Choi_Sung-hong/Choi_Sung-hong_0004.jpg,1,scored,0.7534787058830261,0.4230506420135498,1,1
3638,6,Choi_Sung-hong/Choi_Sung-hong_0003.jpg,Choi_Sung-hong/Choi_Sung-hong_0004.jpg,1,scored,0.8935949802398682,0.4230506420135498,1,1
3639,6,Christina_Aguilera/Christina_Aguilera_0001.jpg,Christina_Aguilera/Christina_Aguilera_0002.jpg,1,scored,0.23955267667770386,0.4230506420135498,0,0
3640,6,Christina_Aguilera/Christina_Aguilera_0001.jpg,Christina_Aguilera/Christina_Aguilera_0004.jpg,1,scored,0.34837815165519714,0.4230506420135498,0,0
3641,6,Christina_Aguilera/Christina_Aguilera_0002.jpg,Christina_Aguilera/Christina_Aguilera_0004.jpg,1,scored,0.05561794340610504,0.4230506420135498,0,0
3642,6,Clara_Harris/Clara_Harris_0001.jpg,Clara_Harris/Clara_Harris_0005.jpg,1,scored,0.7400424480438232,0.4230506420135498,1,1
3643,6,Clara_Harris/Clara_Harris_0002.jpg,Clara_Harris/Clara_Harris_0004.jpg,1,scored,0.6587115526199341,0.4230506420135498,1,1
3644,6,Coretta_Scott_King/Coretta_Scott_King_0001.jpg,Coretta_Scott_King/Coretta_Scott_King_0002.jpg,1,scored,0.903946578502655,0.4230506420135498,1,1
3645,6,Coretta_Scott_King/Coretta_Scott_King_0001.jpg,Coretta_Scott_King/Coretta_Scott_King_0003.jpg,1,scored,0.8650524616241455,0.4230506420135498,1,1
3646,6,Coretta_Scott_King/Coretta_Scott_King_0002.jpg,Coretta_Scott_King/Coretta_Scott_King_0003.jpg,1,scored,0.9287762641906738,0.4230506420135498,1,1
3647,6,Courtney_Love/Courtney_Love_0001.jpg,Courtney_Love/Courtney_Love_0002.jpg,1,scored,0.3616243004798889,0.4230506420135498,0,0
3648,6,Daniel_Day-Lewis/Daniel_Day-Lewis_0001.jpg,Daniel_Day-Lewis/Daniel_Day-Lewis_0003.jpg,1,scored,0.7560756802558899,0.4230506420135498,1,1
3649,6,Daniel_Day-Lewis/Daniel_Day-Lewis_0002.jpg,Daniel_Day-Lewis/Daniel_Day-Lewis_0003.jpg,1,scored,0.6098648309707642,0.4230506420135498,1,1
3650,6,Daniela_Hantuchova/Daniela_Hantuchova_0001.jpg,Daniela_Hantuchova/Daniela_Hantuchova_0002.jpg,1,scored,0.8501406908035278,0.4230506420135498,1,1
3651,6,Debra_Messing/Debra_Messing_0001.jpg,Debra_Messing/Debra_Messing_0002.jpg,1,scored,0.3684091567993164,0.4230506420135498,0,0
3652,6,Dennis_Kucinich/Dennis_Kucinich_0002.jpg,Dennis_Kucinich/Dennis_Kucinich_0007.jpg,1,scored,0.7752870321273804,0.4230506420135498,1,1
3653,6,Dick_Latessa/Dick_Latessa_0001.jpg,Dick_Latessa/Dick_Latessa_0002.jpg,1,scored,0.5900546312332153,0.4230506420135498,1,1
3654,6,Donald_Rumsfeld/Donald_Rumsfeld_0039.jpg,Donald_Rumsfeld/Donald_Rumsfeld_0110.jpg,1,scored,0.7567266821861267,0.4230506420135498,1,1
3655,6,Donald_Rumsfeld/Donald_Rumsfeld_0051.jpg,Donald_Rumsfeld/Donald_Rumsfeld_0083.jpg,1,scored,0.787334144115448,0.4230506420135498,1,1
3656,6,Donald_Rumsfeld/Donald_Rumsfeld_0060.jpg,Donald_Rumsfeld/Donald_Rumsfeld_0067.jpg,1,scored,0.792101263999939,0.4230506420135498,1,1
3657,6,Eduard_Shevardnadze/Eduard_Shevardnadze_0001.jpg,Eduard_Shevardnadze/Eduard_Shevardnadze_0005.jpg,1,scored,0.8830124139785767,0.4230506420135498,1,1
3658,6,Edward_Lu/Edward_Lu_0004.jpg,Edward_Lu/Edward_Lu_0006.jpg,1,scored,0.7343669533729553,0.4230506420135498,1,1
3659,6,Edwina_Currie/Edwina_Currie_0001.jpg,Edwina_Currie/Edwina_Currie_0002.jpg,1,scored,0.8896163105964661,0.4230506420135498,1,1
3660,6,Edwina_Currie/Edwina_Currie_0002.jpg,Edwina_Currie/Edwina_Currie_0004.jpg,1,scored,0.8914027214050293,0.4230506420135498,1,1
3661,6,Elizabeth_Shue/Elizabeth_Shue_0001.jpg,Elizabeth_Shue/Elizabeth_Shue_0002.jpg,1,scored,0.7934165596961975,0.4230506420135498,1,1
3662,6,Ellen_Engleman/Ellen_Engleman_0001.jpg,Ellen_Engleman/Ellen_Engleman_0002.jpg,1,scored,0.6635527610778809,0.4230506420135498,1,1
3663,6,Emma_Thompson/Emma_Thompson_0001.jpg,Emma_Thompson/Emma_Thompson_0002.jpg,1,scored,0.7027541399002075,0.4230506420135498,1,1
3664,6,Emma_Thompson/Emma_Thompson_0001.jpg,Emma_Thompson/Emma_Thompson_0003.jpg,1,scored,0.6442070007324219,0.4230506420135498,1,1
3665,6,Emma_Thompson/Emma_Thompson_0002.jpg,Emma_Thompson/Emma_Thompson_0003.jpg,1,scored,0.8617760539054871,0.4230506420135498,1,1
3666,6,Emmit_Smith/Emmit_Smith_0001.jpg,Emmit_Smith/Emmit_Smith_0002.jpg,1,scored,0.8512479662895203,0.4230506420135498,1,1
3667,6,Fayssal_Mekdad/Fayssal_Mekdad_0001.jpg,Fayssal_Mekdad/Fayssal_Mekdad_0003.jpg,1,scored,0.8130831122398376,0.4230506420135498,1,1
3668,6,Fayssal_Mekdad/Fayssal_Mekdad_0001.jpg,Fayssal_Mekdad/Fayssal_Mekdad_0004.jpg,1,scored,0.7694039940834045,0.4230506420135498,1,1
3669,6,Frances_Fisher/Frances_Fisher_0001.jpg,Frances_Fisher/Frances_Fisher_0002.jpg,1,scored,0.810196042060852,0.4230506420135498,1,1
3670,6,Frank_Griswold/Frank_Griswold_0001.jpg,Frank_Griswold/Frank_Griswold_0002.jpg,1,scored,0.8426153659820557,0.4230506420135498,1,1
3671,6,Gary_Forsee/Gary_Forsee_0001.jpg,Gary_Forsee/Gary_Forsee_0002.jpg,1,scored,0.7760788202285767,0.4230506420135498,1,1
3672,6,Gloria_Macapagal_Arroyo/Gloria_Macapagal_Arroyo_0003.jpg,Gloria_Macapagal_Arroyo/Gloria_Macapagal_Arroyo_0012.jpg,1,scored,0.7925409078598022,0.4230506420135498,1,1
3673,6,Gloria_Macapagal_Arroyo/Gloria_Macapagal_Arroyo_0003.jpg,Gloria_Macapagal_Arroyo/Gloria_Macapagal_Arroyo_0025.jpg,1,scored,0.7870526313781738,0.4230506420135498,1,1
3674,6,Gloria_Macapagal_Arroyo/Gloria_Macapagal_Arroyo_0008.jpg,Gloria_Macapagal_Arroyo/Gloria_Macapagal_Arroyo_0023.jpg,1,scored,0.8027310371398926,0.4230506420135498,1,1
3675,6,Gregory_Hines/Gregory_Hines_0001.jpg,Gregory_Hines/Gregory_Hines_0002.jpg,1,scored,0.8552297949790955,0.4230506420135498,1,1
3676,6,Gus_Van_Sant/Gus_Van_Sant_0001.jpg,Gus_Van_Sant/Gus_Van_Sant_0002.jpg,1,scored,0.8589714765548706,0.4230506420135498,1,1
3677,6,Gus_Van_Sant/Gus_Van_Sant_0001.jpg,Gus_Van_Sant/Gus_Van_Sant_0003.jpg,1,scored,0.9281597137451172,0.4230506420135498,1,1
3678,6,Gwendal_Peizerat/Gwendal_Peizerat_0001.jpg,Gwendal_Peizerat/Gwendal_Peizerat_0002.jpg,1,scored,0.8205320835113525,0.4230506420135498,1,1
3679,6,Gwendal_Peizerat/Gwendal_Peizerat_0001.jpg,Gwendal_Peizerat/Gwendal_Peizerat_0003.jpg,1,scored,0.6946770548820496,0.4230506420135498,1,1
3680,6,Hal_Gehman/Hal_Gehman_0002.jpg,Hal_Gehman/Hal_Gehman_0004.jpg,1,scored,0.823354959487915,0.4230506420135498,1,1
3681,6,Hannah_Stockbauer/Hannah_Stockbauer_0001.jpg,Hannah_Stockbauer/Hannah_Stockbauer_0002.jpg,1,scored,0.8279820680618286,0.4230506420135498,1,1
3682,6,Harrison_Ford/Harrison_Ford_0001.jpg,Harrison_Ford/Harrison_Ford_0012.jpg,1,scored,0.800998330116272,0.4230506420135498,1,1
3683,6,Heizo_Takenaka/Heizo_Takenaka_0001.jpg,Heizo_Takenaka/Heizo_Takenaka_0007.jpg,1,scored,0.9138400554656982,0.4230506420135498,1,1
3684,6,Heizo_Takenaka/Heizo_Takenaka_0003.jpg,Heizo_Takenaka/Heizo_Takenaka_0008.jpg,1,scored,0.9088727831840515,0.4230506420135498,1,1
3685,6,Heizo_Takenaka/Heizo_Takenaka_0003.jpg,Heizo_Takenaka/Heizo_Takenaka_0009.jpg,1,scored,0.8555443286895752,0.4230506420135498,1,1
3686,6,Hichiro_Naemura/Hichiro_Naemura_0001.jpg,Hichiro_Naemura/Hichiro_Naemura_0002.jpg,1,scored,0.7270276546478271,0.4230506420135498,1,1
3687,6,Hipolito_Mejia/Hipolito_Mejia_0001.jpg,Hipolito_Mejia/Hipolito_Mejia_0003.jpg,1,scored,0.8945901989936829,0.4230506420135498,1,1
3688,6,Hipolito_Mejia/Hipolito_Mejia_0001.jpg,Hipolito_Mejia/Hipolito_Mejia_0004.jpg,1,scored,0.8243380784988403,0.4230506420135498,1,1
3689,6,Holly_Hunter/Holly_Hunter_0002.jpg,Holly_Hunter/Holly_Hunter_0006.jpg,1,scored,0.6679929494857788,0.4230506420135498,1,1
3690,6,Holly_Hunter/Holly_Hunter_0003.jpg,Holly_Hunter/Holly_Hunter_0007.jpg,1,scored,0.779536783695221,0.4230506420135498,1,1
3691,6,Igor_Ivanov/Igor_Ivanov_0005.jpg,Igor_Ivanov/Igor_Ivanov_0016.jpg,1,scored,0.705122709274292,0.4230506420135498,1,1
3692,6,Intisar_Ajouri/Intisar_Ajouri_0002.jpg,Intisar_Ajouri/Intisar_Ajouri_0003.jpg,1,scored,0.8787233829498291,0.4230506420135498,1,1
3693,6,Jack_Nicholson/Jack_Nicholson_0001.jpg,Jack_Nicholson/Jack_Nicholson_0003.jpg,1,scored,0.5644391775131226,0.4230506420135498,1,1
3694,6,James_Blake/James_Blake_0001.jpg,James_Blake/James_Blake_0010.jpg,1,scored,0.7299431562423706,0.4230506420135498,1,1
3695,6,James_Blake/James_Blake_0004.jpg,James_Blake/James_Blake_0006.jpg,1,scored,0.8243551254272461,0.4230506420135498,1,1
3696,6,James_Blake/James_Blake_0005.jpg,James_Blake/James_Blake_0009.jpg,1,scored,0.6517356634140015,0.4230506420135498,1,1
3697,6,James_Kelly/James_Kelly_0004.jpg,James_Kelly/James_Kelly_0005.jpg,1,scored,0.7613099813461304,0.4230506420135498,1,1
3698,6,James_Kopp/James_Kopp_0002.jpg,James_Kopp/James_Kopp_0004.jpg,1,scored,0.7209388017654419,0.4230506420135498,1,1
3699,6,James_Smith/James_Smith_0001.jpg,James_Smith/James_Smith_0002.jpg,1,scored,0.8353787064552307,0.4230506420135498,1,1
3700,6,Jean_Chretien/Jean_Chretien_0002.jpg,Jean_Chretien/Jean_Chretien_0039.jpg,1,scored,0.6670918464660645,0.4230506420135498,1,1
3701,6,Jean_Chretien/Jean_Chretien_0006.jpg,Jean_Chretien/Jean_Chretien_0040.jpg,1,scored,0.6720246076583862,0.4230506420135498,1,1
3702,6,Jean_Chretien/Jean_Chretien_0008.jpg,Jean_Chretien/Jean_Chretien_0035.jpg,1,scored,0.8057956695556641,0.4230506420135498,1,1
3703,6,Jean_Chretien/Jean_Chretien_0019.jpg,Jean_Chretien/Jean_Chretien_0028.jpg,1,scored,0.7599189281463623,0.4230506420135498,1,1
3704,6,Jean_Chretien/Jean_Chretien_0028.jpg,Jean_Chretien/Jean_Chretien_0052.jpg,1,scored,0.7309980392456055,0.4230506420135498,1,1
3705,6,Jean_Chretien/Jean_Chretien_0029.jpg,Jean_Chretien/Jean_Chretien_0037.jpg,1,scored,0.8787145614624023,0.4230506420135498,1,1
3706,6,Jean_Chretien/Jean_Chretien_0034.jpg,Jean_Chretien/Jean_Chretien_0036.jpg,1,scored,0.9347472786903381,0.4230506420135498,1,1
3707,6,Jeffrey_Immelt/Jeffrey_Immelt_0001.jpg,Jeffrey_Immelt/Jeffrey_Immelt_0002.jpg,1,scored,0.8494356870651245,0.4230506420135498,1,1
3708,6,Jennifer_Aniston/Jennifer_Aniston_0001.jpg,Jennifer_Aniston/Jennifer_Aniston_0007.jpg,1,scored,0.6299437880516052,0.4230506420135498,1,1
3709,6,Jennifer_Aniston/Jennifer_Aniston_0001.jpg,Jennifer_Aniston/Jennifer_Aniston_0016.jpg,1,scored,0.6334952116012573,0.4230506420135498,1,1
3710,6,Jennifer_Aniston/Jennifer_Aniston_0006.jpg,Jennifer_Aniston/Jennifer_Aniston_0021.jpg,1,scored,0.7239584922790527,0.4230506420135498,1,1
3711,6,Jerry_Falwell/Jerry_Falwell_0001.jpg,Jerry_Falwell/Jerry_Falwell_0002.jpg,1,scored,0.7126052379608154,0.4230506420135498,1,1
3712,6,Jesse_Harris/Jesse_Harris_0001.jpg,Jesse_Harris/Jesse_Harris_0003.jpg,1,scored,0.702201783657074,0.4230506420135498,1,1
3713,6,Jesse_Harris/Jesse_Harris_0002.jpg,Jesse_Harris/Jesse_Harris_0003.jpg,1,scored,0.759471595287323,0.4230506420135498,1,1
3714,6,Joan_Claybrook/Joan_Claybrook_0001.jpg,Joan_Claybrook/Joan_Claybrook_0002.jpg,1,scored,0.7940900325775146,0.4230506420135498,1,1
3715,6,Joe_Calzaghe/Joe_Calzaghe_0001.jpg,Joe_Calzaghe/Joe_Calzaghe_0002.jpg,1,scored,0.8834553360939026,0.4230506420135498,1,1
3716,6,Joe_Nichols/Joe_Nichols_0001.jpg,Joe_Nichols/Joe_Nichols_0003.jpg,1,scored,0.7287685871124268,0.4230506420135498,1,1
3717,6,Joe_Nichols/Joe_Nichols_0002.jpg,Joe_Nichols/Joe_Nichols_0004.jpg,1,scored,0.6521602272987366,0.4230506420135498,1,1
3718,6,Joe_Nichols/Joe_Nichols_0003.jpg,Joe_Nichols/Joe_Nichols_0004.jpg,1,scored,0.9254546761512756,0.4230506420135498,1,1
3719,6,Joerg_Haider/Joerg_Haider_0001.jpg,Joerg_Haider/Joerg_Haider_0002.jpg,1,scored,0.836988091468811,0.4230506420135498,1,1
3720,6,John_Abizaid/John_Abizaid_0001.jpg,John_Abizaid/John_Abizaid_0002.jpg,1,scored,0.8195253014564514,0.4230506420135498,1,1
3721,6,John_Abizaid/John_Abizaid_0001.jpg,John_Abizaid/John_Abizaid_0007.jpg,1,scored,0.8196066617965698,0.4230506420135498,1,1
3722,6,John_Abizaid/John_Abizaid_0002.jpg,John_Abizaid/John_Abizaid_0003.jpg,1,scored,0.7144652605056763,0.4230506420135498,1,1
3723,6,John_Abizaid/John_Abizaid_0004.jpg,John_Abizaid/John_Abizaid_0007.jpg,1,scored,0.8739727735519409,0.4230506420135498,1,1
3724,6,John_Abizaid/John_Abizaid_0004.jpg,John_Abizaid/John_Abizaid_0008.jpg,1,scored,0.8308519124984741,0.4230506420135498,1,1
3725,6,John_Abizaid/John_Abizaid_0005.jpg,John_Abizaid/John_Abizaid_0006.jpg,1,scored,0.7791727185249329,0.4230506420135498,1,1
3726,6,John_Jumper/John_Jumper_0001.jpg,John_Jumper/John_Jumper_0002.jpg,1,scored,0.8379130363464355,0.4230506420135498,1,1
3727,6,John_Mayer/John_Mayer_0001.jpg,John_Mayer/John_Mayer_0002.jpg,1,scored,0.8843429088592529,0.4230506420135498,1,1
3728,6,John_Mayer/John_Mayer_0001.jpg,John_Mayer/John_Mayer_0003.jpg,1,scored,0.8423144817352295,0.4230506420135498,1,1
3729,6,John_Negroponte/John_Negroponte_0005.jpg,John_Negroponte/John_Negroponte_0026.jpg,1,scored,0.8340498208999634,0.4230506420135498,1,1
3730,6,John_Negroponte/John_Negroponte_0008.jpg,John_Negroponte/John_Negroponte_0017.jpg,1,scored,0.6913736462593079,0.4230506420135498,1,1
3731,6,John_Negroponte/John_Negroponte_0028.jpg,John_Negroponte/John_Negroponte_0030.jpg,1,scored,0.8473821878433228,0.4230506420135498,1,1
3732,6,John_Reilly/John_Reilly_0001.jpg,John_Reilly/John_Reilly_0002.jpg,1,scored,0.8223555684089661,0.4230506420135498,1,1
3733,6,John_Rowland/John_Rowland_0001.jpg,John_Rowland/John_Rowland_0002.jpg,1,scored,0.7187451124191284,0.4230506420135498,1,1
3734,6,Johnny_Depp/Johnny_Depp_0001.jpg,Johnny_Depp/Johnny_Depp_0002.jpg,1,scored,0.6127374172210693,0.4230506420135498,1,1
3735,6,Jon_Corzine/Jon_Corzine_0001.jpg,Jon_Corzine/Jon_Corzine_0002.jpg,1,scored,0.5476857423782349,0.4230506420135498,1,1
3736,6,Jose_Dirceu/Jose_Dirceu_0001.jpg,Jose_Dirceu/Jose_Dirceu_0002.jpg,1,scored,0.6634596586227417,0.4230506420135498,1,1
3737,6,Jose_Sarney/Jose_Sarney_0001.jpg,Jose_Sarney/Jose_Sarney_0003.jpg,1,scored,0.8516412973403931,0.4230506420135498,1,1
3738,6,Joseph_Estrada/Joseph_Estrada_0001.jpg,Joseph_Estrada/Joseph_Estrada_0003.jpg,1,scored,0.8958722949028015,0.4230506420135498,1,1
3739,6,Joseph_Estrada/Joseph_Estrada_0002.jpg,Joseph_Estrada/Joseph_Estrada_0003.jpg,1,scored,0.8390430212020874,0.4230506420135498,1,1
3740,6,Juan_Carlos_Ferrero/Juan_Carlos_Ferrero_0009.jpg,Juan_Carlos_Ferrero/Juan_Carlos_Ferrero_0017.jpg,1,scored,0.8228381872177124,0.4230506420135498,1,1
3741,6,Jude_Law/Jude_Law_0001.jpg,Jude_Law/Jude_Law_0002.jpg,1,scored,0.7477980852127075,0.4230506420135498,1,1
3742,6,Katherine_Harris/Katherine_Harris_0001.jpg,Katherine_Harris/Katherine_Harris_0002.jpg,1,scored,0.6290609240531921,0.4230506420135498,1,1
3743,6,Katherine_Harris/Katherine_Harris_0001.jpg,Katherine_Harris/Katherine_Harris_0004.jpg,1,scored,0.64682537317276,0.4230506420135498,1,1
3744,6,Katherine_Harris/Katherine_Harris_0003.jpg,Katherine_Harris/Katherine_Harris_0004.jpg,1,scored,0.7457641363143921,0.4230506420135498,1,1
3745,6,Kelly_Clarkson/Kelly_Clarkson_0001.jpg,Kelly_Clarkson/Kelly_Clarkson_0002.jpg,1,scored,0.797111988067627,0.4230506420135498,1,1
3746,6,Kiki_Vandeweghe/Kiki_Vandeweghe_0001.jpg,Kiki_Vandeweghe/Kiki_Vandeweghe_0002.jpg,1,scored,0.8748563528060913,0.4230506420135498,1,1
3747,6,Kofi_Annan/Kofi_Annan_0008.jpg,Kofi_Annan/Kofi_Annan_0014.jpg,1,scored,0.8991882801055908,0.4230506420135498,1,1
3748,6,Kofi_Annan/Kofi_Annan_0008.jpg,Kofi_Annan/Kofi_Annan_0032.jpg,1,scored,0.9149975180625916,0.4230506420135498,1,1
3749,6,Kofi_Annan/Kofi_Annan_0013.jpg,Kofi_Annan/Kofi_Annan_0025.jpg,1,scored,0.8530747890472412,0.4230506420135498,1,1
3750,6,Lance_Bass/Lance_Bass_0001.jpg,Lance_Bass/Lance_Bass_0004.jpg,1,scored,0.7132691144943237,0.4230506420135498,1,1
3751,6,Lance_Bass/Lance_Bass_0002.jpg,Lance_Bass/Lance_Bass_0004.jpg,1,scored,0.6846997737884521,0.4230506420135498,1,1
3752,6,Lance_Bass/Lance_Bass_0002.jpg,Lance_Bass/Lance_Bass_0005.jpg,1,scored,0.7125741839408875,0.4230506420135498,1,1
3753,6,Lance_Bass/Lance_Bass_0004.jpg,Lance_Bass/Lance_Bass_0005.jpg,1,scored,0.6892821788787842,0.4230506420135498,1,1
3754,6,Laurent_Gbagbo/Laurent_Gbagbo_0001.jpg,Laurent_Gbagbo/Laurent_Gbagbo_0002.jpg,1,scored,0.909588098526001,0.4230506420135498,1,1
3755,6,Lee_Soo-hyuck/Lee_Soo-hyuck_0001.jpg,Lee_Soo-hyuck/Lee_Soo-hyuck_0002.jpg,1,scored,0.8222826719284058,0.4230506420135498,1,1
3756,6,Leslie_Caldwell/Leslie_Caldwell_0002.jpg,Leslie_Caldwell/Leslie_Caldwell_0003.jpg,1,scored,0.6492764949798584,0.4230506420135498,1,1
3757,6,Li_Zhaoxing/Li_Zhaoxing_0002.jpg,Li_Zhaoxing/Li_Zhaoxing_0007.jpg,1,scored,0.8779585957527161,0.4230506420135498,1,1
3758,6,Liu_Mingkang/Liu_Mingkang_0001.jpg,Liu_Mingkang/Liu_Mingkang_0002.jpg,1,scored,0.8857057094573975,0.4230506420135498,1,1
3759,6,Luciano_Pavarotti/Luciano_Pavarotti_0001.jpg,Luciano_Pavarotti/Luciano_Pavarotti_0002.jpg,1,scored,0.9714967012405396,0.4230506420135498,1,1
3760,6,Luis_Gonzalez_Macchi/Luis_Gonzalez_Macchi_0001.jpg,Luis_Gonzalez_Macchi/Luis_Gonzalez_Macchi_0002.jpg,1,scored,0.8470951318740845,0.4230506420135498,1,1
3761,6,Luis_Gonzalez_Macchi/Luis_Gonzalez_Macchi_0002.jpg,Luis_Gonzalez_Macchi/Luis_Gonzalez_Macchi_0004.jpg,1,scored,0.7273093461990356,0.4230506420135498,1,1
3762,6,Luis_Gonzalez_Macchi/Luis_Gonzalez_Macchi_0003.jpg,Luis_Gonzalez_Macchi/Luis_Gonzalez_Macchi_0004.jpg,1,scored,0.7546359300613403,0.4230506420135498,1,1
3763,6,Luis_Gonzalez_Macchi/Luis_Gonzalez_Macchi_0003.jpg,Luis_Gonzalez_Macchi/Luis_Gonzalez_Macchi_0005.jpg,1,scored,0.7874827980995178,0.4230506420135498,1,1
3764,6,Luis_Horna/Luis_Horna_0001.jpg,Luis_Horna/Luis_Horna_0004.jpg,1,scored,0.6822521090507507,0.4230506420135498,1,1
3765,6,Luis_Horna/Luis_Horna_0002.jpg,Luis_Horna/Luis_Horna_0004.jpg,1,scored,0.4054199457168579,0.4230506420135498,0,0
3766,6,Luiz_Inacio_Lula_da_Silva/Luiz_Inacio_Lula_da_Silva_0002.jpg,Luiz_Inacio_Lula_da_Silva/Luiz_Inacio_Lula_da_Silva_0009.jpg,1,scored,0.854134202003479,0.4230506420135498,1,1
3767,6,Luiz_Inacio_Lula_da_Silva/Luiz_Inacio_Lula_da_Silva_0002.jpg,Luiz_Inacio_Lula_da_Silva/Luiz_Inacio_Lula_da_Silva_0039.jpg,1,scored,0.839095950126648,0.4230506420135498,1,1
3768,6,Luiz_Inacio_Lula_da_Silva/Luiz_Inacio_Lula_da_Silva_0004.jpg,Luiz_Inacio_Lula_da_Silva/Luiz_Inacio_Lula_da_Silva_0008.jpg,1,scored,0.9066795706748962,0.4230506420135498,1,1
3769,6,Luiz_Inacio_Lula_da_Silva/Luiz_Inacio_Lula_da_Silva_0007.jpg,Luiz_Inacio_Lula_da_Silva/Luiz_Inacio_Lula_da_Silva_0036.jpg,1,scored,0.8124939203262329,0.4230506420135498,1,1
3770,6,Luiz_Inacio_Lula_da_Silva/Luiz_Inacio_Lula_da_Silva_0010.jpg,Luiz_Inacio_Lula_da_Silva/Luiz_Inacio_Lula_da_Silva_0019.jpg,1,scored,0.8372247815132141,0.4230506420135498,1,1
3771,6,Luiz_Inacio_Lula_da_Silva/Luiz_Inacio_Lula_da_Silva_0011.jpg,Luiz_Inacio_Lula_da_Silva/Luiz_Inacio_Lula_da_Silva_0044.jpg,1,scored,0.6845425367355347,0.4230506420135498,1,1
3772,6,Luiz_Inacio_Lula_da_Silva/Luiz_Inacio_Lula_da_Silva_0028.jpg,Luiz_Inacio_Lula_da_Silva/Luiz_Inacio_Lula_da_Silva_0044.jpg,1,scored,0.7060086131095886,0.4230506420135498,1,1
3773,6,Madeleine_Albright/Madeleine_Albright_0001.jpg,Madeleine_Albright/Madeleine_Albright_0002.jpg,1,scored,0.907396137714386,0.4230506420135498,1,1
3774,6,Madeleine_Albright/Madeleine_Albright_0002.jpg,Madeleine_Albright/Madeleine_Albright_0003.jpg,1,scored,0.9115360975265503,0.4230506420135498,1,1
3775,6,Marcus_Gronholm/Marcus_Gronholm_0001.jpg,Marcus_Gronholm/Marcus_Gronholm_0002.jpg,1,scored,0.5981602668762207,0.4230506420135498,1,1
3776,6,Marissa_Jaret_Winokur/Marissa_Jaret_Winokur_0001.jpg,Marissa_Jaret_Winokur/Marissa_Jaret_Winokur_0002.jpg,1,scored,0.7582688331604004,0.4230506420135498,1,1
3777,6,Mark_Geragos/Mark_Geragos_0001.jpg,Mark_Geragos/Mark_Geragos_0002.jpg,1,scored,0.6971887946128845,0.4230506420135498,1,1
3778,6,Mark_Philippoussis/Mark_Philippoussis_0002.jpg,Mark_Philippoussis/Mark_Philippoussis_0007.jpg,1,scored,0.7035328149795532,0.4230506420135498,1,1
3779,6,Mark_Philippoussis/Mark_Philippoussis_0003.jpg,Mark_Philippoussis/Mark_Philippoussis_0011.jpg,1,scored,0.5347351431846619,0.4230506420135498,1,1
3780,6,Mark_Philippoussis/Mark_Philippoussis_0004.jpg,Mark_Philippoussis/Mark_Philippoussis_0006.jpg,1,scored,0.7726517915725708,0.4230506420135498,1,1
3781,6,Mark_Philippoussis/Mark_Philippoussis_0004.jpg,Mark_Philippoussis/Mark_Philippoussis_0009.jpg,1,scored,0.6524527072906494,0.4230506420135498,1,1
3782,6,Mark_Philippoussis/Mark_Philippoussis_0006.jpg,Mark_Philippoussis/Mark_Philippoussis_0007.jpg,1,scored,0.5723609924316406,0.4230506420135498,1,1
3783,6,Mark_Philippoussis/Mark_Philippoussis_0006.jpg,Mark_Philippoussis/Mark_Philippoussis_0009.jpg,1,scored,0.7571379542350769,0.4230506420135498,1,1
3784,6,Mark_Philippoussis/Mark_Philippoussis_0007.jpg,Mark_Philippoussis/Mark_Philippoussis_0009.jpg,1,scored,0.5373646020889282,0.4230506420135498,1,1
3785,6,Markus_Naslund/Markus_Naslund_0001.jpg,Markus_Naslund/Markus_Naslund_0002.jpg,1,scored,0.9029020071029663,0.4230506420135498,1,1
3786,6,Martha_Lucia_Ramirez/Martha_Lucia_Ramirez_0002.jpg,Martha_Lucia_Ramirez/Martha_Lucia_Ramirez_0004.jpg,1,scored,0.9530404806137085,0.4230506420135498,1,1
3787,6,Martha_Lucia_Ramirez/Martha_Lucia_Ramirez_0003.jpg,Martha_Lucia_Ramirez/Martha_Lucia_Ramirez_0004.jpg,1,scored,0.7542988657951355,0.4230506420135498,1,1
3788,6,Meryl_Streep/Meryl_Streep_0014.jpg,Meryl_Streep/Meryl_Streep_0015.jpg,1,scored,0.6235515475273132,0.4230506420135498,1,1
3789,6,Mesut_Yilmaz/Mesut_Yilmaz_0001.jpg,Mesut_Yilmaz/Mesut_Yilmaz_0002.jpg,1,scored,0.6870998740196228,0.4230506420135498,1,1
3790,6,Michael_Schumacher/Michael_Schumacher_0002.jpg,Michael_Schumacher/Michael_Schumacher_0013.jpg,1,scored,0.8666740655899048,0.4230506420135498,1,1
3791,6,Michael_Schumacher/Michael_Schumacher_0002.jpg,Michael_Schumacher/Michael_Schumacher_0017.jpg,1,scored,0.35751354694366455,0.4230506420135498,0,0
3792,6,Michael_Schumacher/Michael_Schumacher_0010.jpg,Michael_Schumacher/Michael_Schumacher_0011.jpg,1,scored,0.7748651504516602,0.4230506420135498,1,1
3793,6,Michael_Schumacher/Michael_Schumacher_0013.jpg,Michael_Schumacher/Michael_Schumacher_0018.jpg,1,scored,0.7791368961334229,0.4230506420135498,1,1
3794,6,Michel_Temer/Michel_Temer_0001.jpg,Michel_Temer/Michel_Temer_0002.jpg,1,scored,0.8363023996353149,0.4230506420135498,1,1
3795,6,Michelle_Yeoh/Michelle_Yeoh_0001.jpg,Michelle_Yeoh/Michelle_Yeoh_0002.jpg,1,scored,0.7063373327255249,0.4230506420135498,1,1
3796,6,Michelle_Yeoh/Michelle_Yeoh_0002.jpg,Michelle_Yeoh/Michelle_Yeoh_0005.jpg,1,scored,0.8055922985076904,0.4230506420135498,1,1
3797,6,Monica_Seles/Monica_Seles_0001.jpg,Monica_Seles/Monica_Seles_0003.jpg,1,scored,0.5694479942321777,0.4230506420135498,1,1
3798,6,Monica_Seles/Monica_Seles_0002.jpg,Monica_Seles/Monica_Seles_0006.jpg,1,scored,0.8081546425819397,0.4230506420135498,1,1
3799,6,Monica_Seles/Monica_Seles_0004.jpg,Monica_Seles/Monica_Seles_0005.jpg,1,scored,0.9025609493255615,0.4230506420135498,1,1
3800,6,Moshe_Katsav/Moshe_Katsav_0001.jpg,Moshe_Katsav/Moshe_Katsav_0002.jpg,1,scored,0.821913480758667,0.4230506420135498,1,1
3801,6,Moshe_Katsav/Moshe_Katsav_0002.jpg,Moshe_Katsav/Moshe_Katsav_0003.jpg,1,scored,0.928957462310791,0.4230506420135498,1,1
3802,6,Muhammad_Saeed_al-Sahhaf/Muhammad_Saeed_al-Sahhaf_0002.jpg,Muhammad_Saeed_al-Sahhaf/Muhammad_Saeed_al-Sahhaf_0005.jpg,1,scored,0.7052328586578369,0.4230506420135498,1,1
3803,6,Muhammad_Saeed_al-Sahhaf/Muhammad_Saeed_al-Sahhaf_0003.jpg,Muhammad_Saeed_al-Sahhaf/Muhammad_Saeed_al-Sahhaf_0004.jpg,1,scored,0.8652454614639282,0.4230506420135498,1,1
3804,6,Muhammad_Saeed_al-Sahhaf/Muhammad_Saeed_al-Sahhaf_0003.jpg,Muhammad_Saeed_al-Sahhaf/Muhammad_Saeed_al-Sahhaf_0005.jpg,1,scored,0.7231350541114807,0.4230506420135498,1,1
3805,6,Nancy_Sinatra/Nancy_Sinatra_0001.jpg,Nancy_Sinatra/Nancy_Sinatra_0002.jpg,1,scored,0.5560996532440186,0.4230506420135498,1,1
3806,6,Nicanor_Duarte_Frutos/Nicanor_Duarte_Frutos_0003.jpg,Nicanor_Duarte_Frutos/Nicanor_Duarte_Frutos_0006.jpg,1,scored,0.8116986751556396,0.4230506420135498,1,1
3807,6,Nicanor_Duarte_Frutos/Nicanor_Duarte_Frutos_0003.jpg,Nicanor_Duarte_Frutos/Nicanor_Duarte_Frutos_0007.jpg,1,scored,0.7890002131462097,0.4230506420135498,1,1
3808,6,Nicanor_Duarte_Frutos/Nicanor_Duarte_Frutos_0003.jpg,Nicanor_Duarte_Frutos/Nicanor_Duarte_Frutos_0011.jpg,1,scored,0.8118278980255127,0.4230506420135498,1,1
3809,6,Patti_Labelle/Patti_Labelle_0002.jpg,Patti_Labelle/Patti_Labelle_0003.jpg,1,scored,0.8534541130065918,0.4230506420135498,1,1
3810,6,Paul_Pierce/Paul_Pierce_0001.jpg,Paul_Pierce/Paul_Pierce_0002.jpg,1,scored,0.7592064738273621,0.4230506420135498,1,1
3811,6,Paul_Shanley/Paul_Shanley_0002.jpg,Paul_Shanley/Paul_Shanley_0003.jpg,1,scored,0.7672269344329834,0.4230506420135498,1,1
3812,6,Phil_Mickelson/Phil_Mickelson_0001.jpg,Phil_Mickelson/Phil_Mickelson_0002.jpg,1,scored,0.7606910467147827,0.4230506420135498,1,1
3813,6,Princess_Anne/Princess_Anne_0001.jpg,Princess_Anne/Princess_Anne_0002.jpg,1,scored,0.7989627122879028,0.4230506420135498,1,1
3814,6,Princess_Elisabeth/Princess_Elisabeth_0001.jpg,Princess_Elisabeth/Princess_Elisabeth_0002.jpg,1,scored,0.8102459907531738,0.4230506420135498,1,1
3815,6,Priscilla_Owen/Priscilla_Owen_0001.jpg,Priscilla_Owen/Priscilla_Owen_0002.jpg,1,scored,0.7012207508087158,0.4230506420135498,1,1
3816,6,Queen_Rania/Queen_Rania_0002.jpg,Queen_Rania/Queen_Rania_0003.jpg,1,scored,0.7775951623916626,0.4230506420135498,1,1
3817,6,Rachel_Hunter/Rachel_Hunter_0001.jpg,Rachel_Hunter/Rachel_Hunter_0004.jpg,1,scored,0.6950044631958008,0.4230506420135498,1,1
3818,6,Rachel_Hunter/Rachel_Hunter_0002.jpg,Rachel_Hunter/Rachel_Hunter_0003.jpg,1,scored,0.7640249133110046,0.4230506420135498,1,1
3819,6,Rachel_Hunter/Rachel_Hunter_0003.jpg,Rachel_Hunter/Rachel_Hunter_0004.jpg,1,scored,0.8471419811248779,0.4230506420135498,1,1
3820,6,Rafael_Ramirez/Rafael_Ramirez_0001.jpg,Rafael_Ramirez/Rafael_Ramirez_0002.jpg,1,scored,0.9025957584381104,0.4230506420135498,1,1
3821,6,Rafael_Ramirez/Rafael_Ramirez_0002.jpg,Rafael_Ramirez/Rafael_Ramirez_0003.jpg,1,scored,0.7972983717918396,0.4230506420135498,1,1
3822,6,Rafael_Ramirez/Rafael_Ramirez_0002.jpg,Rafael_Ramirez/Rafael_Ramirez_0004.jpg,1,scored,0.8669633865356445,0.4230506420135498,1,1
3823,6,Ralph_Lauren/Ralph_Lauren_0001.jpg,Ralph_Lauren/Ralph_Lauren_0002.jpg,1,scored,0.8456138372421265,0.4230506420135498,1,1
3824,6,Recep_Tayyip_Erdogan/Recep_Tayyip_Erdogan_0002.jpg,Recep_Tayyip_Erdogan/Recep_Tayyip_Erdogan_0016.jpg,1,scored,0.8278853893280029,0.4230506420135498,1,1
3825,6,Recep_Tayyip_Erdogan/Recep_Tayyip_Erdogan_0017.jpg,Recep_Tayyip_Erdogan/Recep_Tayyip_Erdogan_0019.jpg,1,scored,0.8737614750862122,0.4230506420135498,1,1
3826,6,Reese_Witherspoon/Reese_Witherspoon_0003.jpg,Reese_Witherspoon/Reese_Witherspoon_0004.jpg,1,scored,0.6941751837730408,0.4230506420135498,1,1
3827,6,Richard_Armitage/Richard_Armitage_0002.jpg,Richard_Armitage/Richard_Armitage_0005.jpg,1,scored,0.7461377382278442,0.4230506420135498,1,1
3828,6,Richard_Armitage/Richard_Armitage_0006.jpg,Richard_Armitage/Richard_Armitage_0007.jpg,1,scored,0.6718672513961792,0.4230506420135498,1,1
3829,6,Richard_Armitage/Richard_Armitage_0006.jpg,Richard_Armitage/Richard_Armitage_0009.jpg,1,scored,0.5971903800964355,0.4230506420135498,1,1
3830,6,Richard_Armitage/Richard_Armitage_0008.jpg,Richard_Armitage/Richard_Armitage_0009.jpg,1,scored,0.7452221512794495,0.4230506420135498,1,1
3831,6,Richard_Gephardt/Richard_Gephardt_0002.jpg,Richard_Gephardt/Richard_Gephardt_0010.jpg,1,scored,0.8269803524017334,0.4230506420135498,1,1
3832,6,Richard_Gephardt/Richard_Gephardt_0003.jpg,Richard_Gephardt/Richard_Gephardt_0011.jpg,1,scored,0.8477734923362732,0.4230506420135498,1,1
3833,6,Richard_Gephardt/Richard_Gephardt_0005.jpg,Richard_Gephardt/Richard_Gephardt_0009.jpg,1,scored,0.8761186599731445,0.4230506420135498,1,1
3834,6,Richard_Gephardt/Richard_Gephardt_0010.jpg,Richard_Gephardt/Richard_Gephardt_0011.jpg,1,scored,0.916722297668457,0.4230506420135498,1,1
3835,6,Richard_Norton-Taylor/Richard_Norton-Taylor_0001.jpg,Richard_Norton-Taylor/Richard_Norton-Taylor_0002.jpg,1,scored,0.9274574518203735,0.4230506420135498,1,1
3836,6,Richie_Adubato/Richie_Adubato_0001.jpg,Richie_Adubato/Richie_Adubato_0002.jpg,1,scored,0.8110306262969971,0.4230506420135498,1,1
3837,6,Robert_Bullock/Robert_Bullock_0001.jpg,Robert_Bullock/Robert_Bullock_0002.jpg,1,scored,0.8067526817321777,0.4230506420135498,1,1
3838,6,Robert_Mueller/Robert_Mueller_0004.jpg,Robert_Mueller/Robert_Mueller_0005.jpg,1,scored,0.90241539478302,0.4230506420135498,1,1
3839,6,Robert_Mugabe/Robert_Mugabe_0001.jpg,Robert_Mugabe/Robert_Mugabe_0002.jpg,1,scored,0.9026464223861694,0.4230506420135498,1,1
3840,6,Robert_Zoellick/Robert_Zoellick_0002.jpg,Robert_Zoellick/Robert_Zoellick_0003.jpg,1,scored,0.8141261339187622,0.4230506420135498,1,1
3841,6,Robert_Zoellick/Robert_Zoellick_0003.jpg,Robert_Zoellick/Robert_Zoellick_0007.jpg,1,scored,0.7384854555130005,0.4230506420135498,1,1
3842,6,Roberto_Benigni/Roberto_Benigni_0001.jpg,Roberto_Benigni/Roberto_Benigni_0002.jpg,1,scored,0.7826350927352905,0.4230506420135498,1,1
3843,6,Roh_Moo-hyun/Roh_Moo-hyun_0028.jpg,Roh_Moo-hyun/Roh_Moo-hyun_0032.jpg,1,scored,0.9610745310783386,0.4230506420135498,1,1
3844,6,Roman_Polanski/Roman_Polanski_0002.jpg,Roman_Polanski/Roman_Polanski_0003.jpg,1,scored,0.7567061185836792,0.4230506420135498,1,1
3845,6,Roman_Polanski/Roman_Polanski_0004.jpg,Roman_Polanski/Roman_Polanski_0006.jpg,1,scored,0.7351384162902832,0.4230506420135498,1,1
3846,6,Ron_Howard/Ron_Howard_0001.jpg,Ron_Howard/Ron_Howard_0002.jpg,1,scored,0.9146829843521118,0.4230506420135498,1,1
3847,6,Ronald_Reagan/Ronald_Reagan_0001.jpg,Ronald_Reagan/Ronald_Reagan_0003.jpg,1,scored,0.7950189113616943,0.4230506420135498,1,1
3848,6,Ronald_Reagan/Ronald_Reagan_0002.jpg,Ronald_Reagan/Ronald_Reagan_0003.jpg,1,scored,0.8066229224205017,0.4230506420135498,1,1
3849,6,Rosemarie_Stack/Rosemarie_Stack_0001.jpg,Rosemarie_Stack/Rosemarie_Stack_0002.jpg,1,scored,0.7816181182861328,0.4230506420135498,1,1
3850,6,Roy_Jones_Jr/Roy_Jones_Jr_0001.jpg,Roy_Jones_Jr/Roy_Jones_Jr_0002.jpg,1,scored,0.7352699637413025,0.4230506420135498,1,1
3851,6,Rupert_Murdoch/Rupert_Murdoch_0001.jpg,Rupert_Murdoch/Rupert_Murdoch_0002.jpg,1,scored,0.5840712785720825,0.4230506420135498,1,1
3852,6,Saburo_Kawabuchi/Saburo_Kawabuchi_0001.jpg,Saburo_Kawabuchi/Saburo_Kawabuchi_0002.jpg,1,scored,0.9334474205970764,0.4230506420135498,1,1
3853,6,Sam_Mendes/Sam_Mendes_0001.jpg,Sam_Mendes/Sam_Mendes_0002.jpg,1,scored,0.840943455696106,0.4230506420135498,1,1
3854,6,Sam_Torrance/Sam_Torrance_0001.jpg,Sam_Torrance/Sam_Torrance_0002.jpg,1,scored,0.8404424786567688,0.4230506420135498,1,1
3855,6,Sam_Torrance/Sam_Torrance_0001.jpg,Sam_Torrance/Sam_Torrance_0003.jpg,1,scored,0.9513942003250122,0.4230506420135498,1,1
3856,6,Sam_Torrance/Sam_Torrance_0002.jpg,Sam_Torrance/Sam_Torrance_0003.jpg,1,scored,0.7879123687744141,0.4230506420135498,1,1
3857,6,Sergei_Ivanov/Sergei_Ivanov_0001.jpg,Sergei_Ivanov/Sergei_Ivanov_0003.jpg,1,scored,0.584923505783081,0.4230506420135498,1,1
3858,6,Sergio_Vieira_De_Mello/Sergio_Vieira_De_Mello_0001.jpg,Sergio_Vieira_De_Mello/Sergio_Vieira_De_Mello_0002.jpg,1,scored,0.7340796589851379,0.4230506420135498,1,1
3859,6,Sergio_Vieira_De_Mello/Sergio_Vieira_De_Mello_0004.jpg,Sergio_Vieira_De_Mello/Sergio_Vieira_De_Mello_0009.jpg,1,scored,0.8168375492095947,0.4230506420135498,1,1
3860,6,Sergio_Vieira_De_Mello/Sergio_Vieira_De_Mello_0007.jpg,Sergio_Vieira_De_Mello/Sergio_Vieira_De_Mello_0008.jpg,1,scored,0.8931397795677185,0.4230506420135498,1,1
3861,6,Sergio_Vieira_De_Mello/Sergio_Vieira_De_Mello_0008.jpg,Sergio_Vieira_De_Mello/Sergio_Vieira_De_Mello_0011.jpg,1,scored,0.9367595911026001,0.4230506420135498,1,1
3862,6,Shannon_OBrien/Shannon_OBrien_0001.jpg,Shannon_OBrien/Shannon_OBrien_0002.jpg,1,scored,0.6301103830337524,0.4230506420135498,1,1
3863,6,Sheila_Fraser/Sheila_Fraser_0001.jpg,Sheila_Fraser/Sheila_Fraser_0002.jpg,1,scored,0.8583039045333862,0.4230506420135498,1,1
3864,6,Shimon_Peres/Shimon_Peres_0001.jpg,Shimon_Peres/Shimon_Peres_0003.jpg,1,scored,0.5672893524169922,0.4230506420135498,1,1
3865,6,Shimon_Peres/Shimon_Peres_0003.jpg,Shimon_Peres/Shimon_Peres_0004.jpg,1,scored,0.8125849962234497,0.4230506420135498,1,1
3866,6,Shimon_Peres/Shimon_Peres_0004.jpg,Shimon_Peres/Shimon_Peres_0007.jpg,1,scored,0.762292742729187,0.4230506420135498,1,1
3867,6,Sourav_Ganguly/Sourav_Ganguly_0001.jpg,Sourav_Ganguly/Sourav_Ganguly_0003.jpg,1,scored,0.595207929611206,0.4230506420135498,1,1
3868,6,Stanley_McChrystal/Stanley_McChrystal_0001.jpg,Stanley_McChrystal/Stanley_McChrystal_0003.jpg,1,scored,0.7879693508148193,0.4230506420135498,1,1
3869,6,Stanley_McChrystal/Stanley_McChrystal_0002.jpg,Stanley_McChrystal/Stanley_McChrystal_0003.jpg,1,scored,0.6357990503311157,0.4230506420135498,1,1
3870,6,Steve_Lavin/Steve_Lavin_0001.jpg,Steve_Lavin/Steve_Lavin_0004.jpg,1,scored,0.7521746158599854,0.4230506420135498,1,1
3871,6,Strom_Thurmond/Strom_Thurmond_0001.jpg,Strom_Thurmond/Strom_Thurmond_0003.jpg,1,scored,0.6385104656219482,0.4230506420135498,1,1
3872,6,Surakait_Sathirathai/Surakait_Sathirathai_0001.jpg,Surakait_Sathirathai/Surakait_Sathirathai_0002.jpg,1,scored,0.5152401328086853,0.4230506420135498,1,1
3873,6,Susan_Collins/Susan_Collins_0001.jpg,Susan_Collins/Susan_Collins_0002.jpg,1,scored,0.8400526642799377,0.4230506420135498,1,1
3874,6,Tariq_Aziz/Tariq_Aziz_0003.jpg,Tariq_Aziz/Tariq_Aziz_0005.jpg,1,scored,0.70990389585495,0.4230506420135498,1,1
3875,6,Terry_Stotts/Terry_Stotts_0001.jpg,Terry_Stotts/Terry_Stotts_0002.jpg,1,scored,0.7211191654205322,0.4230506420135498,1,1
3876,6,Thaksin_Shinawatra/Thaksin_Shinawatra_0005.jpg,Thaksin_Shinawatra/Thaksin_Shinawatra_0006.jpg,1,scored,0.8489402532577515,0.4230506420135498,1,1
3877,6,Thomas_OBrien/Thomas_OBrien_0003.jpg,Thomas_OBrien/Thomas_OBrien_0009.jpg,1,scored,0.840765118598938,0.4230506420135498,1,1
3878,6,Tim_Chapman/Tim_Chapman_0001.jpg,Tim_Chapman/Tim_Chapman_0002.jpg,1,scored,0.6024142503738403,0.4230506420135498,1,1
3879,6,Tom_Hanks/Tom_Hanks_0001.jpg,Tom_Hanks/Tom_Hanks_0007.jpg,1,scored,0.8070241212844849,0.4230506420135498,1,1
3880,6,Tom_Hanks/Tom_Hanks_0004.jpg,Tom_Hanks/Tom_Hanks_0006.jpg,1,scored,0.825127363204956,0.4230506420135498,1,1
3881,6,Tom_Hanks/Tom_Hanks_0004.jpg,Tom_Hanks/Tom_Hanks_0009.jpg,1,scored,0.5257984399795532,0.4230506420135498,1,1
3882,6,Tom_Hanks/Tom_Hanks_0005.jpg,Tom_Hanks/Tom_Hanks_0006.jpg,1,scored,0.5738814473152161,0.4230506420135498,1,1
3883,6,Tom_Reilly/Tom_Reilly_0001.jpg,Tom_Reilly/Tom_Reilly_0002.jpg,1,scored,0.7876626253128052,0.4230506420135498,1,1
3884,6,Tom_Reilly/Tom_Reilly_0002.jpg,Tom_Reilly/Tom_Reilly_0003.jpg,1,scored,0.730202853679657,0.4230506420135498,1,1
3885,6,Tommy_Franks/Tommy_Franks_0002.jpg,Tommy_Franks/Tommy_Franks_0004.jpg,1,scored,0.4453313946723938,0.4230506420135498,1,1
3886,6,Tommy_Franks/Tommy_Franks_0004.jpg,Tommy_Franks/Tommy_Franks_0008.jpg,1,scored,0.4951726496219635,0.4230506420135498,1,1
3887,6,Valery_Giscard_dEstaing/Valery_Giscard_dEstaing_0001.jpg,Valery_Giscard_dEstaing/Valery_Giscard_dEstaing_0002.jpg,1,scored,0.8000456094741821,0.4230506420135498,1,1
3888,6,Valery_Giscard_dEstaing/Valery_Giscard_dEstaing_0001.jpg,Valery_Giscard_dEstaing/Valery_Giscard_dEstaing_0006.jpg,1,scored,0.8057794570922852,0.4230506420135498,1,1
3889,6,Vanessa_Williams/Vanessa_Williams_0001.jpg,Vanessa_Williams/Vanessa_Williams_0002.jpg,1,scored,0.5948487520217896,0.4230506420135498,1,1
3890,6,Vanessa_Williams/Vanessa_Williams_0002.jpg,Vanessa_Williams/Vanessa_Williams_0003.jpg,1,scored,0.6590733528137207,0.4230506420135498,1,1
3891,6,Victoria_Beckham/Victoria_Beckham_0001.jpg,Victoria_Beckham/Victoria_Beckham_0002.jpg,1,scored,0.4162781238555908,0.4230506420135498,0,0
3892,6,Victoria_Beckham/Victoria_Beckham_0001.jpg,Victoria_Beckham/Victoria_Beckham_0003.jpg,1,scored,0.3056582808494568,0.4230506420135498,0,0
3893,6,Victoria_Beckham/Victoria_Beckham_0002.jpg,Victoria_Beckham/Victoria_Beckham_0003.jpg,1,scored,0.7744965553283691,0.4230506420135498,1,1
3894,6,Vladimir_Putin/Vladimir_Putin_0016.jpg,Vladimir_Putin/Vladimir_Putin_0021.jpg,1,scored,0.9249171018600464,0.4230506420135498,1,1
3895,6,Vladimir_Putin/Vladimir_Putin_0022.jpg,Vladimir_Putin/Vladimir_Putin_0031.jpg,1,scored,0.7691919803619385,0.4230506420135498,1,1
3896,6,Warren_Beatty/Warren_Beatty_0001.jpg,Warren_Beatty/Warren_Beatty_0002.jpg,1,scored,0.8072174191474915,0.4230506420135498,1,1
3897,6,Yasar_Yakis/Yasar_Yakis_0001.jpg,Yasar_Yakis/Yasar_Yakis_0004.jpg,1,scored,0.7155705094337463,0.4230506420135498,1,1
3898,6,Yoko_Ono/Yoko_Ono_0001.jpg,Yoko_Ono/Yoko_Ono_0004.jpg,1,scored,0.8800021409988403,0.4230506420135498,1,1
3899,6,Yoko_Ono/Yoko_Ono_0002.jpg,Yoko_Ono/Yoko_Ono_0004.jpg,1,scored,0.9211384057998657,0.4230506420135498,1,1
3900,6,AJ_Lamas/AJ_Lamas_0001.jpg,Chris_Penn/Chris_Penn_0001.jpg,0,scored,-0.0900537297129631,0.4230506420135498,0,1
3901,6,Ahmed_Qureia/Ahmed_Qureia_0001.jpg,Stanley_McChrystal/Stanley_McChrystal_0003.jpg,0,scored,0.03610513359308243,0.4230506420135498,0,1
3902,6,Ahmet_Necdet_Sezer/Ahmet_Necdet_Sezer_0001.jpg,John_Rowe/John_Rowe_0001.jpg,0,scored,0.0806209072470665,0.4230506420135498,0,1
3903,6,Alan_Dreher/Alan_Dreher_0001.jpg,Emily_Mason/Emily_Mason_0001.jpg,0,scored,0.15682025253772736,0.4230506420135498,0,1
3904,6,Alan_Dreher/Alan_Dreher_0001.jpg,Francisco_Santos/Francisco_Santos_0001.jpg,0,scored,0.2527969777584076,0.4230506420135498,0,1
3905,6,Alan_Dreher/Alan_Dreher_0001.jpg,Robert_Bullock/Robert_Bullock_0002.jpg,0,scored,0.12047024816274643,0.4230506420135498,0,1
3906,6,Alan_Mulally/Alan_Mulally_0002.jpg,Tomomi_Morita/Tomomi_Morita_0001.jpg,0,scored,0.18451954424381256,0.4230506420135498,0,1
3907,6,Alan_Stonecipher/Alan_Stonecipher_0001.jpg,Luis_Gonzalez/Luis_Gonzalez_0001.jpg,0,scored,0.22310349345207214,0.4230506420135498,0,1
3908,6,Alberto_Ruiz_Gallardon/Alberto_Ruiz_Gallardon_0001.jpg,James_Smith/James_Smith_0002.jpg,0,scored,0.008561056107282639,0.4230506420135498,0,1
3909,6,Alessandra_Cerna/Alessandra_Cerna_0001.jpg,John_Darby/John_Darby_0001.jpg,0,scored,0.003443557769060135,0.4230506420135498,0,1
3910,6,Alessandra_Cerna/Alessandra_Cerna_0001.jpg,John_Rowland/John_Rowland_0002.jpg,0,scored,0.07616476714611053,0.4230506420135498,0,1
3911,6,Alessandra_Cerna/Alessandra_Cerna_0001.jpg,Marina_Canetti/Marina_Canetti_0001.jpg,0,scored,0.15474069118499756,0.4230506420135498,0,1
3912,6,Alessandra_Cerna/Alessandra_Cerna_0001.jpg,Randy_Jackson/Randy_Jackson_0001.jpg,0,scored,-0.056284792721271515,0.4230506420135498,0,1
3913,6,Alessandra_Cerna/Alessandra_Cerna_0001.jpg,Richard_Jewell/Richard_Jewell_0001.jpg,0,scored,0.16739311814308167,0.4230506420135498,0,1
3914,6,Alex_Cabrera/Alex_Cabrera_0001.jpg,Fred_Huff/Fred_Huff_0001.jpg,0,scored,0.18682557344436646,0.4230506420135498,0,1
3915,6,Alex_Cabrera/Alex_Cabrera_0001.jpg,Tommy_Franks/Tommy_Franks_0009.jpg,0,scored,-0.10494352877140045,0.4230506420135498,0,1
3916,6,Alex_Corretja/Alex_Corretja_0001.jpg,Jacky_Cheung/Jacky_Cheung_0001.jpg,0,scored,-0.07850970327854156,0.4230506420135498,0,1
3917,6,Alexandra_Spann/Alexandra_Spann_0001.jpg,Beth_Blough/Beth_Blough_0001.jpg,0,scored,0.1941232532262802,0.4230506420135498,0,1
3918,6,Ali_Hammoud/Ali_Hammoud_0001.jpg,Randy_Jackson/Randy_Jackson_0001.jpg,0,scored,0.10361556708812714,0.4230506420135498,0,1
3919,6,Almeida_Baptista/Almeida_Baptista_0001.jpg,Jan_Peter_Balkenende/Jan_Peter_Balkenende_0001.jpg,0,scored,0.05650315433740616,0.4230506420135498,0,1
3920,6,Almeida_Baptista/Almeida_Baptista_0001.jpg,Jason_Mewes/Jason_Mewes_0001.jpg,0,scored,-0.06381338834762573,0.4230506420135498,0,1
3921,6,Almeida_Baptista/Almeida_Baptista_0001.jpg,Taoufik_Mathlouthi/Taoufik_Mathlouthi_0001.jpg,0,scored,-0.11357440054416656,0.4230506420135498,0,1
3922,6,Amanda_Bynes/Amanda_Bynes_0002.jpg,Grant_Rossenmeyer/Grant_Rossenmeyer_0001.jpg,0,scored,0.08035261929035187,0.4230506420135498,0,1
3923,6,Amy_Cotton/Amy_Cotton_0001.jpg,Matt_Walters/Matt_Walters_0001.jpg,0,scored,0.25344735383987427,0.4230506420135498,0,1
3924,6,Amy_Cotton/Amy_Cotton_0001.jpg,Roberto_Guaterroma/Roberto_Guaterroma_0001.jpg,0,scored,0.0821695551276207,0.4230506420135498,0,1
3925,6,Andrew_Jarecki/Andrew_Jarecki_0001.jpg,Barbara_Boxer/Barbara_Boxer_0001.jpg,0,scored,0.028361093252897263,0.4230506420135498,0,1
3926,6,Andrew_Jarecki/Andrew_Jarecki_0001.jpg,Tessa_Jowell/Tessa_Jowell_0001.jpg,0,scored,-0.16098594665527344,0.4230506420135498,0,1
3927,6,Andy_North/Andy_North_0001.jpg,Eric_Hinske/Eric_Hinske_0001.jpg,0,scored,0.009083570912480354,0.4230506420135498,0,1
3928,6,Andy_North/Andy_North_0001.jpg,Marina_Kuptsova/Marina_Kuptsova_0001.jpg,0,scored,-0.041139859706163406,0.4230506420135498,0,1
3929,6,Andy_North/Andy_North_0001.jpg,Phil_Bennett/Phil_Bennett_0001.jpg,0,scored,0.23788869380950928,0.4230506420135498,0,1
3930,6,Angela_Merkel/Angela_Merkel_0002.jpg,Hal_Gehman/Hal_Gehman_0001.jpg,0,scored,0.2035757601261139,0.4230506420135498,0,1
3931,6,Angela_Merkel/Angela_Merkel_0003.jpg,Anna_Jones/Anna_Jones_0001.jpg,0,scored,0.11599048972129822,0.4230506420135498,0,1
3932,6,Angela_Merkel/Angela_Merkel_0003.jpg,Frank_Griswold/Frank_Griswold_0001.jpg,0,scored,0.04153696447610855,0.4230506420135498,0,1
3933,6,Anna_Jones/Anna_Jones_0001.jpg,Ray_Romano/Ray_Romano_0008.jpg,0,scored,0.04186772555112839,0.4230506420135498,0,1
3934,6,Anthony_LaPaglia/Anthony_LaPaglia_0001.jpg,Roberto_Guaterroma/Roberto_Guaterroma_0001.jpg,0,scored,0.20507998764514923,0.4230506420135498,0,1
3935,6,Arlen_Specter/Arlen_Specter_0001.jpg,Bill_Butler/Bill_Butler_0001.jpg,0,scored,0.07449288666248322,0.4230506420135498,0,1
3936,6,Arlen_Specter/Arlen_Specter_0002.jpg,Barbara_Boxer/Barbara_Boxer_0001.jpg,0,scored,0.2588692605495453,0.4230506420135498,0,1
3937,6,Atal_Bihari_Vajpayee/Atal_Bihari_Vajpayee_0003.jpg,Ruben_Sierra/Ruben_Sierra_0001.jpg,0,scored,0.12328652292490005,0.4230506420135498,0,1
3938,6,Atsushi_Sato/Atsushi_Sato_0001.jpg,Monica_Serra/Monica_Serra_0001.jpg,0,scored,0.07596572488546371,0.4230506420135498,0,1
3939,6,Baburam_Bhattari/Baburam_Bhattari_0001.jpg,Muhammad_Saeed_al-Sahhaf/Muhammad_Saeed_al-Sahhaf_0004.jpg,0,scored,0.04074934870004654,0.4230506420135498,0,1
3940,6,Barry_Alvarez/Barry_Alvarez_0001.jpg,John_Jones/John_Jones_0001.jpg,0,scored,0.3906323313713074,0.4230506420135498,0,1
3941,6,Bill_Belichick/Bill_Belichick_0001.jpg,John_Petty/John_Petty_0001.jpg,0,scored,0.019612714648246765,0.4230506420135498,0,1
3942,6,Bill_Belichick/Bill_Belichick_0001.jpg,Phillipe_Comtois/Phillipe_Comtois_0001.jpg,0,scored,-0.0911182165145874,0.4230506420135498,0,1
3943,6,Bill_Belichick/Bill_Belichick_0002.jpg,Roger_Machado/Roger_Machado_0001.jpg,0,scored,0.09031985700130463,0.4230506420135498,0,1
3944,6,Bill_Byrne/Bill_Byrne_0001.jpg,Bill_Sizemore/Bill_Sizemore_0001.jpg,0,scored,0.19054274260997772,0.4230506420135498,0,1
3945,6,Bill_Curry/Bill_Curry_0001.jpg,Ellen_Martin/Ellen_Martin_0001.jpg,0,scored,0.016333915293216705,0.4230506420135498,0,1
3946,6,Bill_Curry/Bill_Curry_0001.jpg,Richard_Langille/Richard_Langille_0001.jpg,0,scored,0.17453676462173462,0.4230506420135498,0,1
3947,6,Bill_Curry/Bill_Curry_0001.jpg,Roberto_Guaterroma/Roberto_Guaterroma_0001.jpg,0,scored,-0.07600919902324677,0.4230506420135498,0,1
3948,6,Billy_Beane/Billy_Beane_0001.jpg,Tom_Welch/Tom_Welch_0001.jpg,0,scored,0.36720067262649536,0.4230506420135498,0,1
3949,6,Boris_Trajkovski/Boris_Trajkovski_0001.jpg,Laurent_Gbagbo/Laurent_Gbagbo_0002.jpg,0,scored,-0.1796587109565735,0.4230506420135498,0,1
3950,6,Brad_Brownell/Brad_Brownell_0001.jpg,Hussam_Mohammed_Amin/Hussam_Mohammed_Amin_0001.jpg,0,scored,-0.404090017080307,0.4230506420135498,0,1
3951,6,Brandon_Fails/Brandon_Fails_0001.jpg,Christian_Lirette/Christian_Lirette_0001.jpg,0,scored,0.2261010706424713,0.4230506420135498,0,1
3952,6,Brandon_Fails/Brandon_Fails_0001.jpg,Ellen_Engleman/Ellen_Engleman_0002.jpg,0,scored,0.01838884875178337,0.4230506420135498,0,1
3953,6,Brandon_Inge/Brandon_Inge_0001.jpg,Eric_Lloyd/Eric_Lloyd_0001.jpg,0,scored,0.0757065862417221,0.4230506420135498,0,1
3954,6,Brenda_Magana/Brenda_Magana_0001.jpg,Nikolay_Davydenko/Nikolay_Davydenko_0001.jpg,0,scored,-0.1830235719680786,0.4230506420135498,0,1
3955,6,Brian_Jordan/Brian_Jordan_0001.jpg,Joe_Cravens/Joe_Cravens_0001.jpg,0,scored,-0.05957695469260216,0.4230506420135498,0,1
3956,6,Brian_Lara/Brian_Lara_0001.jpg,John_Darby/John_Darby_0001.jpg,0,scored,0.14362403750419617,0.4230506420135498,0,1
3957,6,Brian_Lara/Brian_Lara_0001.jpg,Stanley_Nelson/Stanley_Nelson_0001.jpg,0,scored,0.29836052656173706,0.4230506420135498,0,1
3958,6,Calvin_Harrison/Calvin_Harrison_0001.jpg,Luis_Gonzalez_Macchi/Luis_Gonzalez_Macchi_0003.jpg,0,scored,-0.0003187302500009537,0.4230506420135498,0,1
3959,6,Calvin_Harrison/Calvin_Harrison_0001.jpg,Richard_Gephardt/Richard_Gephardt_0009.jpg,0,scored,0.10710988193750381,0.4230506420135498,0,1
3960,6,Calvin_Harrison/Calvin_Harrison_0001.jpg,Suzanne_Fox/Suzanne_Fox_0001.jpg,0,scored,-0.045907195657491684,0.4230506420135498,0,1
3961,6,Camilla_Parker_Bowles/Camilla_Parker_Bowles_0002.jpg,Gustavo_Franco/Gustavo_Franco_0001.jpg,0,scored,0.1860746443271637,0.4230506420135498,0,1
3962,6,Carina_Lau_Ka-ling/Carina_Lau_Ka-ling_0001.jpg,Lin_Yi-fu/Lin_Yi-fu_0001.jpg,0,scored,0.10043412446975708,0.4230506420135498,0,1
3963,6,Carlos_Ortega/Carlos_Ortega_0003.jpg,Lionel_Hampton/Lionel_Hampton_0001.jpg,0,scored,0.11111663281917572,0.4230506420135498,0,1
3964,6,Carolina_Kluft/Carolina_Kluft_0003.jpg,Gwen_Stefani/Gwen_Stefani_0001.jpg,0,scored,0.2622525990009308,0.4230506420135498,0,1
3965,6,Carson_Palmer/Carson_Palmer_0003.jpg,Richard_Jewell/Richard_Jewell_0001.jpg,0,scored,0.14853088557720184,0.4230506420135498,0,1
3966,6,Catherine_Deneuve/Catherine_Deneuve_0004.jpg,Jade_Jagger/Jade_Jagger_0001.jpg,0,scored,0.12342411279678345,0.4230506420135498,0,1
3967,6,Catriona_Le_May_Doan/Catriona_Le_May_Doan_0001.jpg,Craig_Burley/Craig_Burley_0001.jpg,0,scored,0.03352464735507965,0.4230506420135498,0,1
3968,6,Catriona_Le_May_Doan/Catriona_Le_May_Doan_0001.jpg,Phil_Mickelson/Phil_Mickelson_0001.jpg,0,scored,0.03491438925266266,0.4230506420135498,0,1
3969,6,Charlie_Deane/Charlie_Deane_0001.jpg,Queen_Silvia/Queen_Silvia_0001.jpg,0,scored,0.08909064531326294,0.4230506420135498,0,1
3970,6,Charlotte_Church/Charlotte_Church_0001.jpg,Kaoru_Hasuike/Kaoru_Hasuike_0001.jpg,0,scored,-0.06174006313085556,0.4230506420135498,0,1
3971,6,Charlotte_Church/Charlotte_Church_0001.jpg,Sourav_Ganguly/Sourav_Ganguly_0001.jpg,0,scored,0.06968655437231064,0.4230506420135498,0,1
3972,6,Cheryl_Hines/Cheryl_Hines_0001.jpg,Du_Qinglin/Du_Qinglin_0001.jpg,0,scored,0.0961240604519844,0.4230506420135498,0,1
3973,6,Cheryl_Hines/Cheryl_Hines_0001.jpg,Lane_Odom/Lane_Odom_0001.jpg,0,scored,-0.1482035219669342,0.4230506420135498,0,1
3974,6,Chin-Hui_Tsao/Chin-Hui_Tsao_0001.jpg,Rosemarie_Stack/Rosemarie_Stack_0001.jpg,0,scored,-0.059735219925642014,0.4230506420135498,0,1
3975,6,Choi_Sung-hong/Choi_Sung-hong_0004.jpg,Debra_Messing/Debra_Messing_0001.jpg,0,scored,-0.06985282897949219,0.4230506420135498,0,1
3976,6,Choi_Sung-hong/Choi_Sung-hong_0004.jpg,Frederique_van_der_Wal/Frederique_van_der_Wal_0001.jpg,0,scored,-0.04783117026090622,0.4230506420135498,0,1
3977,6,Chris_Penn/Chris_Penn_0001.jpg,Phil_Bennett/Phil_Bennett_0001.jpg,0,scored,0.19282600283622742,0.4230506420135498,0,1
3978,6,Chris_Penn/Chris_Penn_0001.jpg,Taoufik_Mathlouthi/Taoufik_Mathlouthi_0001.jpg,0,scored,0.00864163413643837,0.4230506420135498,0,1
3979,6,Christian_Lirette/Christian_Lirette_0001.jpg,Sargis_Sargsian/Sargis_Sargsian_0001.jpg,0,scored,-0.17811307311058044,0.4230506420135498,0,1
3980,6,Christina_Aguilera/Christina_Aguilera_0002.jpg,Joshua_Harapko/Joshua_Harapko_0001.jpg,0,scored,-0.040981654077768326,0.4230506420135498,0,1
3981,6,Christina_Aguilera/Christina_Aguilera_0004.jpg,Jerry_Falwell/Jerry_Falwell_0002.jpg,0,scored,-0.09834693372249603,0.4230506420135498,0,1
3982,6,Christopher_Amolsch/Christopher_Amolsch_0001.jpg,Steve_Pagliuca/Steve_Pagliuca_0001.jpg,0,scored,0.036478545516729355,0.4230506420135498,0,1
3983,6,Christopher_Matero/Christopher_Matero_0001.jpg,Valery_Giscard_dEstaing/Valery_Giscard_dEstaing_0001.jpg,0,scored,-0.19000333547592163,0.4230506420135498,0,1
3984,6,Claudine_Farrell/Claudine_Farrell_0001.jpg,Mike_Miller/Mike_Miller_0002.jpg,0,scored,-0.14489597082138062,0.4230506420135498,0,1
3985,6,Clive_Woodward/Clive_Woodward_0001.jpg,Douglas_Faneuil/Douglas_Faneuil_0001.jpg,0,scored,-0.15086889266967773,0.4230506420135498,0,1
3986,6,Clive_Woodward/Clive_Woodward_0001.jpg,Jose_Sarney/Jose_Sarney_0002.jpg,0,scored,0.2009119689464569,0.4230506420135498,0,1
3987,6,Coretta_Scott_King/Coretta_Scott_King_0001.jpg,Robert_Torricelli/Robert_Torricelli_0001.jpg,0,scored,0.034494657069444656,0.4230506420135498,0,1
3988,6,Cori_Enghusen/Cori_Enghusen_0001.jpg,Ernie_Stewart/Ernie_Stewart_0001.jpg,0,scored,-0.008357716724276543,0.4230506420135498,0,1
3989,6,Courtney_Love/Courtney_Love_0001.jpg,Jennifer_Aniston/Jennifer_Aniston_0003.jpg,0,scored,-0.21479198336601257,0.4230506420135498,0,1
3990,6,Courtney_Love/Courtney_Love_0001.jpg,Ruben_Sierra/Ruben_Sierra_0001.jpg,0,scored,-0.260686457157135,0.4230506420135498,0,1
3991,6,Craig_Burley/Craig_Burley_0001.jpg,Stanley_McChrystal/Stanley_McChrystal_0003.jpg,0,scored,0.45860984921455383,0.4230506420135498,1,0
3992,6,Daniel_Coats/Daniel_Coats_0001.jpg,Kathryn_Grayson/Kathryn_Grayson_0001.jpg,0,scored,-0.025607377290725708,0.4230506420135498,0,1
3993,6,Daniel_Day-Lewis/Daniel_Day-Lewis_0003.jpg,Scott_Yates/Scott_Yates_0001.jpg,0,scored,-0.14325760304927826,0.4230506420135498,0,1
3994,6,Daniela_Hantuchova/Daniela_Hantuchova_0001.jpg,Jan_Peter_Balkenende/Jan_Peter_Balkenende_0001.jpg,0,scored,-0.04031342640519142,0.4230506420135498,0,1
3995,6,Danny_Green/Danny_Green_0001.jpg,Rodrigo_Rato/Rodrigo_Rato_0001.jpg,0,scored,0.06794160604476929,0.4230506420135498,0,1
3996,6,Darin_Erstad/Darin_Erstad_0001.jpg,Steve_Fehr/Steve_Fehr_0001.jpg,0,scored,0.1151646226644516,0.4230506420135498,0,1
3997,6,Daryl_Smith/Daryl_Smith_0001.jpg,Reese_Witherspoon/Reese_Witherspoon_0004.jpg,0,scored,-0.06254836916923523,0.4230506420135498,0,1
3998,6,David_Hanson/David_Hanson_0001.jpg,Richard_Norton-Taylor/Richard_Norton-Taylor_0001.jpg,0,scored,0.003761637955904007,0.4230506420135498,0,1
3999,6,David_Hilt/David_Hilt_0001.jpg,Hipolito_Mejia/Hipolito_Mejia_0003.jpg,0,scored,0.03346899151802063,0.4230506420135498,0,1
4000,6,Dennis_Franchione/Dennis_Franchione_0001.jpg,Hugh_Miller/Hugh_Miller_0001.jpg,0,scored,-0.013659643009305,0.4230506420135498,0,1
4001,6,Dennis_Kucinich/Dennis_Kucinich_0003.jpg,Sam_Torrance/Sam_Torrance_0002.jpg,0,scored,-0.22579503059387207,0.4230506420135498,0,1
4002,6,Dennis_Kucinich/Dennis_Kucinich_0004.jpg,Radovan_Karadzic/Radovan_Karadzic_0001.jpg,0,scored,-0.16072174906730652,0.4230506420135498,0,1
4003,6,Dennis_Kucinich/Dennis_Kucinich_0006.jpg,Iain_Anderson/Iain_Anderson_0001.jpg,0,scored,0.0435672402381897,0.4230506420135498,0,1
4004,6,Derek_Bond/Derek_Bond_0001.jpg,John_Jumper/John_Jumper_0001.jpg,0,scored,0.26229315996170044,0.4230506420135498,0,1
4005,6,Diane_Ladd/Diane_Ladd_0001.jpg,Trevor_Watson/Trevor_Watson_0001.jpg,0,scored,-0.24833381175994873,0.4230506420135498,0,1
4006,6,Dick_Latessa/Dick_Latessa_0001.jpg,John_Burnett/John_Burnett_0001.jpg,0,scored,-0.035270772874355316,0.4230506420135498,0,1
4007,6,Dick_Latessa/Dick_Latessa_0002.jpg,Martha_Beatriz_Roque/Martha_Beatriz_Roque_0001.jpg,0,scored,-0.08014187216758728,0.4230506420135498,0,1
4008,6,Didier_Defago/Didier_Defago_0001.jpg,Jerry_Falwell/Jerry_Falwell_0002.jpg,0,scored,0.05035537853837013,0.4230506420135498,0,1
4009,6,Don_Hewitt/Don_Hewitt_0001.jpg,Guennadi_Chipouline/Guennadi_Chipouline_0001.jpg,0,scored,0.1146901473402977,0.4230506420135498,0,1
4010,6,Donald_Carty/Donald_Carty_0001.jpg,Ernie_Stewart/Ernie_Stewart_0001.jpg,0,scored,-0.09620210528373718,0.4230506420135498,0,1
4011,6,Donald_Carty/Donald_Carty_0001.jpg,Jeffrey_Immelt/Jeffrey_Immelt_0002.jpg,0,scored,0.07361938059329987,0.4230506420135498,0,1
4012,6,Donald_Carty/Donald_Carty_0001.jpg,Vladimir_Putin/Vladimir_Putin_0034.jpg,0,scored,0.20315177738666534,0.4230506420135498,0,1
4013,6,Du_Qinglin/Du_Qinglin_0001.jpg,Meryl_Streep/Meryl_Streep_0007.jpg,0,scored,0.20248344540596008,0.4230506420135498,0,1
4014,6,Dustan_Mohr/Dustan_Mohr_0001.jpg,Edward_Flynn/Edward_Flynn_0001.jpg,0,scored,-0.010331638157367706,0.4230506420135498,0,1
4015,6,Dustan_Mohr/Dustan_Mohr_0001.jpg,Enrik_Vendt/Enrik_Vendt_0001.jpg,0,scored,-0.061785727739334106,0.4230506420135498,0,1
4016,6,Dustan_Mohr/Dustan_Mohr_0001.jpg,Nikolay_Davydenko/Nikolay_Davydenko_0001.jpg,0,scored,0.09533116221427917,0.4230506420135498,0,1
4017,6,Dustan_Mohr/Dustan_Mohr_0001.jpg,Sourav_Ganguly/Sourav_Ganguly_0005.jpg,0,scored,-0.027250802144408226,0.4230506420135498,0,1
4018,6,Dustan_Mohr/Dustan_Mohr_0001.jpg,Theo_Angelopoulos/Theo_Angelopoulos_0001.jpg,0,scored,-0.022205688059329987,0.4230506420135498,0,1
4019,6,E_Clay_Shaw/E_Clay_Shaw_0001.jpg,Jerry_Jones/Jerry_Jones_0001.jpg,0,scored,0.16053862869739532,0.4230506420135498,0,1
4020,6,Eduard_Shevardnadze/Eduard_Shevardnadze_0003.jpg,Martha_Lucia_Ramirez/Martha_Lucia_Ramirez_0001.jpg,0,scored,0.04559039697051048,0.4230506420135498,0,1
4021,6,Edward_Flynn/Edward_Flynn_0001.jpg,Madeleine_Albright/Madeleine_Albright_0002.jpg,0,scored,-0.06677153706550598,0.4230506420135498,0,1
4022,6,Edward_Lu/Edward_Lu_0001.jpg,Robert_Zoellick/Robert_Zoellick_0007.jpg,0,scored,0.16758129000663757,0.4230506420135498,0,1
4023,6,Edwina_Currie/Edwina_Currie_0004.jpg,Eric_Hinske/Eric_Hinske_0002.jpg,0,scored,0.1602693796157837,0.4230506420135498,0,1
4024,6,Elena_de_Chavez/Elena_de_Chavez_0001.jpg,Jack_Goodman/Jack_Goodman_0001.jpg,0,scored,0.07853903621435165,0.4230506420135498,0,1
4025,6,Elizabeth_Shue/Elizabeth_Shue_0001.jpg,Odai_Hussein/Odai_Hussein_0001.jpg,0,scored,0.06267684698104858,0.4230506420135498,0,1
4026,6,Elizabeth_Shue/Elizabeth_Shue_0002.jpg,Princess_Hisako/Princess_Hisako_0001.jpg,0,scored,-0.14798565208911896,0.4230506420135498,0,1
4027,6,Elizabeth_Shue/Elizabeth_Shue_0002.jpg,Terry_Stotts/Terry_Stotts_0001.jpg,0,scored,-0.06869639456272125,0.4230506420135498,0,1
4028,6,Ellen_Engleman/Ellen_Engleman_0001.jpg,Guennadi_Chipouline/Guennadi_Chipouline_0001.jpg,0,scored,-0.1758555769920349,0.4230506420135498,0,1
4029,6,Ellen_Saracini/Ellen_Saracini_0001.jpg,Ray_Romano/Ray_Romano_0006.jpg,0,scored,-0.2902809679508209,0.4230506420135498,0,1
4030,6,Elsa_Zylberstein/Elsa_Zylberstein_0002.jpg,Matt_Braker/Matt_Braker_0001.jpg,0,scored,-0.15990972518920898,0.4230506420135498,0,1
4031,6,Elvis_Stojko/Elvis_Stojko_0001.jpg,Jerry_Falwell/Jerry_Falwell_0001.jpg,0,scored,0.03259111940860748,0.4230506420135498,0,1
4032,6,Elvis_Stojko/Elvis_Stojko_0001.jpg,Robert_Mueller/Robert_Mueller_0005.jpg,0,scored,0.05811268836259842,0.4230506420135498,0,1
4033,6,Emma_Thompson/Emma_Thompson_0003.jpg,Nathan_Doudney/Nathan_Doudney_0001.jpg,0,scored,-0.1194218248128891,0.4230506420135498,0,1
4034,6,Emmit_Smith/Emmit_Smith_0002.jpg,Rafael_Ramirez/Rafael_Ramirez_0004.jpg,0,scored,0.07883325219154358,0.4230506420135498,0,1
4035,6,Enrik_Vendt/Enrik_Vendt_0001.jpg,Lane_Odom/Lane_Odom_0001.jpg,0,scored,0.13881637156009674,0.4230506420135498,0,1
4036,6,Enrique_Oliu/Enrique_Oliu_0001.jpg,Markus_Naslund/Markus_Naslund_0001.jpg,0,scored,0.007666639983654022,0.4230506420135498,0,1
4037,6,Enrique_Oliu/Enrique_Oliu_0001.jpg,William_McDonough/William_McDonough_0001.jpg,0,scored,0.0630161464214325,0.4230506420135498,0,1
4038,6,Eric_Hinske/Eric_Hinske_0001.jpg,Juan_Antonio_Samaranch/Juan_Antonio_Samaranch_0001.jpg,0,scored,-0.1415635049343109,0.4230506420135498,0,1
4039,6,Eric_Lloyd/Eric_Lloyd_0001.jpg,Jessica_Alba/Jessica_Alba_0002.jpg,0,scored,0.17325757443904877,0.4230506420135498,0,1
4040,6,Eric_Lloyd/Eric_Lloyd_0001.jpg,Valery_Giscard_dEstaing/Valery_Giscard_dEstaing_0001.jpg,0,scored,0.07465902715921402,0.4230506420135498,0,1
4041,6,Ernie_Harwell/Ernie_Harwell_0001.jpg,Queen_Beatrix/Queen_Beatrix_0003.jpg,0,scored,0.028744295239448547,0.4230506420135498,0,1
4042,6,Felipe_Perez_Roque/Felipe_Perez_Roque_0002.jpg,MC_Hammer/MC_Hammer_0001.jpg,0,scored,-0.05291615426540375,0.4230506420135498,0,1
4043,6,Frank_Griswold/Frank_Griswold_0001.jpg,Yana_Klochkova/Yana_Klochkova_0001.jpg,0,scored,0.23238208889961243,0.4230506420135498,0,1
4044,6,Frank_Zappa/Frank_Zappa_0001.jpg,Markus_Naslund/Markus_Naslund_0001.jpg,0,scored,-0.015481649897992611,0.4230506420135498,0,1
4045,6,Frederique_van_der_Wal/Frederique_van_der_Wal_0001.jpg,Pedro_Mahecha/Pedro_Mahecha_0001.jpg,0,scored,-0.02251008152961731,0.4230506420135498,0,1
4046,6,Frederique_van_der_Wal/Frederique_van_der_Wal_0001.jpg,Raja_Zafar-ul-Haq/Raja_Zafar-ul-Haq_0001.jpg,0,scored,0.07511477917432785,0.4230506420135498,0,1
4047,6,Gary_Leon_Ridgway/Gary_Leon_Ridgway_0001.jpg,Robert_Wagner/Robert_Wagner_0001.jpg,0,scored,0.31211721897125244,0.4230506420135498,0,1
4048,6,Gary_Leon_Ridgway/Gary_Leon_Ridgway_0001.jpg,Scott_Yates/Scott_Yates_0001.jpg,0,scored,0.24526172876358032,0.4230506420135498,0,1
4049,6,Gary_Leon_Ridgway/Gary_Leon_Ridgway_0001.jpg,Yana_Klochkova/Yana_Klochkova_0001.jpg,0,scored,0.16556909680366516,0.4230506420135498,0,1
4050,6,Gene_Keady/Gene_Keady_0001.jpg,Mark_Sacco/Mark_Sacco_0001.jpg,0,scored,0.13481839001178741,0.4230506420135498,0,1
4051,6,George_Gregan/George_Gregan_0001.jpg,John_Negroponte/John_Negroponte_0027.jpg,0,scored,-0.1097264364361763,0.4230506420135498,0,1
4052,6,Glen_DaSilva/Glen_DaSilva_0001.jpg,Rachel_Hunter/Rachel_Hunter_0004.jpg,0,scored,-0.03454458341002464,0.4230506420135498,0,1
4053,6,Glen_DaSilva/Glen_DaSilva_0001.jpg,Robert_Mugabe/Robert_Mugabe_0002.jpg,0,scored,0.003479698672890663,0.4230506420135498,0,1
4054,6,Glen_Sather/Glen_Sather_0001.jpg,Leslie_Caldwell/Leslie_Caldwell_0003.jpg,0,scored,-0.009622648358345032,0.4230506420135498,0,1
4055,6,Glen_Sather/Glen_Sather_0001.jpg,Trevor_Watson/Trevor_Watson_0001.jpg,0,scored,0.0024512717500329018,0.4230506420135498,0,1
4056,6,Goran_Zivkovic/Goran_Zivkovic_0001.jpg,Lee_Soo-hyuck/Lee_Soo-hyuck_0002.jpg,0,scored,0.10910112410783768,0.4230506420135498,0,1
4057,6,Goran_Zivkovic/Goran_Zivkovic_0001.jpg,Martha_Sahagun_de_Fox/Martha_Sahagun_de_Fox_0001.jpg,0,scored,0.31238436698913574,0.4230506420135498,0,1
4058,6,Goran_Zivkovic/Goran_Zivkovic_0001.jpg,Shane_Reynolds/Shane_Reynolds_0001.jpg,0,scored,-0.09086421132087708,0.4230506420135498,0,1
4059,6,Grant_Rossenmeyer/Grant_Rossenmeyer_0001.jpg,Trevor_Watson/Trevor_Watson_0001.jpg,0,scored,-0.08531017601490021,0.4230506420135498,0,1
4060,6,Gregory_Hines/Gregory_Hines_0001.jpg,Marcus_Gronholm/Marcus_Gronholm_0002.jpg,0,scored,-0.21824967861175537,0.4230506420135498,0,1
4061,6,Guennadi_Chipouline/Guennadi_Chipouline_0001.jpg,Tom_Lantos/Tom_Lantos_0001.jpg,0,scored,0.05459226295351982,0.4230506420135498,0,1
4062,6,Guillermo_Ortiz/Guillermo_Ortiz_0001.jpg,Nestor_Santillan/Nestor_Santillan_0001.jpg,0,scored,-0.056565623730421066,0.4230506420135498,0,1
4063,6,Guillermo_Ortiz/Guillermo_Ortiz_0002.jpg,Strom_Thurmond/Strom_Thurmond_0002.jpg,0,scored,0.2578580379486084,0.4230506420135498,0,1
4064,6,Gus_Van_Sant/Gus_Van_Sant_0003.jpg,Natalie_Stewart/Natalie_Stewart_0001.jpg,0,scored,-0.19560283422470093,0.4230506420135498,0,1
4065,6,Gwen_Stefani/Gwen_Stefani_0001.jpg,Hugh_Miller/Hugh_Miller_0001.jpg,0,scored,-0.008843200281262398,0.4230506420135498,0,1
4066,6,Gwendal_Peizerat/Gwendal_Peizerat_0003.jpg,Turner_Stevenson/Turner_Stevenson_0001.jpg,0,scored,0.30064108967781067,0.4230506420135498,0,1
4067,6,Hal_Gehman/Hal_Gehman_0001.jpg,Scott_Yates/Scott_Yates_0001.jpg,0,scored,-0.2594984173774719,0.4230506420135498,0,1
4068,6,Hamad_Bin_Isa_al-Khalifa/Hamad_Bin_Isa_al-Khalifa_0001.jpg,Marta_Dominguz/Marta_Dominguz_0001.jpg,0,scored,-0.1552659124135971,0.4230506420135498,0,1
4069,6,Harrison_Ford/Harrison_Ford_0002.jpg,Marcus_Gronholm/Marcus_Gronholm_0001.jpg,0,scored,0.29332077503204346,0.4230506420135498,0,1
4070,6,Harvey_Wachsman/Harvey_Wachsman_0001.jpg,Narayan_Singh_Pun/Narayan_Singh_Pun_0001.jpg,0,scored,0.12027682363986969,0.4230506420135498,0,1
4071,6,Heather_Locklear/Heather_Locklear_0001.jpg,John_Mayer/John_Mayer_0003.jpg,0,scored,-0.16568903625011444,0.4230506420135498,0,1
4072,6,Heather_Locklear/Heather_Locklear_0001.jpg,Pablo_Khulental/Pablo_Khulental_0001.jpg,0,scored,-0.01543675921857357,0.4230506420135498,0,1
4073,6,Hichiro_Naemura/Hichiro_Naemura_0002.jpg,Richard_Jewell/Richard_Jewell_0001.jpg,0,scored,0.12178099155426025,0.4230506420135498,0,1
4074,6,Hipolito_Mejia/Hipolito_Mejia_0003.jpg,Jim_Ahern/Jim_Ahern_0001.jpg,0,scored,0.08024722337722778,0.4230506420135498,0,1
4075,6,Holly_Hunter/Holly_Hunter_0003.jpg,Joshua_Perper/Joshua_Perper_0001.jpg,0,scored,-0.023779133334755898,0.4230506420135498,0,1
4076,6,Hugh_Hefner/Hugh_Hefner_0001.jpg,Sam_Mendes/Sam_Mendes_0001.jpg,0,scored,0.01812155544757843,0.4230506420135498,0,1
4077,6,Iain_Anderson/Iain_Anderson_0001.jpg,James_Kopp/James_Kopp_0002.jpg,0,scored,0.061181411147117615,0.4230506420135498,0,1
4078,6,Iain_Anderson/Iain_Anderson_0001.jpg,Recep_Tayyip_Erdogan/Recep_Tayyip_Erdogan_0012.jpg,0,scored,0.2189878225326538,0.4230506420135498,0,1
4079,6,Ilan_Goldfajn/Ilan_Goldfajn_0001.jpg,Jennifer_Aniston/Jennifer_Aniston_0017.jpg,0,scored,0.03364041447639465,0.4230506420135498,0,1
4080,6,Ilie_Nastase/Ilie_Nastase_0001.jpg,Michael_Lopez-Alegria/Michael_Lopez-Alegria_0001.jpg,0,scored,-0.039118945598602295,0.4230506420135498,0,1
4081,6,Intisar_Ajouri/Intisar_Ajouri_0003.jpg,Lin_Yi-fu/Lin_Yi-fu_0001.jpg,0,scored,0.007614497095346451,0.4230506420135498,0,1
4082,6,Itamar_Franco/Itamar_Franco_0001.jpg,Jessica_Alba/Jessica_Alba_0001.jpg,0,scored,-0.17419400811195374,0.4230506420135498,0,1
4083,6,Jack_Goodman/Jack_Goodman_0001.jpg,Kirsten_Dunst/Kirsten_Dunst_0001.jpg,0,scored,0.12523153424263,0.4230506420135498,0,1
4084,6,Jack_Goodman/Jack_Goodman_0001.jpg,Saburo_Kawabuchi/Saburo_Kawabuchi_0002.jpg,0,scored,-0.01032082736492157,0.4230506420135498,0,1
4085,6,Jack_Nicholson/Jack_Nicholson_0001.jpg,Pat_Wharton/Pat_Wharton_0001.jpg,0,scored,0.20890435576438904,0.4230506420135498,0,1
4086,6,Jack_Valenti/Jack_Valenti_0001.jpg,Shinzo_Abe/Shinzo_Abe_0001.jpg,0,scored,0.04755684360861778,0.4230506420135498,0,1
4087,6,Jake_Plummer/Jake_Plummer_0001.jpg,Jose_Dirceu/Jose_Dirceu_0002.jpg,0,scored,-0.03448301553726196,0.4230506420135498,0,1
4088,6,Jakob_Kellenberger/Jakob_Kellenberger_0001.jpg,Lara_Logan/Lara_Logan_0001.jpg,0,scored,0.13505490124225616,0.4230506420135498,0,1
4089,6,Jakob_Kellenberger/Jakob_Kellenberger_0001.jpg,Pedro_Mahecha/Pedro_Mahecha_0001.jpg,0,scored,0.1353279948234558,0.4230506420135498,0,1
4090,6,James_Maguire/James_Maguire_0001.jpg,Ronald_Reagan/Ronald_Reagan_0001.jpg,0,scored,-0.256134033203125,0.4230506420135498,0,1
4091,6,James_Smith/James_Smith_0002.jpg,Kyra_Sedgwick/Kyra_Sedgwick_0001.jpg,0,scored,0.03903566673398018,0.4230506420135498,0,1
4092,6,Jason_Statham/Jason_Statham_0001.jpg,Kwame_Kilpatrick/Kwame_Kilpatrick_0001.jpg,0,scored,-0.02546260878443718,0.4230506420135498,0,1
4093,6,Jawad_Boulus/Jawad_Boulus_0001.jpg,Narayan_Singh_Pun/Narayan_Singh_Pun_0001.jpg,0,scored,-0.059170857071876526,0.4230506420135498,0,1
4094,6,Jean-Rene_Fourtou/Jean-Rene_Fourtou_0001.jpg,Roh_Moo-hyun/Roh_Moo-hyun_0028.jpg,0,scored,0.262065589427948,0.4230506420135498,0,1
4095,6,Jeannette_Biedermann/Jeannette_Biedermann_0001.jpg,Kenny_Brack/Kenny_Brack_0001.jpg,0,scored,-0.13943764567375183,0.4230506420135498,0,1
4096,6,Jennifer_Granholm/Jennifer_Granholm_0001.jpg,Trudi_Lacey/Trudi_Lacey_0001.jpg,0,scored,-0.04415227472782135,0.4230506420135498,0,1
4097,6,Jerelle_Kraus/Jerelle_Kraus_0001.jpg,Warren_Beatty/Warren_Beatty_0001.jpg,0,scored,0.09244871139526367,0.4230506420135498,0,1
4098,6,Jesus_Cardenal/Jesus_Cardenal_0001.jpg,Pablo_Khulental/Pablo_Khulental_0001.jpg,0,scored,0.0149657242000103,0.4230506420135498,0,1
4099,6,Jim_Hendry/Jim_Hendry_0001.jpg,Larry_Beinfest/Larry_Beinfest_0001.jpg,0,scored,0.26359444856643677,0.4230506420135498,0,1
4100,6,Joan_Claybrook/Joan_Claybrook_0002.jpg,Pablo_Latras/Pablo_Latras_0001.jpg,0,scored,-0.2372896373271942,0.4230506420135498,0,1
4101,6,Joaquin_Sanchez/Joaquin_Sanchez_0001.jpg,Richard_Armitage/Richard_Armitage_0001.jpg,0,scored,0.07637269049882889,0.4230506420135498,0,1
4102,6,Joe_Cocker/Joe_Cocker_0001.jpg,Martha_Beatriz_Roque/Martha_Beatriz_Roque_0001.jpg,0,scored,0.02538701891899109,0.4230506420135498,0,1
4103,6,Joe_Cocker/Joe_Cocker_0001.jpg,Randy_Jackson/Randy_Jackson_0001.jpg,0,scored,0.0647333636879921,0.4230506420135498,0,1
4104,6,Joe_Cravens/Joe_Cravens_0001.jpg,Sam_Mendes/Sam_Mendes_0001.jpg,0,scored,-0.0510471910238266,0.4230506420135498,0,1
4105,6,John_Barnett/John_Barnett_0001.jpg,Kathryn_Grayson/Kathryn_Grayson_0001.jpg,0,scored,0.14859037101268768,0.4230506420135498,0,1
4106,6,John_Darby/John_Darby_0001.jpg,Masum_Turker/Masum_Turker_0003.jpg,0,scored,-0.21998628973960876,0.4230506420135498,0,1
4107,6,John_Ferguson/John_Ferguson_0001.jpg,Paul_Schrader/Paul_Schrader_0001.jpg,0,scored,-0.09959465265274048,0.4230506420135498,0,1
4108,6,John_Paul_DeJoria/John_Paul_DeJoria_0001.jpg,Paul_Pierce/Paul_Pierce_0001.jpg,0,scored,-0.2800845205783844,0.4230506420135498,0,1
4109,6,John_Reilly/John_Reilly_0002.jpg,Princess_Hisako/Princess_Hisako_0001.jpg,0,scored,-0.016391366720199585,0.4230506420135498,0,1
4110,6,John_Rowland/John_Rowland_0002.jpg,Steve_Kerr/Steve_Kerr_0001.jpg,0,scored,-0.0764276385307312,0.4230506420135498,0,1
4111,6,Johnny_Depp/Johnny_Depp_0001.jpg,Leo_Mullin/Leo_Mullin_0001.jpg,0,scored,-0.1972721815109253,0.4230506420135498,0,1
4112,6,Johnny_Depp/Johnny_Depp_0001.jpg,Trudi_Lacey/Trudi_Lacey_0001.jpg,0,scored,-0.007676314562559128,0.4230506420135498,0,1
4113,6,Johnny_Htu/Johnny_Htu_0001.jpg,Roger_Machado/Roger_Machado_0001.jpg,0,scored,-0.025700511410832405,0.4230506420135498,0,1
4114,6,Jose_Dirceu/Jose_Dirceu_0001.jpg,Robert_Torricelli/Robert_Torricelli_0003.jpg,0,scored,0.12414240837097168,0.4230506420135498,0,1
4115,6,Juan_Antonio_Samaranch/Juan_Antonio_Samaranch_0001.jpg,Stefan_Koubek/Stefan_Koubek_0001.jpg,0,scored,0.003676189109683037,0.4230506420135498,0,1
4116,6,Juergen_Braehmer/Juergen_Braehmer_0001.jpg,Shawn_Bradley/Shawn_Bradley_0001.jpg,0,scored,0.339919775724411,0.4230506420135498,0,1
4117,6,Juergen_Braehmer/Juergen_Braehmer_0001.jpg,Travis_Rudolph/Travis_Rudolph_0001.jpg,0,scored,-0.1763792634010315,0.4230506420135498,0,1
4118,6,Kathryn_Grayson/Kathryn_Grayson_0001.jpg,Queen_Beatrix/Queen_Beatrix_0004.jpg,0,scored,0.3789195418357849,0.4230506420135498,0,1
4119,6,Kathryn_Grayson/Kathryn_Grayson_0001.jpg,Ruben_Sierra/Ruben_Sierra_0001.jpg,0,scored,-0.33867576718330383,0.4230506420135498,0,1
4120,6,Kathryn_Grayson/Kathryn_Grayson_0001.jpg,Shannon_OBrien/Shannon_OBrien_0002.jpg,0,scored,0.3146044909954071,0.4230506420135498,0,1
4121,6,Katie_Holmes/Katie_Holmes_0001.jpg,Park_Jung_Sung/Park_Jung_Sung_0001.jpg,0,scored,-0.08777648955583572,0.4230506420135498,0,1
4122,6,Kenny_Brack/Kenny_Brack_0001.jpg,Lin_Yi-fu/Lin_Yi-fu_0001.jpg,0,scored,-0.1041347086429596,0.4230506420135498,0,1
4123,6,Kwame_Kilpatrick/Kwame_Kilpatrick_0001.jpg,Shannon_OBrien/Shannon_OBrien_0002.jpg,0,scored,-0.19167758524417877,0.4230506420135498,0,1
4124,6,Kyra_Sedgwick/Kyra_Sedgwick_0001.jpg,Reese_Witherspoon/Reese_Witherspoon_0003.jpg,0,scored,0.2984289526939392,0.4230506420135498,0,1
4125,6,Kyra_Sedgwick/Kyra_Sedgwick_0001.jpg,Richard_Hellfant/Richard_Hellfant_0001.jpg,0,scored,-0.09403140097856522,0.4230506420135498,0,1
4126,6,Kyra_Sedgwick/Kyra_Sedgwick_0001.jpg,Wilbert_Elki_Meza_Majino/Wilbert_Elki_Meza_Majino_0001.jpg,0,scored,0.04767828434705734,0.4230506420135498,0,1
4127,6,Lance_Bass/Lance_Bass_0003.jpg,Queen_Rania/Queen_Rania_0005.jpg,0,scored,-0.0893639624118805,0.4230506420135498,0,1
4128,6,Lara_Logan/Lara_Logan_0001.jpg,Turner_Stevenson/Turner_Stevenson_0001.jpg,0,scored,-0.1132369115948677,0.4230506420135498,0,1
4129,6,Laszlo_Kovacs/Laszlo_Kovacs_0001.jpg,Luke_Ridnour/Luke_Ridnour_0001.jpg,0,scored,-0.22896988689899445,0.4230506420135498,0,1
4130,6,Laszlo_Kovacs/Laszlo_Kovacs_0001.jpg,Olesya_Bonabarenko/Olesya_Bonabarenko_0002.jpg,0,scored,-0.1345680207014084,0.4230506420135498,0,1
4131,6,Lee_Byung-woong/Lee_Byung-woong_0001.jpg,William_Hochul/William_Hochul_0002.jpg,0,scored,-0.05083855614066124,0.4230506420135498,0,1
4132,6,Lee_Soo-hyuck/Lee_Soo-hyuck_0001.jpg,Robert_Bullock/Robert_Bullock_0001.jpg,0,scored,-0.13488250970840454,0.4230506420135498,0,1
4133,6,Leslie_Caldwell/Leslie_Caldwell_0001.jpg,Shane_Reynolds/Shane_Reynolds_0001.jpg,0,scored,0.27244871854782104,0.4230506420135498,0,1
4134,6,Leslie_Caldwell/Leslie_Caldwell_0002.jpg,Turner_Stevenson/Turner_Stevenson_0001.jpg,0,scored,-0.032437849789857864,0.4230506420135498,0,1
4135,6,Li_Zhaoxing/Li_Zhaoxing_0004.jpg,Susan_Sarandon/Susan_Sarandon_0004.jpg,0,scored,0.04407822713255882,0.4230506420135498,0,1
4136,6,Linda_Mason/Linda_Mason_0001.jpg,Rupert_Murdoch/Rupert_Murdoch_0002.jpg,0,scored,0.015463212504982948,0.4230506420135498,0,1
4137,6,Liu_Mingkang/Liu_Mingkang_0002.jpg,Pedro_Pauleta/Pedro_Pauleta_0001.jpg,0,scored,-0.18593788146972656,0.4230506420135498,0,1
4138,6,Liu_Ye/Liu_Ye_0001.jpg,Ruben_Sierra/Ruben_Sierra_0001.jpg,0,scored,-0.12373916804790497,0.4230506420135498,0,1
4139,6,Liu_Ye/Liu_Ye_0001.jpg,Steve_Alford/Steve_Alford_0001.jpg,0,scored,-0.035286545753479004,0.4230506420135498,0,1
4140,6,Loretta_Lynn_Harper/Loretta_Lynn_Harper_0001.jpg,Michel_Temer/Michel_Temer_0002.jpg,0,scored,-0.3824142515659332,0.4230506420135498,0,1
4141,6,Luis_Gonzalez/Luis_Gonzalez_0001.jpg,Warren_Beatty/Warren_Beatty_0001.jpg,0,scored,0.2371237576007843,0.4230506420135498,0,1
4142,6,Madeleine_Albright/Madeleine_Albright_0002.jpg,Martha_Lucia_Ramirez/Martha_Lucia_Ramirez_0002.jpg,0,scored,0.1450882852077484,0.4230506420135498,0,1
4143,6,Maha_Habib/Maha_Habib_0001.jpg,Princess_Elisabeth/Princess_Elisabeth_0001.jpg,0,scored,0.1403040736913681,0.4230506420135498,0,1
4144,6,Marc_Anthony/Marc_Anthony_0001.jpg,Michael_Pfleger/Michael_Pfleger_0001.jpg,0,scored,0.04580801725387573,0.4230506420135498,0,1
4145,6,Marcus_Gronholm/Marcus_Gronholm_0001.jpg,Teresa_Graves/Teresa_Graves_0001.jpg,0,scored,0.10070051997900009,0.4230506420135498,0,1
4146,6,Marcus_Gronholm/Marcus_Gronholm_0001.jpg,Tommy_Franks/Tommy_Franks_0008.jpg,0,scored,0.07727089524269104,0.4230506420135498,0,1
4147,6,Marina_Canetti/Marina_Canetti_0001.jpg,Saied_Hadi_al_Mudarissi/Saied_Hadi_al_Mudarissi_0001.jpg,0,scored,0.13044896721839905,0.4230506420135498,0,1
4148,6,Mario_Alfaro-Lopez/Mario_Alfaro-Lopez_0001.jpg,Richard_Armitage/Richard_Armitage_0006.jpg,0,scored,-0.03767833486199379,0.4230506420135498,0,1
4149,6,Mario_Alfaro-Lopez/Mario_Alfaro-Lopez_0001.jpg,Tom_Lantos/Tom_Lantos_0001.jpg,0,scored,-0.14990337193012238,0.4230506420135498,0,1
4150,6,Mark_Dacey/Mark_Dacey_0001.jpg,Turner_Stevenson/Turner_Stevenson_0001.jpg,0,scored,0.2684464454650879,0.4230506420135498,0,1
4151,6,Mark_Dacey/Mark_Dacey_0002.jpg,Steve_Cox/Steve_Cox_0001.jpg,0,scored,0.15769904851913452,0.4230506420135498,0,1
4152,6,Mark_Kelly/Mark_Kelly_0001.jpg,Mark_Lazarus/Mark_Lazarus_0001.jpg,0,scored,0.11577150970697403,0.4230506420135498,0,1
4153,6,Mark_Lazarus/Mark_Lazarus_0001.jpg,Ronnie_Jagday/Ronnie_Jagday_0001.jpg,0,scored,-0.07630127668380737,0.4230506420135498,0,1
4154,6,Mark_Sacco/Mark_Sacco_0001.jpg,Tono_Suratman/Tono_Suratman_0001.jpg,0,scored,0.24133020639419556,0.4230506420135498,0,1
4155,6,Markus_Naslund/Markus_Naslund_0001.jpg,Robert_Wagner/Robert_Wagner_0001.jpg,0,scored,-0.05380827933549881,0.4230506420135498,0,1
4156,6,Martin_Kristof/Martin_Kristof_0001.jpg,Taia_Balk/Taia_Balk_0001.jpg,0,scored,-0.0828506201505661,0.4230506420135498,0,1
4157,6,Matt_Anderson/Matt_Anderson_0001.jpg,Seth_Gorney/Seth_Gorney_0001.jpg,0,scored,0.2613934576511383,0.4230506420135498,0,1
4158,6,Matt_Braker/Matt_Braker_0001.jpg,Surakait_Sathirathai/Surakait_Sathirathai_0001.jpg,0,scored,0.12974455952644348,0.4230506420135498,0,1
4159,6,Matt_Roney/Matt_Roney_0001.jpg,Wilbert_Elki_Meza_Majino/Wilbert_Elki_Meza_Majino_0001.jpg,0,scored,-0.04108474403619766,0.4230506420135498,0,1
4160,6,Michael_Bolton/Michael_Bolton_0001.jpg,Robert_Bullock/Robert_Bullock_0002.jpg,0,scored,-0.17921864986419678,0.4230506420135498,0,1
4161,6,Michael_Pfleger/Michael_Pfleger_0001.jpg,Robert_Ehrlich/Robert_Ehrlich_0002.jpg,0,scored,0.052105650305747986,0.4230506420135498,0,1
4162,6,Michael_Schumacher/Michael_Schumacher_0017.jpg,Natalie_Imbruglia/Natalie_Imbruglia_0001.jpg,0,scored,-0.31965363025665283,0.4230506420135498,0,1
4163,6,Michael_Shane_Jolly/Michael_Shane_Jolly_0001.jpg,Trudi_Lacey/Trudi_Lacey_0001.jpg,0,scored,-0.11303995549678802,0.4230506420135498,0,1
4164,6,Michel_Temer/Michel_Temer_0001.jpg,Paul_Shanley/Paul_Shanley_0001.jpg,0,scored,-0.0946858823299408,0.4230506420135498,0,1
4165,6,Michelle_Yeoh/Michelle_Yeoh_0005.jpg,Saburo_Kawabuchi/Saburo_Kawabuchi_0001.jpg,0,scored,0.27516573667526245,0.4230506420135498,0,1
4166,6,Mike_Helton/Mike_Helton_0001.jpg,Octavio_Lara/Octavio_Lara_0001.jpg,0,scored,-0.020068280398845673,0.4230506420135498,0,1
4167,6,Mike_Miller/Mike_Miller_0002.jpg,Toby_Keith/Toby_Keith_0001.jpg,0,scored,0.39412739872932434,0.4230506420135498,0,1
4168,6,Monica_Seles/Monica_Seles_0002.jpg,Queen_Beatrix/Queen_Beatrix_0004.jpg,0,scored,0.23910334706306458,0.4230506420135498,0,1
4169,6,Nancy_Sinatra/Nancy_Sinatra_0001.jpg,Sargis_Sargsian/Sargis_Sargsian_0001.jpg,0,scored,0.011944115161895752,0.4230506420135498,0,1
4170,6,Pablo_Khulental/Pablo_Khulental_0001.jpg,Rosemarie_Stack/Rosemarie_Stack_0002.jpg,0,scored,-0.20394040644168854,0.4230506420135498,0,1
4171,6,Park_Jung_Sung/Park_Jung_Sung_0001.jpg,Robert_Bullock/Robert_Bullock_0002.jpg,0,scored,-0.02849993295967579,0.4230506420135498,0,1
4172,6,Paul_Pierce/Paul_Pierce_0002.jpg,Robert_Bullock/Robert_Bullock_0002.jpg,0,scored,-0.1967926025390625,0.4230506420135498,0,1
4173,6,Pedro_Pauleta/Pedro_Pauleta_0001.jpg,Robert_Tyrrell/Robert_Tyrrell_0001.jpg,0,scored,-0.024500813335180283,0.4230506420135498,0,1
4174,6,Pedro_Pauleta/Pedro_Pauleta_0001.jpg,Tommy_Franks/Tommy_Franks_0014.jpg,0,scored,0.13556328415870667,0.4230506420135498,0,1
4175,6,Phil_Morris/Phil_Morris_0001.jpg,Priscilla_Owen/Priscilla_Owen_0002.jpg,0,scored,0.048901960253715515,0.4230506420135498,0,1
4176,6,Phil_Morris/Phil_Morris_0001.jpg,Roberto_Guaterroma/Roberto_Guaterroma_0001.jpg,0,scored,0.1516926884651184,0.4230506420135498,0,1
4177,6,Phil_Morris/Phil_Morris_0001.jpg,Yuri_Luzhkov/Yuri_Luzhkov_0001.jpg,0,scored,-0.04555355757474899,0.4230506420135498,0,1
4178,6,Queen_Rania/Queen_Rania_0003.jpg,Ronnie_Jagday/Ronnie_Jagday_0001.jpg,0,scored,-0.015375861898064613,0.4230506420135498,0,1
4179,6,Radovan_Karadzic/Radovan_Karadzic_0001.jpg,Richard_Langille/Richard_Langille_0001.jpg,0,scored,-0.2954971194267273,0.4230506420135498,0,1
4180,6,Randy_Jackson/Randy_Jackson_0001.jpg,Steve_Alford/Steve_Alford_0001.jpg,0,scored,-0.07324355840682983,0.4230506420135498,0,1
4181,6,Reese_Witherspoon/Reese_Witherspoon_0001.jpg,Sam_Torrance/Sam_Torrance_0001.jpg,0,scored,-0.06698821485042572,0.4230506420135498,0,1
4182,6,Reese_Witherspoon/Reese_Witherspoon_0002.jpg,Toni_Jennings/Toni_Jennings_0001.jpg,0,scored,-0.03895335644483566,0.4230506420135498,0,1
4183,6,Rina_Lazo/Rina_Lazo_0001.jpg,Ronald_Reagan/Ronald_Reagan_0001.jpg,0,scored,0.08289044350385666,0.4230506420135498,0,1
4184,6,Robert_Ehrlich/Robert_Ehrlich_0002.jpg,Ron_Lantz/Ron_Lantz_0001.jpg,0,scored,0.17882387340068817,0.4230506420135498,0,1
4185,6,Robert_Mugabe/Robert_Mugabe_0001.jpg,Tessa_Jowell/Tessa_Jowell_0001.jpg,0,scored,-0.043238621205091476,0.4230506420135498,0,1
4186,6,Robert_Torricelli/Robert_Torricelli_0003.jpg,Taoufik_Mathlouthi/Taoufik_Mathlouthi_0001.jpg,0,scored,0.06062450259923935,0.4230506420135498,0,1
4187,6,Robert_Tyrrell/Robert_Tyrrell_0001.jpg,Yuri_Luzhkov/Yuri_Luzhkov_0001.jpg,0,scored,0.24123471975326538,0.4230506420135498,0,1
4188,6,Robert_Wagner/Robert_Wagner_0001.jpg,Tommy_Franks/Tommy_Franks_0011.jpg,0,scored,0.13813869655132294,0.4230506420135498,0,1
4189,6,Robin_Wright_Penn/Robin_Wright_Penn_0001.jpg,Sam_Torrance/Sam_Torrance_0003.jpg,0,scored,0.04376382380723953,0.4230506420135498,0,1
4190,6,Robin_Wright_Penn/Robin_Wright_Penn_0001.jpg,Yoko_Ono/Yoko_Ono_0006.jpg,0,scored,-0.21200929582118988,0.4230506420135498,0,1
4191,6,Rogelio_Ramos/Rogelio_Ramos_0001.jpg,Ryan_Newman/Ryan_Newman_0001.jpg,0,scored,-0.1338682472705841,0.4230506420135498,0,1
4192,6,Roman_Polanski/Roman_Polanski_0004.jpg,Toby_Keith/Toby_Keith_0001.jpg,0,scored,-0.08012910187244415,0.4230506420135498,0,1
4193,6,Ronnie_Jagday/Ronnie_Jagday_0001.jpg,Sidney_Kimmel/Sidney_Kimmel_0001.jpg,0,scored,-0.007580341771245003,0.4230506420135498,0,1
4194,6,Scott_Yates/Scott_Yates_0001.jpg,Steve_Cox/Steve_Cox_0001.jpg,0,scored,0.01981605961918831,0.4230506420135498,0,1
4195,6,Sean_Patrick_Thomas/Sean_Patrick_Thomas_0001.jpg,William_Hochul/William_Hochul_0001.jpg,0,scored,0.013291735202074051,0.4230506420135498,0,1
4196,6,Sharon_Osbourne/Sharon_Osbourne_0002.jpg,Shimon_Peres/Shimon_Peres_0006.jpg,0,scored,-0.1388629674911499,0.4230506420135498,0,1
4197,6,Stefan_Koubek/Stefan_Koubek_0001.jpg,Steve_Alford/Steve_Alford_0001.jpg,0,scored,-0.17766639590263367,0.4230506420135498,0,1
4198,6,Teri_Garr/Teri_Garr_0001.jpg,Yana_Klochkova/Yana_Klochkova_0001.jpg,0,scored,0.15799054503440857,0.4230506420135498,0,1
4199,6,Warren_Beatty/Warren_Beatty_0002.jpg,William_McDonough/William_McDonough_0001.jpg,0,scored,0.2914654612541199,0.4230506420135498,0,1
4200,7,Aleksander_Kwasniewski/Aleksander_Kwasniewski_0001.jpg,Aleksander_Kwasniewski/Aleksander_Kwasniewski_0002.jpg,1,scored,0.7876800894737244,0.40316081047058105,1,1
4201,7,Aleksander_Kwasniewski/Aleksander_Kwasniewski_0002.jpg,Aleksander_Kwasniewski/Aleksander_Kwasniewski_0004.jpg,1,scored,0.7577728033065796,0.40316081047058105,1,1
4202,7,Aleksander_Kwasniewski/Aleksander_Kwasniewski_0003.jpg,Aleksander_Kwasniewski/Aleksander_Kwasniewski_0004.jpg,1,scored,0.7816475033760071,0.40316081047058105,1,1
4203,7,Ali_Naimi/Ali_Naimi_0001.jpg,Ali_Naimi/Ali_Naimi_0002.jpg,1,scored,0.8915990591049194,0.40316081047058105,1,1
4204,7,Ali_Naimi/Ali_Naimi_0001.jpg,Ali_Naimi/Ali_Naimi_0005.jpg,1,scored,0.7370023131370544,0.40316081047058105,1,1
4205,7,Ali_Naimi/Ali_Naimi_0002.jpg,Ali_Naimi/Ali_Naimi_0008.jpg,1,scored,0.8174604773521423,0.40316081047058105,1,1
4206,7,Amanda_Beard/Amanda_Beard_0001.jpg,Amanda_Beard/Amanda_Beard_0002.jpg,1,scored,0.8762847185134888,0.40316081047058105,1,1
4207,7,Andrew_Cuomo/Andrew_Cuomo_0001.jpg,Andrew_Cuomo/Andrew_Cuomo_0002.jpg,1,scored,0.7784581184387207,0.40316081047058105,1,1
4208,7,Arnold_Schwarzenegger/Arnold_Schwarzenegger_0008.jpg,Arnold_Schwarzenegger/Arnold_Schwarzenegger_0031.jpg,1,scored,0.417636513710022,0.40316081047058105,1,1
4209,7,Arnold_Schwarzenegger/Arnold_Schwarzenegger_0009.jpg,Arnold_Schwarzenegger/Arnold_Schwarzenegger_0039.jpg,1,scored,0.7202511429786682,0.40316081047058105,1,1
4210,7,Arnold_Schwarzenegger/Arnold_Schwarzenegger_0011.jpg,Arnold_Schwarzenegger/Arnold_Schwarzenegger_0041.jpg,1,scored,0.49316152930259705,0.40316081047058105,1,1
4211,7,Arnold_Schwarzenegger/Arnold_Schwarzenegger_0012.jpg,Arnold_Schwarzenegger/Arnold_Schwarzenegger_0037.jpg,1,scored,0.7812374830245972,0.40316081047058105,1,1
4212,7,Arnold_Schwarzenegger/Arnold_Schwarzenegger_0013.jpg,Arnold_Schwarzenegger/Arnold_Schwarzenegger_0039.jpg,1,scored,0.8415031433105469,0.40316081047058105,1,1
4213,7,Arnold_Schwarzenegger/Arnold_Schwarzenegger_0022.jpg,Arnold_Schwarzenegger/Arnold_Schwarzenegger_0033.jpg,1,scored,0.8454011082649231,0.40316081047058105,1,1
4214,7,Arnold_Schwarzenegger/Arnold_Schwarzenegger_0028.jpg,Arnold_Schwarzenegger/Arnold_Schwarzenegger_0041.jpg,1,scored,0.6534101963043213,0.40316081047058105,1,1
4215,7,Bernard_Lord/Bernard_Lord_0001.jpg,Bernard_Lord/Bernard_Lord_0002.jpg,1,scored,0.7887012958526611,0.40316081047058105,1,1
4216,7,Beth_Jones/Beth_Jones_0001.jpg,Beth_Jones/Beth_Jones_0002.jpg,1,scored,0.564712405204773,0.40316081047058105,1,1
4217,7,Branko_Crvenkovski/Branko_Crvenkovski_0002.jpg,Branko_Crvenkovski/Branko_Crvenkovski_0003.jpg,1,scored,0.8042416572570801,0.40316081047058105,1,1
4218,7,Brigitte_Boisselier/Brigitte_Boisselier_0001.jpg,Brigitte_Boisselier/Brigitte_Boisselier_0002.jpg,1,scored,0.8555392026901245,0.40316081047058105,1,1
4219,7,Bruce_Springsteen/Bruce_Springsteen_0001.jpg,Bruce_Springsteen/Bruce_Springsteen_0002.jpg,1,scored,0.4420437812805176,0.40316081047058105,1,1
4220,7,Bruce_Springsteen/Bruce_Springsteen_0001.jpg,Bruce_Springsteen/Bruce_Springsteen_0003.jpg,1,scored,0.5262620449066162,0.40316081047058105,1,1
4221,7,Bruce_Springsteen/Bruce_Springsteen_0002.jpg,Bruce_Springsteen/Bruce_Springsteen_0003.jpg,1,scored,0.5897853374481201,0.40316081047058105,1,1
4222,7,Bruce_Springsteen/Bruce_Springsteen_0002.jpg,Bruce_Springsteen/Bruce_Springsteen_0004.jpg,1,scored,0.5482327342033386,0.40316081047058105,1,1
4223,7,Calista_Flockhart/Calista_Flockhart_0001.jpg,Calista_Flockhart/Calista_Flockhart_0005.jpg,1,scored,0.6397925615310669,0.40316081047058105,1,1
4224,7,Calista_Flockhart/Calista_Flockhart_0004.jpg,Calista_Flockhart/Calista_Flockhart_0006.jpg,1,scored,0.7453485727310181,0.40316081047058105,1,1
4225,7,Cameron_Diaz/Cameron_Diaz_0001.jpg,Cameron_Diaz/Cameron_Diaz_0003.jpg,1,scored,0.5563585758209229,0.40316081047058105,1,1
4226,7,Cameron_Diaz/Cameron_Diaz_0003.jpg,Cameron_Diaz/Cameron_Diaz_0006.jpg,1,scored,0.7665298581123352,0.40316081047058105,1,1
4227,7,Carol_Moseley_Braun/Carol_Moseley_Braun_0001.jpg,Carol_Moseley_Braun/Carol_Moseley_Braun_0002.jpg,1,scored,0.7418709397315979,0.40316081047058105,1,1
4228,7,Carrie-Anne_Moss/Carrie-Anne_Moss_0001.jpg,Carrie-Anne_Moss/Carrie-Anne_Moss_0003.jpg,1,scored,0.6560343503952026,0.40316081047058105,1,1
4229,7,Carrie-Anne_Moss/Carrie-Anne_Moss_0001.jpg,Carrie-Anne_Moss/Carrie-Anne_Moss_0005.jpg,1,scored,0.610708475112915,0.40316081047058105,1,1
4230,7,Carrie-Anne_Moss/Carrie-Anne_Moss_0002.jpg,Carrie-Anne_Moss/Carrie-Anne_Moss_0005.jpg,1,scored,0.8174316883087158,0.40316081047058105,1,1
4231,7,Carrie-Anne_Moss/Carrie-Anne_Moss_0003.jpg,Carrie-Anne_Moss/Carrie-Anne_Moss_0005.jpg,1,scored,0.8020142316818237,0.40316081047058105,1,1
4232,7,Carrie-Anne_Moss/Carrie-Anne_Moss_0004.jpg,Carrie-Anne_Moss/Carrie-Anne_Moss_0005.jpg,1,scored,0.8311090469360352,0.40316081047058105,1,1
4233,7,Charlton_Heston/Charlton_Heston_0001.jpg,Charlton_Heston/Charlton_Heston_0005.jpg,1,scored,0.6596810817718506,0.40316081047058105,1,1
4234,7,Charlton_Heston/Charlton_Heston_0002.jpg,Charlton_Heston/Charlton_Heston_0005.jpg,1,scored,0.748885452747345,0.40316081047058105,1,1
4235,7,Charlton_Heston/Charlton_Heston_0004.jpg,Charlton_Heston/Charlton_Heston_0006.jpg,1,scored,0.5414996147155762,0.40316081047058105,1,1
4236,7,Chris_Bell/Chris_Bell_0001.jpg,Chris_Bell/Chris_Bell_0002.jpg,1,scored,0.8960500955581665,0.40316081047058105,1,1
4237,7,Chung_Mong-hun/Chung_Mong-hun_0001.jpg,Chung_Mong-hun/Chung_Mong-hun_0002.jpg,1,scored,0.7465676069259644,0.40316081047058105,1,1
4238,7,Ciro_Gomes/Ciro_Gomes_0001.jpg,Ciro_Gomes/Ciro_Gomes_0002.jpg,1,scored,0.7436701655387878,0.40316081047058105,1,1
4239,7,Ciro_Gomes/Ciro_Gomes_0002.jpg,Ciro_Gomes/Ciro_Gomes_0005.jpg,1,scored,0.8061285018920898,0.40316081047058105,1,1
4240,7,Ciro_Gomes/Ciro_Gomes_0003.jpg,Ciro_Gomes/Ciro_Gomes_0005.jpg,1,scored,0.8672162890434265,0.40316081047058105,1,1
4241,7,Colin_Montgomerie/Colin_Montgomerie_0001.jpg,Colin_Montgomerie/Colin_Montgomerie_0004.jpg,1,scored,0.5381690263748169,0.40316081047058105,1,1
4242,7,Colin_Montgomerie/Colin_Montgomerie_0002.jpg,Colin_Montgomerie/Colin_Montgomerie_0003.jpg,1,scored,0.7028893232345581,0.40316081047058105,1,1
4243,7,Colin_Montgomerie/Colin_Montgomerie_0002.jpg,Colin_Montgomerie/Colin_Montgomerie_0005.jpg,1,scored,0.8232154846191406,0.40316081047058105,1,1
4244,7,Colin_Montgomerie/Colin_Montgomerie_0004.jpg,Colin_Montgomerie/Colin_Montgomerie_0005.jpg,1,scored,0.4849635660648346,0.40316081047058105,1,1
4245,7,David_Trimble/David_Trimble_0001.jpg,David_Trimble/David_Trimble_0004.jpg,1,scored,0.8726295232772827,0.40316081047058105,1,1
4246,7,David_Trimble/David_Trimble_0001.jpg,David_Trimble/David_Trimble_0005.jpg,1,scored,0.812130331993103,0.40316081047058105,1,1
4247,7,David_Trimble/David_Trimble_0003.jpg,David_Trimble/David_Trimble_0004.jpg,1,scored,0.828240692615509,0.40316081047058105,1,1
4248,7,David_Wolf/David_Wolf_0001.jpg,David_Wolf/David_Wolf_0002.jpg,1,scored,0.6456952691078186,0.40316081047058105,1,1
4249,7,Demetrius_Ferraciu/Demetrius_Ferraciu_0001.jpg,Demetrius_Ferraciu/Demetrius_Ferraciu_0002.jpg,1,scored,0.5243448615074158,0.40316081047058105,1,1
4250,7,Dennis_Powell/Dennis_Powell_0001.jpg,Dennis_Powell/Dennis_Powell_0002.jpg,1,scored,0.7033487558364868,0.40316081047058105,1,1
4251,7,Desiree_Lemosi/Desiree_Lemosi_0001.jpg,Desiree_Lemosi/Desiree_Lemosi_0002.jpg,1,scored,0.5460065007209778,0.40316081047058105,1,1
4252,7,Dolma_Tsering/Dolma_Tsering_0001.jpg,Dolma_Tsering/Dolma_Tsering_0002.jpg,1,scored,0.8434998989105225,0.40316081047058105,1,1
4253,7,Doug_Melvin/Doug_Melvin_0001.jpg,Doug_Melvin/Doug_Melvin_0002.jpg,1,scored,0.8869547843933105,0.40316081047058105,1,1
4254,7,Edward_Norton/Edward_Norton_0001.jpg,Edward_Norton/Edward_Norton_0002.jpg,1,scored,0.6987168788909912,0.40316081047058105,1,1
4255,7,Emanuel_Ginobili/Emanuel_Ginobili_0002.jpg,Emanuel_Ginobili/Emanuel_Ginobili_0003.jpg,1,scored,0.7222131490707397,0.40316081047058105,1,1
4256,7,Eric_Clapton/Eric_Clapton_0001.jpg,Eric_Clapton/Eric_Clapton_0002.jpg,1,scored,0.748661994934082,0.40316081047058105,1,1
4257,7,Fabiola_Zuluaga/Fabiola_Zuluaga_0001.jpg,Fabiola_Zuluaga/Fabiola_Zuluaga_0002.jpg,1,scored,0.833523690700531,0.40316081047058105,1,1
4258,7,Faye_Dunaway/Faye_Dunaway_0001.jpg,Faye_Dunaway/Faye_Dunaway_0002.jpg,1,scored,0.7308721542358398,0.40316081047058105,1,1
4259,7,Ferenc_Madl/Ferenc_Madl_0001.jpg,Ferenc_Madl/Ferenc_Madl_0002.jpg,1,scored,0.756706714630127,0.40316081047058105,1,1
4260,7,Fernando_Gonzalez/Fernando_Gonzalez_0001.jpg,Fernando_Gonzalez/Fernando_Gonzalez_0005.jpg,1,scored,0.7861528396606445,0.40316081047058105,1,1
4261,7,Fernando_Gonzalez/Fernando_Gonzalez_0001.jpg,Fernando_Gonzalez/Fernando_Gonzalez_0008.jpg,1,scored,0.555381178855896,0.40316081047058105,1,1
4262,7,Fernando_Gonzalez/Fernando_Gonzalez_0002.jpg,Fernando_Gonzalez/Fernando_Gonzalez_0006.jpg,1,scored,0.600966215133667,0.40316081047058105,1,1
4263,7,Filippo_Inzaghi/Filippo_Inzaghi_0001.jpg,Filippo_Inzaghi/Filippo_Inzaghi_0002.jpg,1,scored,0.6073899269104004,0.40316081047058105,1,1
4264,7,Filippo_Inzaghi/Filippo_Inzaghi_0001.jpg,Filippo_Inzaghi/Filippo_Inzaghi_0003.jpg,1,scored,0.6342459917068481,0.40316081047058105,1,1
4265,7,Filippo_Inzaghi/Filippo_Inzaghi_0002.jpg,Filippo_Inzaghi/Filippo_Inzaghi_0003.jpg,1,scored,0.5142776966094971,0.40316081047058105,1,1
4266,7,Francis_George/Francis_George_0001.jpg,Francis_George/Francis_George_0002.jpg,1,scored,0.8351650238037109,0.40316081047058105,1,1
4267,7,Franz_Beckenbauer/Franz_Beckenbauer_0001.jpg,Franz_Beckenbauer/Franz_Beckenbauer_0002.jpg,1,scored,0.7232140302658081,0.40316081047058105,1,1
4268,7,Franz_Muentefering/Franz_Muentefering_0001.jpg,Franz_Muentefering/Franz_Muentefering_0002.jpg,1,scored,0.787317156791687,0.40316081047058105,1,1
4269,7,Franz_Muentefering/Franz_Muentefering_0003.jpg,Franz_Muentefering/Franz_Muentefering_0004.jpg,1,scored,0.6277194619178772,0.40316081047058105,1,1
4270,7,Gary_Bergeron/Gary_Bergeron_0001.jpg,Gary_Bergeron/Gary_Bergeron_0002.jpg,1,scored,0.5651180148124695,0.40316081047058105,1,1
4271,7,George_Foreman/George_Foreman_0001.jpg,George_Foreman/George_Foreman_0002.jpg,1,scored,0.8517652750015259,0.40316081047058105,1,1
4272,7,George_Pataki/George_Pataki_0001.jpg,George_Pataki/George_Pataki_0003.jpg,1,scored,0.7562586069107056,0.40316081047058105,1,1
4273,7,George_Pataki/George_Pataki_0003.jpg,George_Pataki/George_Pataki_0004.jpg,1,scored,0.7101844549179077,0.40316081047058105,1,1
4274,7,George_Pataki/George_Pataki_0003.jpg,George_Pataki/George_Pataki_0005.jpg,1,scored,0.8542497158050537,0.40316081047058105,1,1
4275,7,George_Roy_Hill/George_Roy_Hill_0001.jpg,George_Roy_Hill/George_Roy_Hill_0002.jpg,1,scored,0.8513033986091614,0.40316081047058105,1,1
4276,7,Gonzalo_Sanchez_de_Lozada/Gonzalo_Sanchez_de_Lozada_0007.jpg,Gonzalo_Sanchez_de_Lozada/Gonzalo_Sanchez_de_Lozada_0008.jpg,1,scored,0.6071334481239319,0.40316081047058105,1,1
4277,7,Gonzalo_Sanchez_de_Lozada/Gonzalo_Sanchez_de_Lozada_0007.jpg,Gonzalo_Sanchez_de_Lozada/Gonzalo_Sanchez_de_Lozada_0010.jpg,1,scored,0.7156804800033569,0.40316081047058105,1,1
4278,7,Gonzalo_Sanchez_de_Lozada/Gonzalo_Sanchez_de_Lozada_0008.jpg,Gonzalo_Sanchez_de_Lozada/Gonzalo_Sanchez_de_Lozada_0011.jpg,1,scored,0.6554594039916992,0.40316081047058105,1,1
4279,7,Gonzalo_Sanchez_de_Lozada/Gonzalo_Sanchez_de_Lozada_0008.jpg,Gonzalo_Sanchez_de_Lozada/Gonzalo_Sanchez_de_Lozada_0012.jpg,1,scored,0.689739465713501,0.40316081047058105,1,1
4280,7,Gregory_Geoffroy/Gregory_Geoffroy_0001.jpg,Gregory_Geoffroy/Gregory_Geoffroy_0002.jpg,1,scored,0.902016818523407,0.40316081047058105,1,1
4281,7,Guillermo_Coria/Guillermo_Coria_0007.jpg,Guillermo_Coria/Guillermo_Coria_0013.jpg,1,scored,0.6917852163314819,0.40316081047058105,1,1
4282,7,Guillermo_Coria/Guillermo_Coria_0019.jpg,Guillermo_Coria/Guillermo_Coria_0022.jpg,1,scored,0.6874457597732544,0.40316081047058105,1,1
4283,7,Habib_Rizieq/Habib_Rizieq_0001.jpg,Habib_Rizieq/Habib_Rizieq_0003.jpg,1,scored,0.6814104318618774,0.40316081047058105,1,1
4284,7,Habib_Rizieq/Habib_Rizieq_0002.jpg,Habib_Rizieq/Habib_Rizieq_0003.jpg,1,scored,0.8815442323684692,0.40316081047058105,1,1
4285,7,Hamid_Karzai/Hamid_Karzai_0001.jpg,Hamid_Karzai/Hamid_Karzai_0003.jpg,1,scored,0.8161438703536987,0.40316081047058105,1,1
4286,7,Hamid_Karzai/Hamid_Karzai_0004.jpg,Hamid_Karzai/Hamid_Karzai_0013.jpg,1,scored,0.8444259166717529,0.40316081047058105,1,1
4287,7,Hamid_Karzai/Hamid_Karzai_0019.jpg,Hamid_Karzai/Hamid_Karzai_0022.jpg,1,scored,0.675568699836731,0.40316081047058105,1,1
4288,7,Hilmi_Ozkok/Hilmi_Ozkok_0001.jpg,Hilmi_Ozkok/Hilmi_Ozkok_0002.jpg,1,scored,0.9055114984512329,0.40316081047058105,1,1
4289,7,Horst_Koehler/Horst_Koehler_0001.jpg,Horst_Koehler/Horst_Koehler_0002.jpg,1,scored,0.7227369546890259,0.40316081047058105,1,1
4290,7,Horst_Koehler/Horst_Koehler_0001.jpg,Horst_Koehler/Horst_Koehler_0003.jpg,1,scored,0.6018330454826355,0.40316081047058105,1,1
4291,7,Horst_Koehler/Horst_Koehler_0002.jpg,Horst_Koehler/Horst_Koehler_0003.jpg,1,scored,0.5374862551689148,0.40316081047058105,1,1
4292,7,Howard_Schultz/Howard_Schultz_0001.jpg,Howard_Schultz/Howard_Schultz_0002.jpg,1,scored,0.7455084323883057,0.40316081047058105,1,1
4293,7,Ilan_Ramon/Ilan_Ramon_0001.jpg,Ilan_Ramon/Ilan_Ramon_0002.jpg,1,scored,0.6308475136756897,0.40316081047058105,1,1
4294,7,Javier_Solana/Javier_Solana_0004.jpg,Javier_Solana/Javier_Solana_0008.jpg,1,scored,0.6832613945007324,0.40316081047058105,1,1
4295,7,Javier_Solana/Javier_Solana_0006.jpg,Javier_Solana/Javier_Solana_0009.jpg,1,scored,0.6253410577774048,0.40316081047058105,1,1
4296,7,Javier_Solana/Javier_Solana_0006.jpg,Javier_Solana/Javier_Solana_0010.jpg,1,scored,0.7346804141998291,0.40316081047058105,1,1
4297,7,Jay_Garner/Jay_Garner_0001.jpg,Jay_Garner/Jay_Garner_0003.jpg,1,scored,0.7070887088775635,0.40316081047058105,1,1
4298,7,Jean-Claude_Braquet/Jean-Claude_Braquet_0001.jpg,Jean-Claude_Braquet/Jean-Claude_Braquet_0002.jpg,1,scored,0.8104326725006104,0.40316081047058105,1,1
4299,7,Jean-Claude_Trichet/Jean-Claude_Trichet_0001.jpg,Jean-Claude_Trichet/Jean-Claude_Trichet_0002.jpg,1,scored,0.6907366514205933,0.40316081047058105,1,1
4300,7,Jean_Charest/Jean_Charest_0001.jpg,Jean_Charest/Jean_Charest_0010.jpg,1,scored,0.7729634642601013,0.40316081047058105,1,1
4301,7,Jean_Charest/Jean_Charest_0002.jpg,Jean_Charest/Jean_Charest_0011.jpg,1,scored,0.6242601871490479,0.40316081047058105,1,1
4302,7,Jean_Charest/Jean_Charest_0007.jpg,Jean_Charest/Jean_Charest_0010.jpg,1,scored,0.8193783760070801,0.40316081047058105,1,1
4303,7,Jean_Charest/Jean_Charest_0008.jpg,Jean_Charest/Jean_Charest_0013.jpg,1,scored,0.736020028591156,0.40316081047058105,1,1
4304,7,Jean_Charest/Jean_Charest_0008.jpg,Jean_Charest/Jean_Charest_0017.jpg,1,scored,0.7091378569602966,0.40316081047058105,1,1
4305,7,Jefferson_Perez/Jefferson_Perez_0001.jpg,Jefferson_Perez/Jefferson_Perez_0002.jpg,1,scored,0.6849961280822754,0.40316081047058105,1,1
4306,7,Jim_Edmonds/Jim_Edmonds_0001.jpg,Jim_Edmonds/Jim_Edmonds_0002.jpg,1,scored,0.6987656354904175,0.40316081047058105,1,1
4307,7,John_Kerry/John_Kerry_0001.jpg,John_Kerry/John_Kerry_0005.jpg,1,scored,0.8551344871520996,0.40316081047058105,1,1
4308,7,John_Kerry/John_Kerry_0003.jpg,John_Kerry/John_Kerry_0004.jpg,1,scored,0.8882410526275635,0.40316081047058105,1,1
4309,7,John_Kerry/John_Kerry_0004.jpg,John_Kerry/John_Kerry_0012.jpg,1,scored,0.7639175653457642,0.40316081047058105,1,1
4310,7,John_Kerry/John_Kerry_0009.jpg,John_Kerry/John_Kerry_0013.jpg,1,scored,0.9231358766555786,0.40316081047058105,1,1
4311,7,John_Malkovich/John_Malkovich_0001.jpg,John_Malkovich/John_Malkovich_0002.jpg,1,scored,0.7142062187194824,0.40316081047058105,1,1
4312,7,John_Malkovich/John_Malkovich_0001.jpg,John_Malkovich/John_Malkovich_0003.jpg,1,scored,0.675642728805542,0.40316081047058105,1,1
4313,7,John_McCallum/John_McCallum_0001.jpg,John_McCallum/John_McCallum_0002.jpg,1,scored,0.5934441089630127,0.40316081047058105,1,1
4314,7,John_McEnroe/John_McEnroe_0001.jpg,John_McEnroe/John_McEnroe_0002.jpg,1,scored,0.4539981782436371,0.40316081047058105,1,1
4315,7,John_Rosa/John_Rosa_0001.jpg,John_Rosa/John_Rosa_0003.jpg,1,scored,0.8284857273101807,0.40316081047058105,1,1
4316,7,Johnny_Unitas/Johnny_Unitas_0001.jpg,Johnny_Unitas/Johnny_Unitas_0002.jpg,1,scored,0.7560324668884277,0.40316081047058105,1,1
4317,7,Jong_Wook_Lee/Jong_Wook_Lee_0003.jpg,Jong_Wook_Lee/Jong_Wook_Lee_0004.jpg,1,scored,0.8664149641990662,0.40316081047058105,1,1
4318,7,Jose_Maria_Aznar/Jose_Maria_Aznar_0001.jpg,Jose_Maria_Aznar/Jose_Maria_Aznar_0013.jpg,1,scored,0.7734427452087402,0.40316081047058105,1,1
4319,7,Jose_Maria_Aznar/Jose_Maria_Aznar_0006.jpg,Jose_Maria_Aznar/Jose_Maria_Aznar_0013.jpg,1,scored,0.7886525988578796,0.40316081047058105,1,1
4320,7,Jose_Maria_Aznar/Jose_Maria_Aznar_0006.jpg,Jose_Maria_Aznar/Jose_Maria_Aznar_0020.jpg,1,scored,0.717553436756134,0.40316081047058105,1,1
4321,7,Jose_Maria_Aznar/Jose_Maria_Aznar_0015.jpg,Jose_Maria_Aznar/Jose_Maria_Aznar_0023.jpg,1,scored,0.7886016368865967,0.40316081047058105,1,1
4322,7,Jose_Maria_Aznar/Jose_Maria_Aznar_0017.jpg,Jose_Maria_Aznar/Jose_Maria_Aznar_0022.jpg,1,scored,0.7453563809394836,0.40316081047058105,1,1
4323,7,Julianne_Moore/Julianne_Moore_0004.jpg,Julianne_Moore/Julianne_Moore_0009.jpg,1,scored,0.8120348453521729,0.40316081047058105,1,1
4324,7,Julianne_Moore/Julianne_Moore_0006.jpg,Julianne_Moore/Julianne_Moore_0016.jpg,1,scored,0.6012486815452576,0.40316081047058105,1,1
4325,7,Julianne_Moore/Julianne_Moore_0006.jpg,Julianne_Moore/Julianne_Moore_0019.jpg,1,scored,0.6908634305000305,0.40316081047058105,1,1
4326,7,Julianne_Moore/Julianne_Moore_0007.jpg,Julianne_Moore/Julianne_Moore_0018.jpg,1,scored,0.631595253944397,0.40316081047058105,1,1
4327,7,Julianne_Moore/Julianne_Moore_0012.jpg,Julianne_Moore/Julianne_Moore_0015.jpg,1,scored,0.7842643857002258,0.40316081047058105,1,1
4328,7,Julio_Iglesias_Jr/Julio_Iglesias_Jr_0001.jpg,Julio_Iglesias_Jr/Julio_Iglesias_Jr_0002.jpg,1,scored,0.7918998003005981,0.40316081047058105,1,1
4329,7,Justin_Timberlake/Justin_Timberlake_0001.jpg,Justin_Timberlake/Justin_Timberlake_0002.jpg,1,scored,0.6584284901618958,0.40316081047058105,1,1
4330,7,Justin_Timberlake/Justin_Timberlake_0001.jpg,Justin_Timberlake/Justin_Timberlake_0003.jpg,1,scored,0.6071140766143799,0.40316081047058105,1,1
4331,7,Justin_Timberlake/Justin_Timberlake_0005.jpg,Justin_Timberlake/Justin_Timberlake_0006.jpg,1,scored,0.6886658668518066,0.40316081047058105,1,1
4332,7,Justin_Timberlake/Justin_Timberlake_0006.jpg,Justin_Timberlake/Justin_Timberlake_0008.jpg,1,scored,0.7517077922821045,0.40316081047058105,1,1
4333,7,Justine_Pasek/Justine_Pasek_0002.jpg,Justine_Pasek/Justine_Pasek_0005.jpg,1,scored,0.8488311767578125,0.40316081047058105,1,1
4334,7,Justine_Pasek/Justine_Pasek_0002.jpg,Justine_Pasek/Justine_Pasek_0006.jpg,1,scored,0.6312755942344666,0.40316081047058105,1,1
4335,7,Justine_Pasek/Justine_Pasek_0006.jpg,Justine_Pasek/Justine_Pasek_0007.jpg,1,scored,0.6879284381866455,0.40316081047058105,1,1
4336,7,Kathleen_Glynn/Kathleen_Glynn_0001.jpg,Kathleen_Glynn/Kathleen_Glynn_0002.jpg,1,scored,0.7944175004959106,0.40316081047058105,1,1
4337,7,Kim_Dae-jung/Kim_Dae-jung_0001.jpg,Kim_Dae-jung/Kim_Dae-jung_0003.jpg,1,scored,0.8787875771522522,0.40316081047058105,1,1
4338,7,Kim_Dae-jung/Kim_Dae-jung_0001.jpg,Kim_Dae-jung/Kim_Dae-jung_0005.jpg,1,scored,0.9248884320259094,0.40316081047058105,1,1
4339,7,Kim_Dae-jung/Kim_Dae-jung_0002.jpg,Kim_Dae-jung/Kim_Dae-jung_0003.jpg,1,scored,0.7130873203277588,0.40316081047058105,1,1
4340,7,Kim_Dae-jung/Kim_Dae-jung_0004.jpg,Kim_Dae-jung/Kim_Dae-jung_0006.jpg,1,scored,0.8292975425720215,0.40316081047058105,1,1
4341,7,Kirk_Johnson/Kirk_Johnson_0001.jpg,Kirk_Johnson/Kirk_Johnson_0002.jpg,1,scored,0.8358379602432251,0.40316081047058105,1,1
4342,7,Kirk_Johnson/Kirk_Johnson_0001.jpg,Kirk_Johnson/Kirk_Johnson_0003.jpg,1,scored,0.8450501561164856,0.40316081047058105,1,1
4343,7,Kirk_Johnson/Kirk_Johnson_0002.jpg,Kirk_Johnson/Kirk_Johnson_0003.jpg,1,scored,0.8786196708679199,0.40316081047058105,1,1
4344,7,Kosuke_Kitajima/Kosuke_Kitajima_0001.jpg,Kosuke_Kitajima/Kosuke_Kitajima_0002.jpg,1,scored,0.7218621969223022,0.40316081047058105,1,1
4345,7,Kurt_Russell/Kurt_Russell_0001.jpg,Kurt_Russell/Kurt_Russell_0002.jpg,1,scored,0.819596529006958,0.40316081047058105,1,1
4346,7,Larry_Coker/Larry_Coker_0001.jpg,Larry_Coker/Larry_Coker_0004.jpg,1,scored,0.7256256341934204,0.40316081047058105,1,1
4347,7,Larry_Coker/Larry_Coker_0002.jpg,Larry_Coker/Larry_Coker_0004.jpg,1,scored,0.7405152320861816,0.40316081047058105,1,1
4348,7,Larry_Ellison/Larry_Ellison_0001.jpg,Larry_Ellison/Larry_Ellison_0002.jpg,1,scored,0.8354618549346924,0.40316081047058105,1,1
4349,7,Larry_Ellison/Larry_Ellison_0001.jpg,Larry_Ellison/Larry_Ellison_0003.jpg,1,scored,0.7324634790420532,0.40316081047058105,1,1
4350,7,Lawrence_MacAulay/Lawrence_MacAulay_0001.jpg,Lawrence_MacAulay/Lawrence_MacAulay_0002.jpg,1,scored,0.6589074730873108,0.40316081047058105,1,1
4351,7,LeBron_James/LeBron_James_0001.jpg,LeBron_James/LeBron_James_0004.jpg,1,scored,0.7502337694168091,0.40316081047058105,1,1
4352,7,LeBron_James/LeBron_James_0001.jpg,LeBron_James/LeBron_James_0005.jpg,1,scored,0.6930274367332458,0.40316081047058105,1,1
4353,7,LeBron_James/LeBron_James_0003.jpg,LeBron_James/LeBron_James_0004.jpg,1,scored,0.7568635940551758,0.40316081047058105,1,1
4354,7,LeBron_James/LeBron_James_0004.jpg,LeBron_James/LeBron_James_0005.jpg,1,scored,0.6962175965309143,0.40316081047058105,1,1
4355,7,Lea_Fastow/Lea_Fastow_0001.jpg,Lea_Fastow/Lea_Fastow_0002.jpg,1,scored,0.864922046661377,0.40316081047058105,1,1
4356,7,Lee_Hoi-chang/Lee_Hoi-chang_0001.jpg,Lee_Hoi-chang/Lee_Hoi-chang_0002.jpg,1,scored,0.9302783608436584,0.40316081047058105,1,1
4357,7,Lee_Hoi-chang/Lee_Hoi-chang_0002.jpg,Lee_Hoi-chang/Lee_Hoi-chang_0004.jpg,1,scored,0.8469001054763794,0.40316081047058105,1,1
4358,7,Li_Peng/Li_Peng_0002.jpg,Li_Peng/Li_Peng_0006.jpg,1,scored,0.8946177959442139,0.40316081047058105,1,1
4359,7,Li_Peng/Li_Peng_0004.jpg,Li_Peng/Li_Peng_0007.jpg,1,scored,0.8212658166885376,0.40316081047058105,1,1
4360,7,Li_Peng/Li_Peng_0004.jpg,Li_Peng/Li_Peng_0008.jpg,1,scored,0.6474270224571228,0.40316081047058105,1,1
4361,7,Li_Peng/Li_Peng_0004.jpg,Li_Peng/Li_Peng_0009.jpg,1,scored,0.810818612575531,0.40316081047058105,1,1
4362,7,Lim_Dong-won/Lim_Dong-won_0001.jpg,Lim_Dong-won/Lim_Dong-won_0002.jpg,1,scored,0.8828299045562744,0.40316081047058105,1,1
4363,7,Lindsay_Benko/Lindsay_Benko_0001.jpg,Lindsay_Benko/Lindsay_Benko_0002.jpg,1,scored,0.7376588582992554,0.40316081047058105,1,1
4364,7,Lou_Piniella/Lou_Piniella_0001.jpg,Lou_Piniella/Lou_Piniella_0003.jpg,1,scored,0.7600504755973816,0.40316081047058105,1,1
4365,7,Lou_Piniella/Lou_Piniella_0002.jpg,Lou_Piniella/Lou_Piniella_0003.jpg,1,scored,0.6350024938583374,0.40316081047058105,1,1
4366,7,Lucio_Gutierrez/Lucio_Gutierrez_0001.jpg,Lucio_Gutierrez/Lucio_Gutierrez_0002.jpg,1,scored,0.7590681910514832,0.40316081047058105,1,1
4367,7,Lucio_Gutierrez/Lucio_Gutierrez_0003.jpg,Lucio_Gutierrez/Lucio_Gutierrez_0010.jpg,1,scored,0.8877326250076294,0.40316081047058105,1,1
4368,7,Lucio_Gutierrez/Lucio_Gutierrez_0006.jpg,Lucio_Gutierrez/Lucio_Gutierrez_0007.jpg,1,scored,0.8156490325927734,0.40316081047058105,1,1
4369,7,Lucio_Gutierrez/Lucio_Gutierrez_0006.jpg,Lucio_Gutierrez/Lucio_Gutierrez_0008.jpg,1,scored,0.9006667137145996,0.40316081047058105,1,1
4370,7,Lucio_Gutierrez/Lucio_Gutierrez_0008.jpg,Lucio_Gutierrez/Lucio_Gutierrez_0013.jpg,1,scored,0.5017737150192261,0.40316081047058105,1,1
4371,7,Luis_Figo/Luis_Figo_0002.jpg,Luis_Figo/Luis_Figo_0003.jpg,1,scored,0.6823567152023315,0.40316081047058105,1,1
4372,7,Luis_Figo/Luis_Figo_0002.jpg,Luis_Figo/Luis_Figo_0004.jpg,1,scored,0.7372791171073914,0.40316081047058105,1,1
4373,7,Luke_Walton/Luke_Walton_0001.jpg,Luke_Walton/Luke_Walton_0002.jpg,1,scored,0.8021037578582764,0.40316081047058105,1,1
4374,7,Marat_Safin/Marat_Safin_0001.jpg,Marat_Safin/Marat_Safin_0002.jpg,1,scored,0.5888173580169678,0.40316081047058105,1,1
4375,7,Marat_Safin/Marat_Safin_0001.jpg,Marat_Safin/Marat_Safin_0003.jpg,1,scored,0.6790891289710999,0.40316081047058105,1,1
4376,7,Marat_Safin/Marat_Safin_0002.jpg,Marat_Safin/Marat_Safin_0003.jpg,1,scored,0.6505300998687744,0.40316081047058105,1,1
4377,7,Mariana_Pollack/Mariana_Pollack_0001.jpg,Mariana_Pollack/Mariana_Pollack_0003.jpg,1,scored,0.8735699653625488,0.40316081047058105,1,1
4378,7,Mariana_Pollack/Mariana_Pollack_0002.jpg,Mariana_Pollack/Mariana_Pollack_0003.jpg,1,scored,0.844390869140625,0.40316081047058105,1,1
4379,7,Martin_McGuinness/Martin_McGuinness_0003.jpg,Martin_McGuinness/Martin_McGuinness_0004.jpg,1,scored,0.8546321392059326,0.40316081047058105,1,1
4380,7,Masahiko_Nagasawa/Masahiko_Nagasawa_0001.jpg,Masahiko_Nagasawa/Masahiko_Nagasawa_0002.jpg,1,scored,0.842494785785675,0.40316081047058105,1,1
4381,7,Michael_Chiklis/Michael_Chiklis_0001.jpg,Michael_Chiklis/Michael_Chiklis_0004.jpg,1,scored,0.8381277322769165,0.40316081047058105,1,1
4382,7,Michael_Chiklis/Michael_Chiklis_0001.jpg,Michael_Chiklis/Michael_Chiklis_0005.jpg,1,scored,0.8011994361877441,0.40316081047058105,1,1
4383,7,Michael_Chiklis/Michael_Chiklis_0002.jpg,Michael_Chiklis/Michael_Chiklis_0003.jpg,1,scored,0.6587361097335815,0.40316081047058105,1,1
4384,7,Michael_Chiklis/Michael_Chiklis_0002.jpg,Michael_Chiklis/Michael_Chiklis_0004.jpg,1,scored,0.8342107534408569,0.40316081047058105,1,1
4385,7,Michael_Chiklis/Michael_Chiklis_0003.jpg,Michael_Chiklis/Michael_Chiklis_0005.jpg,1,scored,0.796319305896759,0.40316081047058105,1,1
4386,7,Michael_Chiklis/Michael_Chiklis_0004.jpg,Michael_Chiklis/Michael_Chiklis_0005.jpg,1,scored,0.7883039712905884,0.40316081047058105,1,1
4387,7,Michael_Douglas/Michael_Douglas_0001.jpg,Michael_Douglas/Michael_Douglas_0002.jpg,1,scored,0.7049306631088257,0.40316081047058105,1,1
4388,7,Michael_Douglas/Michael_Douglas_0001.jpg,Michael_Douglas/Michael_Douglas_0003.jpg,1,scored,0.7404844760894775,0.40316081047058105,1,1
4389,7,Michael_Douglas/Michael_Douglas_0002.jpg,Michael_Douglas/Michael_Douglas_0004.jpg,1,scored,0.7420473098754883,0.40316081047058105,1,1
4390,7,Michael_Douglas/Michael_Douglas_0003.jpg,Michael_Douglas/Michael_Douglas_0006.jpg,1,scored,0.7382453680038452,0.40316081047058105,1,1
4391,7,Michael_Douglas/Michael_Douglas_0004.jpg,Michael_Douglas/Michael_Douglas_0005.jpg,1,scored,0.7272555828094482,0.40316081047058105,1,1
4392,7,Michael_Kostelnik/Michael_Kostelnik_0001.jpg,Michael_Kostelnik/Michael_Kostelnik_0002.jpg,1,scored,0.7764812111854553,0.40316081047058105,1,1
4393,7,Michael_Leavitt/Michael_Leavitt_0001.jpg,Michael_Leavitt/Michael_Leavitt_0002.jpg,1,scored,0.7258765697479248,0.40316081047058105,1,1
4394,7,Michelle_Branch/Michelle_Branch_0001.jpg,Michelle_Branch/Michelle_Branch_0002.jpg,1,scored,0.7679483294487,0.40316081047058105,1,1
4395,7,Michelle_Kwan/Michelle_Kwan_0001.jpg,Michelle_Kwan/Michelle_Kwan_0004.jpg,1,scored,0.707677960395813,0.40316081047058105,1,1
4396,7,Michelle_Kwan/Michelle_Kwan_0004.jpg,Michelle_Kwan/Michelle_Kwan_0005.jpg,1,scored,0.9132647514343262,0.40316081047058105,1,1
4397,7,Michelle_Kwan/Michelle_Kwan_0006.jpg,Michelle_Kwan/Michelle_Kwan_0008.jpg,1,scored,0.9257115125656128,0.40316081047058105,1,1
4398,7,Mike_Montgomery/Mike_Montgomery_0001.jpg,Mike_Montgomery/Mike_Montgomery_0002.jpg,1,scored,0.5135185718536377,0.40316081047058105,1,1
4399,7,Mike_Tyson/Mike_Tyson_0001.jpg,Mike_Tyson/Mike_Tyson_0003.jpg,1,scored,0.8447733521461487,0.40316081047058105,1,1
4400,7,Mikhail_Wehbe/Mikhail_Wehbe_0001.jpg,Mikhail_Wehbe/Mikhail_Wehbe_0003.jpg,1,scored,0.7591685652732849,0.40316081047058105,1,1
4401,7,Minnie_Driver/Minnie_Driver_0001.jpg,Minnie_Driver/Minnie_Driver_0002.jpg,1,scored,0.7081906199455261,0.40316081047058105,1,1
4402,7,Miyako_Miyazaki/Miyako_Miyazaki_0001.jpg,Miyako_Miyazaki/Miyako_Miyazaki_0002.jpg,1,scored,0.7947143316268921,0.40316081047058105,1,1
4403,7,Muammar_Gaddafi/Muammar_Gaddafi_0001.jpg,Muammar_Gaddafi/Muammar_Gaddafi_0002.jpg,1,scored,0.649384617805481,0.40316081047058105,1,1
4404,7,Munir_Akram/Munir_Akram_0001.jpg,Munir_Akram/Munir_Akram_0002.jpg,1,scored,0.9204148650169373,0.40316081047058105,1,1
4405,7,Nadia_Petrova/Nadia_Petrova_0001.jpg,Nadia_Petrova/Nadia_Petrova_0002.jpg,1,scored,0.7666653394699097,0.40316081047058105,1,1
4406,7,Nadia_Petrova/Nadia_Petrova_0001.jpg,Nadia_Petrova/Nadia_Petrova_0003.jpg,1,scored,0.7512555122375488,0.40316081047058105,1,1
4407,7,Nadia_Petrova/Nadia_Petrova_0001.jpg,Nadia_Petrova/Nadia_Petrova_0004.jpg,1,scored,0.7217833399772644,0.40316081047058105,1,1
4408,7,Nadia_Petrova/Nadia_Petrova_0002.jpg,Nadia_Petrova/Nadia_Petrova_0003.jpg,1,scored,0.8329248428344727,0.40316081047058105,1,1
4409,7,Nadia_Petrova/Nadia_Petrova_0003.jpg,Nadia_Petrova/Nadia_Petrova_0004.jpg,1,scored,0.7084579467773438,0.40316081047058105,1,1
4410,7,Nadia_Petrova/Nadia_Petrova_0004.jpg,Nadia_Petrova/Nadia_Petrova_0005.jpg,1,scored,0.6103565692901611,0.40316081047058105,1,1
4411,7,Nancy_Pelosi/Nancy_Pelosi_0001.jpg,Nancy_Pelosi/Nancy_Pelosi_0007.jpg,1,scored,0.7591796517372131,0.40316081047058105,1,1
4412,7,Nancy_Pelosi/Nancy_Pelosi_0002.jpg,Nancy_Pelosi/Nancy_Pelosi_0009.jpg,1,scored,0.7637723088264465,0.40316081047058105,1,1
4413,7,Nancy_Pelosi/Nancy_Pelosi_0004.jpg,Nancy_Pelosi/Nancy_Pelosi_0015.jpg,1,scored,0.767720103263855,0.40316081047058105,1,1
4414,7,Nancy_Pelosi/Nancy_Pelosi_0012.jpg,Nancy_Pelosi/Nancy_Pelosi_0014.jpg,1,scored,0.7443126440048218,0.40316081047058105,1,1
4415,7,Nia_Vardalos/Nia_Vardalos_0001.jpg,Nia_Vardalos/Nia_Vardalos_0003.jpg,1,scored,0.6326647996902466,0.40316081047058105,1,1
4416,7,Nia_Vardalos/Nia_Vardalos_0003.jpg,Nia_Vardalos/Nia_Vardalos_0004.jpg,1,scored,0.5417636632919312,0.40316081047058105,1,1
4417,7,Nia_Vardalos/Nia_Vardalos_0003.jpg,Nia_Vardalos/Nia_Vardalos_0005.jpg,1,scored,0.6636927127838135,0.40316081047058105,1,1
4418,7,Nicholas_Byron/Nicholas_Byron_0001.jpg,Nicholas_Byron/Nicholas_Byron_0002.jpg,1,scored,0.867171049118042,0.40316081047058105,1,1
4419,7,Nikki_Reed/Nikki_Reed_0001.jpg,Nikki_Reed/Nikki_Reed_0002.jpg,1,scored,0.7634909152984619,0.40316081047058105,1,1
4420,7,Olivia_Newton-John/Olivia_Newton-John_0001.jpg,Olivia_Newton-John/Olivia_Newton-John_0002.jpg,1,scored,0.750562310218811,0.40316081047058105,1,1
4421,7,Paradorn_Srichaphan/Paradorn_Srichaphan_0002.jpg,Paradorn_Srichaphan/Paradorn_Srichaphan_0004.jpg,1,scored,0.6294553279876709,0.40316081047058105,1,1
4422,7,Paradorn_Srichaphan/Paradorn_Srichaphan_0004.jpg,Paradorn_Srichaphan/Paradorn_Srichaphan_0005.jpg,1,scored,0.7464857697486877,0.40316081047058105,1,1
4423,7,Pascal_Quignard/Pascal_Quignard_0001.jpg,Pascal_Quignard/Pascal_Quignard_0003.jpg,1,scored,0.8280202150344849,0.40316081047058105,1,1
4424,7,Pascal_Quignard/Pascal_Quignard_0002.jpg,Pascal_Quignard/Pascal_Quignard_0003.jpg,1,scored,0.8003371953964233,0.40316081047058105,1,1
4425,7,Patrice_Chereau/Patrice_Chereau_0001.jpg,Patrice_Chereau/Patrice_Chereau_0002.jpg,1,scored,0.8105224370956421,0.40316081047058105,1,1
4426,7,Pedro_Malan/Pedro_Malan_0001.jpg,Pedro_Malan/Pedro_Malan_0005.jpg,1,scored,0.6934863328933716,0.40316081047058105,1,1
4427,7,Pedro_Malan/Pedro_Malan_0003.jpg,Pedro_Malan/Pedro_Malan_0005.jpg,1,scored,0.7719125151634216,0.40316081047058105,1,1
4428,7,Peter_Harrison/Peter_Harrison_0001.jpg,Peter_Harrison/Peter_Harrison_0002.jpg,1,scored,0.7590232491493225,0.40316081047058105,1,1
4429,7,Rainer_Schuettler/Rainer_Schuettler_0001.jpg,Rainer_Schuettler/Rainer_Schuettler_0004.jpg,1,scored,0.619579553604126,0.40316081047058105,1,1
4430,7,Rainer_Schuettler/Rainer_Schuettler_0002.jpg,Rainer_Schuettler/Rainer_Schuettler_0003.jpg,1,scored,0.6906965374946594,0.40316081047058105,1,1
4431,7,Rainer_Schuettler/Rainer_Schuettler_0002.jpg,Rainer_Schuettler/Rainer_Schuettler_0004.jpg,1,scored,0.4889724850654602,0.40316081047058105,1,1
4432,7,Raymond_Odierno/Raymond_Odierno_0001.jpg,Raymond_Odierno/Raymond_Odierno_0002.jpg,1,scored,0.9341896176338196,0.40316081047058105,1,1
4433,7,Rebecca_Romijn-Stamos/Rebecca_Romijn-Stamos_0001.jpg,Rebecca_Romijn-Stamos/Rebecca_Romijn-Stamos_0002.jpg,1,scored,0.6902116537094116,0.40316081047058105,1,1
4434,7,Rebecca_Romijn-Stamos/Rebecca_Romijn-Stamos_0001.jpg,Rebecca_Romijn-Stamos/Rebecca_Romijn-Stamos_0003.jpg,1,scored,0.5806963443756104,0.40316081047058105,1,1
4435,7,Rebecca_Romijn-Stamos/Rebecca_Romijn-Stamos_0001.jpg,Rebecca_Romijn-Stamos/Rebecca_Romijn-Stamos_0004.jpg,1,scored,0.5995646715164185,0.40316081047058105,1,1
4436,7,Rebecca_Romijn-Stamos/Rebecca_Romijn-Stamos_0003.jpg,Rebecca_Romijn-Stamos/Rebecca_Romijn-Stamos_0004.jpg,1,scored,0.5637624263763428,0.40316081047058105,1,1
4437,7,Richard_Krajicek/Richard_Krajicek_0001.jpg,Richard_Krajicek/Richard_Krajicek_0003.jpg,1,scored,0.6689763069152832,0.40316081047058105,1,1
4438,7,Richard_Krajicek/Richard_Krajicek_0002.jpg,Richard_Krajicek/Richard_Krajicek_0003.jpg,1,scored,0.5163387656211853,0.40316081047058105,1,1
4439,7,Rick_Santorum/Rick_Santorum_0001.jpg,Rick_Santorum/Rick_Santorum_0002.jpg,1,scored,0.7366362810134888,0.40316081047058105,1,1
4440,7,Rick_Santorum/Rick_Santorum_0001.jpg,Rick_Santorum/Rick_Santorum_0003.jpg,1,scored,0.6864985823631287,0.40316081047058105,1,1
4441,7,Rick_Santorum/Rick_Santorum_0002.jpg,Rick_Santorum/Rick_Santorum_0003.jpg,1,scored,0.7742376327514648,0.40316081047058105,1,1
4442,7,Rick_Stansbury/Rick_Stansbury_0002.jpg,Rick_Stansbury/Rick_Stansbury_0003.jpg,1,scored,0.7707917094230652,0.40316081047058105,1,1
4443,7,Rob_Marshall/Rob_Marshall_0001.jpg,Rob_Marshall/Rob_Marshall_0003.jpg,1,scored,0.7998219132423401,0.40316081047058105,1,1
4444,7,Rob_Marshall/Rob_Marshall_0001.jpg,Rob_Marshall/Rob_Marshall_0006.jpg,1,scored,0.8071587681770325,0.40316081047058105,1,1
4445,7,Rob_Marshall/Rob_Marshall_0002.jpg,Rob_Marshall/Rob_Marshall_0004.jpg,1,scored,0.7895938158035278,0.40316081047058105,1,1
4446,7,Robert_Blackwill/Robert_Blackwill_0001.jpg,Robert_Blackwill/Robert_Blackwill_0002.jpg,1,scored,0.8742981553077698,0.40316081047058105,1,1
4447,7,Robert_Duvall/Robert_Duvall_0002.jpg,Robert_Duvall/Robert_Duvall_0008.jpg,1,scored,0.6099043488502502,0.40316081047058105,1,1
4448,7,Robert_Horan/Robert_Horan_0001.jpg,Robert_Horan/Robert_Horan_0002.jpg,1,scored,0.8629390001296997,0.40316081047058105,1,1
4449,7,Robert_Redford/Robert_Redford_0003.jpg,Robert_Redford/Robert_Redford_0004.jpg,1,scored,0.6354682445526123,0.40316081047058105,1,1
4450,7,Robert_Redford/Robert_Redford_0007.jpg,Robert_Redford/Robert_Redford_0008.jpg,1,scored,0.783011794090271,0.40316081047058105,1,1
4451,7,Robinson_Stevenin/Robinson_Stevenin_0001.jpg,Robinson_Stevenin/Robinson_Stevenin_0002.jpg,1,scored,0.8000262975692749,0.40316081047058105,1,1
4452,7,Roger_Clemens/Roger_Clemens_0001.jpg,Roger_Clemens/Roger_Clemens_0002.jpg,1,scored,0.8211911916732788,0.40316081047058105,1,1
4453,7,Sadie_Frost/Sadie_Frost_0001.jpg,Sadie_Frost/Sadie_Frost_0002.jpg,1,scored,0.7787553071975708,0.40316081047058105,1,1
4454,7,Saparmurat_Niyazov/Saparmurat_Niyazov_0001.jpg,Saparmurat_Niyazov/Saparmurat_Niyazov_0002.jpg,1,scored,0.8739331364631653,0.40316081047058105,1,1
4455,7,Sarah_Michelle_Gellar/Sarah_Michelle_Gellar_0001.jpg,Sarah_Michelle_Gellar/Sarah_Michelle_Gellar_0002.jpg,1,scored,0.6420484781265259,0.40316081047058105,1,1
4456,7,Sarah_Michelle_Gellar/Sarah_Michelle_Gellar_0001.jpg,Sarah_Michelle_Gellar/Sarah_Michelle_Gellar_0003.jpg,1,scored,0.748509407043457,0.40316081047058105,1,1
4457,7,Sarah_Michelle_Gellar/Sarah_Michelle_Gellar_0002.jpg,Sarah_Michelle_Gellar/Sarah_Michelle_Gellar_0003.jpg,1,scored,0.7854872345924377,0.40316081047058105,1,1
4458,7,Serena_Williams/Serena_Williams_0001.jpg,Serena_Williams/Serena_Williams_0041.jpg,1,scored,0.7625446319580078,0.40316081047058105,1,1
4459,7,Serena_Williams/Serena_Williams_0003.jpg,Serena_Williams/Serena_Williams_0032.jpg,1,scored,0.738965630531311,0.40316081047058105,1,1
4460,7,Serena_Williams/Serena_Williams_0014.jpg,Serena_Williams/Serena_Williams_0040.jpg,1,scored,0.7966711521148682,0.40316081047058105,1,1
4461,7,Serena_Williams/Serena_Williams_0041.jpg,Serena_Williams/Serena_Williams_0047.jpg,1,scored,0.7225646376609802,0.40316081047058105,1,1
4462,7,Sergey_Lavrov/Sergey_Lavrov_0001.jpg,Sergey_Lavrov/Sergey_Lavrov_0003.jpg,1,scored,0.8185461759567261,0.40316081047058105,1,1
4463,7,Sergey_Lavrov/Sergey_Lavrov_0001.jpg,Sergey_Lavrov/Sergey_Lavrov_0006.jpg,1,scored,0.790276050567627,0.40316081047058105,1,1
4464,7,Sergey_Lavrov/Sergey_Lavrov_0002.jpg,Sergey_Lavrov/Sergey_Lavrov_0004.jpg,1,scored,0.7961654663085938,0.40316081047058105,1,1
4465,7,Sergey_Lavrov/Sergey_Lavrov_0003.jpg,Sergey_Lavrov/Sergey_Lavrov_0005.jpg,1,scored,0.8340506553649902,0.40316081047058105,1,1
4466,7,Sergey_Lavrov/Sergey_Lavrov_0003.jpg,Sergey_Lavrov/Sergey_Lavrov_0007.jpg,1,scored,0.8006945848464966,0.40316081047058105,1,1
4467,7,Sergey_Lavrov/Sergey_Lavrov_0004.jpg,Sergey_Lavrov/Sergey_Lavrov_0008.jpg,1,scored,0.8894044160842896,0.40316081047058105,1,1
4468,7,Shane_Mosley/Shane_Mosley_0001.jpg,Shane_Mosley/Shane_Mosley_0002.jpg,1,scored,0.8446531295776367,0.40316081047058105,1,1
4469,7,Sheila_Copps/Sheila_Copps_0002.jpg,Sheila_Copps/Sheila_Copps_0003.jpg,1,scored,0.8148872256278992,0.40316081047058105,1,1
4470,7,Sheila_Copps/Sheila_Copps_0003.jpg,Sheila_Copps/Sheila_Copps_0004.jpg,1,scored,0.8750929832458496,0.40316081047058105,1,1
4471,7,Shia_LaBeouf/Shia_LaBeouf_0001.jpg,Shia_LaBeouf/Shia_LaBeouf_0002.jpg,1,scored,0.7791927456855774,0.40316081047058105,1,1
4472,7,Steve_Nash/Steve_Nash_0001.jpg,Steve_Nash/Steve_Nash_0003.jpg,1,scored,0.7135857939720154,0.40316081047058105,1,1
4473,7,Steve_Nash/Steve_Nash_0001.jpg,Steve_Nash/Steve_Nash_0004.jpg,1,scored,0.6113280057907104,0.40316081047058105,1,1
4474,7,Steve_Nash/Steve_Nash_0002.jpg,Steve_Nash/Steve_Nash_0004.jpg,1,scored,0.7055690288543701,0.40316081047058105,1,1
4475,7,Steve_Nash/Steve_Nash_0002.jpg,Steve_Nash/Steve_Nash_0005.jpg,1,scored,0.5963552594184875,0.40316081047058105,1,1
4476,7,Steve_Spurrier/Steve_Spurrier_0001.jpg,Steve_Spurrier/Steve_Spurrier_0002.jpg,1,scored,0.6783202886581421,0.40316081047058105,1,1
4477,7,Steve_Waugh/Steve_Waugh_0001.jpg,Steve_Waugh/Steve_Waugh_0002.jpg,1,scored,0.7203012108802795,0.40316081047058105,1,1
4478,7,Susilo_Bambang_Yudhoyono/Susilo_Bambang_Yudhoyono_0001.jpg,Susilo_Bambang_Yudhoyono/Susilo_Bambang_Yudhoyono_0002.jpg,1,scored,0.8024313449859619,0.40316081047058105,1,1
4479,7,Susilo_Bambang_Yudhoyono/Susilo_Bambang_Yudhoyono_0001.jpg,Susilo_Bambang_Yudhoyono/Susilo_Bambang_Yudhoyono_0003.jpg,1,scored,0.8660168647766113,0.40316081047058105,1,1
4480,7,Susilo_Bambang_Yudhoyono/Susilo_Bambang_Yudhoyono_0001.jpg,Susilo_Bambang_Yudhoyono/Susilo_Bambang_Yudhoyono_0004.jpg,1,scored,0.8323941230773926,0.40316081047058105,1,1
4481,7,Susilo_Bambang_Yudhoyono/Susilo_Bambang_Yudhoyono_0003.jpg,Susilo_Bambang_Yudhoyono/Susilo_Bambang_Yudhoyono_0004.jpg,1,scored,0.9489436745643616,0.40316081047058105,1,1
4482,7,Suzanne_Gaudet/Suzanne_Gaudet_0001.jpg,Suzanne_Gaudet/Suzanne_Gaudet_0002.jpg,1,scored,0.8537812829017639,0.40316081047058105,1,1
4483,7,Thomas_Bjorn/Thomas_Bjorn_0001.jpg,Thomas_Bjorn/Thomas_Bjorn_0002.jpg,1,scored,0.6855020523071289,0.40316081047058105,1,1
4484,7,Tim_Conway/Tim_Conway_0001.jpg,Tim_Conway/Tim_Conway_0002.jpg,1,scored,0.8711962699890137,0.40316081047058105,1,1
4485,7,Tim_Conway/Tim_Conway_0001.jpg,Tim_Conway/Tim_Conway_0003.jpg,1,scored,0.7341490983963013,0.40316081047058105,1,1
4486,7,Tim_Robbins/Tim_Robbins_0001.jpg,Tim_Robbins/Tim_Robbins_0005.jpg,1,scored,0.7802817821502686,0.40316081047058105,1,1
4487,7,Tim_Robbins/Tim_Robbins_0002.jpg,Tim_Robbins/Tim_Robbins_0004.jpg,1,scored,0.5402096509933472,0.40316081047058105,1,1
4488,7,Tim_Robbins/Tim_Robbins_0003.jpg,Tim_Robbins/Tim_Robbins_0005.jpg,1,scored,0.6737029552459717,0.40316081047058105,1,1
4489,7,Tom_Craddick/Tom_Craddick_0001.jpg,Tom_Craddick/Tom_Craddick_0003.jpg,1,scored,0.8173561096191406,0.40316081047058105,1,1
4490,7,Tom_Craddick/Tom_Craddick_0002.jpg,Tom_Craddick/Tom_Craddick_0004.jpg,1,scored,0.7709415555000305,0.40316081047058105,1,1
4491,7,Tom_Craddick/Tom_Craddick_0003.jpg,Tom_Craddick/Tom_Craddick_0004.jpg,1,scored,0.7833204865455627,0.40316081047058105,1,1
4492,7,Tracee_Ellis_Ross/Tracee_Ellis_Ross_0001.jpg,Tracee_Ellis_Ross/Tracee_Ellis_Ross_0002.jpg,1,scored,0.8456876277923584,0.40316081047058105,1,1
4493,7,Venus_Williams/Venus_Williams_0002.jpg,Venus_Williams/Venus_Williams_0009.jpg,1,scored,0.7710095643997192,0.40316081047058105,1,1
4494,7,Vivica_Fox/Vivica_Fox_0001.jpg,Vivica_Fox/Vivica_Fox_0002.jpg,1,scored,0.6848906874656677,0.40316081047058105,1,1
4495,7,William_Ford_Jr/William_Ford_Jr_0001.jpg,William_Ford_Jr/William_Ford_Jr_0002.jpg,1,scored,0.7725756168365479,0.40316081047058105,1,1
4496,7,William_Ford_Jr/William_Ford_Jr_0002.jpg,William_Ford_Jr/William_Ford_Jr_0006.jpg,1,scored,0.7061933279037476,0.40316081047058105,1,1
4497,7,William_Ford_Jr/William_Ford_Jr_0005.jpg,William_Ford_Jr/William_Ford_Jr_0006.jpg,1,scored,0.7564371824264526,0.40316081047058105,1,1
4498,7,William_Rehnquist/William_Rehnquist_0001.jpg,William_Rehnquist/William_Rehnquist_0002.jpg,1,scored,0.8882534503936768,0.40316081047058105,1,1
4499,7,Yossi_Beilin/Yossi_Beilin_0001.jpg,Yossi_Beilin/Yossi_Beilin_0002.jpg,1,scored,0.8495687246322632,0.40316081047058105,1,1
4500,7,Aaron_Eckhart/Aaron_Eckhart_0001.jpg,Akiko_Morigami/Akiko_Morigami_0001.jpg,0,scored,-0.09016692638397217,0.40316081047058105,0,1
4501,7,Aaron_Eckhart/Aaron_Eckhart_0001.jpg,AnFernce_Negron/AnFernce_Negron_0001.jpg,0,scored,0.008865506388247013,0.40316081047058105,0,1
4502,7,Aaron_Eckhart/Aaron_Eckhart_0001.jpg,Sadie_Frost/Sadie_Frost_0001.jpg,0,scored,0.07689449936151505,0.40316081047058105,0,1
4503,7,Abdel_Aziz_Al-Hakim/Abdel_Aziz_Al-Hakim_0001.jpg,Joe_Darrell/Joe_Darrell_0001.jpg,0,scored,0.09087472409009933,0.40316081047058105,0,1
4504,7,Abdullah_al-Attiyah/Abdullah_al-Attiyah_0001.jpg,Rachel_Wadsworth/Rachel_Wadsworth_0001.jpg,0,scored,-0.03411008417606354,0.40316081047058105,0,1
4505,7,Abdullah_al-Attiyah/Abdullah_al-Attiyah_0002.jpg,John_Lisowski/John_Lisowski_0001.jpg,0,scored,-0.03220058232545853,0.40316081047058105,0,1
4506,7,Abraham_Foxman/Abraham_Foxman_0001.jpg,Doug_Melvin/Doug_Melvin_0002.jpg,0,scored,0.24087387323379517,0.40316081047058105,0,1
4507,7,Abraham_Foxman/Abraham_Foxman_0001.jpg,Nikki_Reed/Nikki_Reed_0001.jpg,0,scored,-0.08627146482467651,0.40316081047058105,0,1
4508,7,Adam_Rich/Adam_Rich_0001.jpg,Jean-Claude_Trichet/Jean-Claude_Trichet_0001.jpg,0,scored,0.028186244890093803,0.40316081047058105,0,1
4509,7,Adam_Rich/Adam_Rich_0001.jpg,John_Goold/John_Goold_0001.jpg,0,scored,-0.08379663527011871,0.40316081047058105,0,1
4510,7,Adam_Rich/Adam_Rich_0001.jpg,Lisa_Girman/Lisa_Girman_0001.jpg,0,scored,-0.02262764610350132,0.40316081047058105,0,1
4511,7,Adam_Rich/Adam_Rich_0001.jpg,Roger_Clemens/Roger_Clemens_0001.jpg,0,scored,0.035391755402088165,0.40316081047058105,0,1
4512,7,Adam_Rich/Adam_Rich_0001.jpg,Suzanne_Somers/Suzanne_Somers_0001.jpg,0,scored,-0.17309147119522095,0.40316081047058105,0,1
4513,7,Adrian_Fernandez/Adrian_Fernandez_0001.jpg,Nicolas_Massu/Nicolas_Massu_0001.jpg,0,scored,0.025473173707723618,0.40316081047058105,0,1
4514,7,Aiysha_Smith/Aiysha_Smith_0001.jpg,Yossi_Beilin/Yossi_Beilin_0001.jpg,0,scored,0.13540609180927277,0.40316081047058105,0,1
4515,7,Akiko_Morigami/Akiko_Morigami_0001.jpg,Shane_Mosley/Shane_Mosley_0001.jpg,0,scored,-0.12320483475923538,0.40316081047058105,0,1
4516,7,Alastair_Johnston/Alastair_Johnston_0001.jpg,Aleksander_Kwasniewski/Aleksander_Kwasniewski_0004.jpg,0,scored,0.09183551371097565,0.40316081047058105,0,1
4517,7,Alastair_Johnston/Alastair_Johnston_0001.jpg,Bill_Duffey/Bill_Duffey_0001.jpg,0,scored,0.08481194078922272,0.40316081047058105,0,1
4518,7,Albert_Brooks/Albert_Brooks_0001.jpg,Robinson_Stevenin/Robinson_Stevenin_0001.jpg,0,scored,0.0761268362402916,0.40316081047058105,0,1
4519,7,Albert_Brooks/Albert_Brooks_0001.jpg,Sheila_Copps/Sheila_Copps_0003.jpg,0,scored,0.12244447320699692,0.40316081047058105,0,1
4520,7,Aleksander_Kwasniewski/Aleksander_Kwasniewski_0001.jpg,Guangdong_Ou_Guangyuan/Guangdong_Ou_Guangyuan_0001.jpg,0,scored,-0.08515617251396179,0.40316081047058105,0,1
4521,7,Aleksander_Kwasniewski/Aleksander_Kwasniewski_0002.jpg,George_Plimpton/George_Plimpton_0001.jpg,0,scored,0.15650902688503265,0.40316081047058105,0,1
4522,7,Aleksander_Kwasniewski/Aleksander_Kwasniewski_0002.jpg,Juan_Jose_Lucas/Juan_Jose_Lucas_0001.jpg,0,scored,-0.03631468117237091,0.40316081047058105,0,1
4523,7,Aleksander_Kwasniewski/Aleksander_Kwasniewski_0003.jpg,Billy_Crawford/Billy_Crawford_0001.jpg,0,scored,0.061875976622104645,0.40316081047058105,0,1
4524,7,Aleksander_Voloshin/Aleksander_Voloshin_0001.jpg,Kristen_Rivera/Kristen_Rivera_0001.jpg,0,scored,-0.15604360401630402,0.40316081047058105,0,1
4525,7,Alessandro_Nesta/Alessandro_Nesta_0001.jpg,Paul_Kelleher/Paul_Kelleher_0001.jpg,0,scored,-0.02784145437180996,0.40316081047058105,0,1
4526,7,Alfredo_di_Stefano/Alfredo_di_Stefano_0001.jpg,Chris_Moore/Chris_Moore_0001.jpg,0,scored,-0.10219226777553558,0.40316081047058105,0,1
4527,7,Alfredo_di_Stefano/Alfredo_di_Stefano_0001.jpg,Maryn_McKenna/Maryn_McKenna_0001.jpg,0,scored,0.12528829276561737,0.40316081047058105,0,1
4528,7,Alfredo_di_Stefano/Alfredo_di_Stefano_0001.jpg,Shamai_Leibowitz/Shamai_Leibowitz_0001.jpg,0,scored,-0.2680988609790802,0.40316081047058105,0,1
4529,7,Ali_Naimi/Ali_Naimi_0005.jpg,Morris_Dees/Morris_Dees_0001.jpg,0,scored,-0.0658177062869072,0.40316081047058105,0,1
4530,7,Aline_Chretien/Aline_Chretien_0001.jpg,Guillermo_Coria/Guillermo_Coria_0017.jpg,0,scored,0.005472154356539249,0.40316081047058105,0,1
4531,7,Amy_Yasbeck/Amy_Yasbeck_0001.jpg,Chawki_Armali/Chawki_Armali_0001.jpg,0,scored,-0.1445431113243103,0.40316081047058105,0,1
4532,7,AnFernce_Negron/AnFernce_Negron_0001.jpg,Kristen_Rivera/Kristen_Rivera_0001.jpg,0,scored,0.1638416349887848,0.40316081047058105,0,1
4533,7,Andrew_Cuomo/Andrew_Cuomo_0002.jpg,Todd_Petit/Todd_Petit_0001.jpg,0,scored,-0.17472988367080688,0.40316081047058105,0,1
4534,7,Anil_Ramsook/Anil_Ramsook_0001.jpg,Takeo_Hiranuma/Takeo_Hiranuma_0001.jpg,0,scored,0.031794171780347824,0.40316081047058105,0,1
4535,7,Annie_Chaplin/Annie_Chaplin_0001.jpg,Charles_Tannok/Charles_Tannok_0001.jpg,0,scored,0.05152532458305359,0.40316081047058105,0,1
4536,7,Antanas_Valionis/Antanas_Valionis_0001.jpg,William_Rehnquist/William_Rehnquist_0001.jpg,0,scored,0.005369264632463455,0.40316081047058105,0,1
4537,7,Avril_Lavigne/Avril_Lavigne_0001.jpg,Shia_LaBeouf/Shia_LaBeouf_0002.jpg,0,scored,0.016713030636310577,0.40316081047058105,0,1
4538,7,Barbara_Becker/Barbara_Becker_0001.jpg,Chris_Noth/Chris_Noth_0001.jpg,0,scored,-0.2785475552082062,0.40316081047058105,0,1
4539,7,Barbara_Becker/Barbara_Becker_0001.jpg,Franz_Beckenbauer/Franz_Beckenbauer_0002.jpg,0,scored,0.06325647234916687,0.40316081047058105,0,1
4540,7,Barbora_Strycova/Barbora_Strycova_0001.jpg,Christiane_Wulff/Christiane_Wulff_0001.jpg,0,scored,0.06617534160614014,0.40316081047058105,0,1
4541,7,Barry_Diller/Barry_Diller_0001.jpg,Meles_Zenawi/Meles_Zenawi_0001.jpg,0,scored,0.04816466569900513,0.40316081047058105,0,1
4542,7,Bartosz_Kizierowski/Bartosz_Kizierowski_0001.jpg,Faye_Wong/Faye_Wong_0001.jpg,0,scored,0.22439530491828918,0.40316081047058105,0,1
4543,7,Ben_Wallace/Ben_Wallace_0001.jpg,Nia_Vardalos/Nia_Vardalos_0005.jpg,0,scored,0.09645141661167145,0.40316081047058105,0,1
4544,7,Bernard_Lord/Bernard_Lord_0001.jpg,Joxel_Garcia/Joxel_Garcia_0001.jpg,0,scored,0.1601484715938568,0.40316081047058105,0,1
4545,7,Bernard_Lord/Bernard_Lord_0002.jpg,Bing_Crosby/Bing_Crosby_0001.jpg,0,scored,0.19623278081417084,0.40316081047058105,0,1
4546,7,Beyonce_Knowles/Beyonce_Knowles_0001.jpg,Maurice_Papon/Maurice_Papon_0001.jpg,0,scored,-0.1005764752626419,0.40316081047058105,0,1
4547,7,Bill_Duffey/Bill_Duffey_0001.jpg,Jong_Wook_Lee/Jong_Wook_Lee_0001.jpg,0,scored,0.06975557655096054,0.40316081047058105,0,1
4548,7,Bill_Guerin/Bill_Guerin_0001.jpg,Julie_Goodenough/Julie_Goodenough_0001.jpg,0,scored,-0.1303292065858841,0.40316081047058105,0,1
4549,7,Bill_Herrion/Bill_Herrion_0001.jpg,Fernando_Valenzuela/Fernando_Valenzuela_0001.jpg,0,scored,0.3124542236328125,0.40316081047058105,0,1
4550,7,Bill_Herrion/Bill_Herrion_0001.jpg,Johnny_Unitas/Johnny_Unitas_0002.jpg,0,scored,-0.0056175291538238525,0.40316081047058105,0,1
4551,7,Bill_Richardson/Bill_Richardson_0001.jpg,George_McCloud/George_McCloud_0001.jpg,0,scored,0.03561568260192871,0.40316081047058105,0,1
4552,7,Billy_Andrade/Billy_Andrade_0001.jpg,Kellie_Coffey/Kellie_Coffey_0001.jpg,0,scored,0.19304263591766357,0.40316081047058105,0,1
4553,7,Billy_Crawford/Billy_Crawford_0001.jpg,Jim_Edmonds/Jim_Edmonds_0002.jpg,0,scored,-0.23500066995620728,0.40316081047058105,0,1
4554,7,Billy_Edelin/Billy_Edelin_0001.jpg,Himmler_Rebu/Himmler_Rebu_0001.jpg,0,scored,-0.11246617138385773,0.40316081047058105,0,1
4555,7,Bing_Crosby/Bing_Crosby_0001.jpg,Stephen_Webster/Stephen_Webster_0001.jpg,0,scored,0.0790349692106247,0.40316081047058105,0,1
4556,7,Bixente_LIzarazu/Bixente_LIzarazu_0001.jpg,Chris_Bell/Chris_Bell_0002.jpg,0,scored,-0.16824063658714294,0.40316081047058105,0,1
4557,7,Bixente_LIzarazu/Bixente_LIzarazu_0001.jpg,Todd_Wike/Todd_Wike_0001.jpg,0,scored,-0.2670419216156006,0.40316081047058105,0,1
4558,7,Blythe_Danner/Blythe_Danner_0002.jpg,Hank_McKinnell/Hank_McKinnell_0001.jpg,0,scored,-0.019251342862844467,0.40316081047058105,0,1
4559,7,Bob_Eskridge/Bob_Eskridge_0001.jpg,Marco_Pantani/Marco_Pantani_0001.jpg,0,scored,-0.042683593928813934,0.40316081047058105,0,1
4560,7,Bob_Hartley/Bob_Hartley_0001.jpg,Lou_Piniella/Lou_Piniella_0003.jpg,0,scored,0.10351340472698212,0.40316081047058105,0,1
4561,7,Bob_Krueger/Bob_Krueger_0001.jpg,Gordana_Grubin/Gordana_Grubin_0001.jpg,0,scored,0.07091086357831955,0.40316081047058105,0,1
4562,7,Bob_Krueger/Bob_Krueger_0001.jpg,Mariana_Pollack/Mariana_Pollack_0001.jpg,0,scored,-0.07904359698295593,0.40316081047058105,0,1
4563,7,Bob_Sulkin/Bob_Sulkin_0001.jpg,Branko_Crvenkovski/Branko_Crvenkovski_0003.jpg,0,scored,0.1227632686495781,0.40316081047058105,0,1
4564,7,Bobby_Kielty/Bobby_Kielty_0001.jpg,Robert_Horan/Robert_Horan_0002.jpg,0,scored,0.21234409511089325,0.40316081047058105,0,1
4565,7,Brajesh_Mishra/Brajesh_Mishra_0001.jpg,Mark_Podlesny/Mark_Podlesny_0001.jpg,0,scored,-0.1227039247751236,0.40316081047058105,0,1
4566,7,Brandon_Knight/Brandon_Knight_0001.jpg,Claudia_Cardinale/Claudia_Cardinale_0001.jpg,0,scored,-0.0052655283361673355,0.40316081047058105,0,1
4567,7,Brandon_Knight/Brandon_Knight_0001.jpg,Phil_Donahue/Phil_Donahue_0001.jpg,0,scored,0.10994354635477066,0.40316081047058105,0,1
4568,7,Brandon_Lloyd/Brandon_Lloyd_0001.jpg,Cha_Yung-gu/Cha_Yung-gu_0001.jpg,0,scored,0.08812690526247025,0.40316081047058105,0,1
4569,7,Brandon_Lloyd/Brandon_Lloyd_0001.jpg,James_Coburn/James_Coburn_0001.jpg,0,scored,-0.05407162755727768,0.40316081047058105,0,1
4570,7,Brian_Schneider/Brian_Schneider_0001.jpg,Michael_Rolinee/Michael_Rolinee_0001.jpg,0,scored,0.13511934876441956,0.40316081047058105,0,1
4571,7,Bruce_Springsteen/Bruce_Springsteen_0004.jpg,Ion_Tiriac/Ion_Tiriac_0001.jpg,0,scored,0.009539737366139889,0.40316081047058105,0,1
4572,7,Cameron_Diaz/Cameron_Diaz_0002.jpg,Shia_LaBeouf/Shia_LaBeouf_0001.jpg,0,scored,0.016413550823926926,0.40316081047058105,0,1
4573,7,Cameron_Diaz/Cameron_Diaz_0005.jpg,Nadia_Petrova/Nadia_Petrova_0002.jpg,0,scored,0.1219761073589325,0.40316081047058105,0,1
4574,7,Carla_Gugino/Carla_Gugino_0001.jpg,Kelly_Osbourne/Kelly_Osbourne_0001.jpg,0,scored,0.35226970911026,0.40316081047058105,0,1
4575,7,Carla_Gugino/Carla_Gugino_0001.jpg,Kenny_Chesney/Kenny_Chesney_0001.jpg,0,scored,-0.09131312370300293,0.40316081047058105,0,1
4576,7,Carla_Gugino/Carla_Gugino_0001.jpg,Michael_Douglas/Michael_Douglas_0003.jpg,0,scored,-0.19705580174922943,0.40316081047058105,0,1
4577,7,Carla_Gugino/Carla_Gugino_0001.jpg,Miguel_Aldana_Ibarra/Miguel_Aldana_Ibarra_0001.jpg,0,scored,0.06455846130847931,0.40316081047058105,0,1
4578,7,Carlos_Fasciolo/Carlos_Fasciolo_0001.jpg,Debbie_Allen/Debbie_Allen_0001.jpg,0,scored,0.03647357597947121,0.40316081047058105,0,1
4579,7,Carol_Williams/Carol_Williams_0001.jpg,Gorden_Tallis/Gorden_Tallis_0001.jpg,0,scored,0.01563197374343872,0.40316081047058105,0,1
4580,7,Carrie-Anne_Moss/Carrie-Anne_Moss_0002.jpg,Horacio_Julio_Pina/Horacio_Julio_Pina_0001.jpg,0,scored,0.03317325562238693,0.40316081047058105,0,1
4581,7,Carrie-Anne_Moss/Carrie-Anne_Moss_0004.jpg,Michael_Goldrich/Michael_Goldrich_0001.jpg,0,scored,-0.13775131106376648,0.40316081047058105,0,1
4582,7,Casey_Crowder/Casey_Crowder_0001.jpg,Keiko_Sofia_Fujimori/Keiko_Sofia_Fujimori_0001.jpg,0,scored,0.01605703867971897,0.40316081047058105,0,1
4583,7,Casey_Crowder/Casey_Crowder_0001.jpg,Phoenix_Chang/Phoenix_Chang_0001.jpg,0,scored,-0.17758634686470032,0.40316081047058105,0,1
4584,7,Cha_Yung-gu/Cha_Yung-gu_0001.jpg,Takeo_Hiranuma/Takeo_Hiranuma_0001.jpg,0,scored,0.7631471157073975,0.40316081047058105,1,0
4585,7,Charlene_Barshefsky/Charlene_Barshefsky_0001.jpg,James_Coburn/James_Coburn_0001.jpg,0,scored,-0.26785919070243835,0.40316081047058105,0,1
4586,7,Charles_Tannok/Charles_Tannok_0001.jpg,Larry_Coker/Larry_Coker_0004.jpg,0,scored,-0.0968559980392456,0.40316081047058105,0,1
4587,7,Charlie_Hunnam/Charlie_Hunnam_0001.jpg,Hestrie_Cloette/Hestrie_Cloette_0001.jpg,0,scored,0.07253583520650864,0.40316081047058105,0,1
4588,7,Charlie_Hunnam/Charlie_Hunnam_0001.jpg,Veronica_Lake/Veronica_Lake_0001.jpg,0,scored,0.009210515767335892,0.40316081047058105,0,1
4589,7,Charlton_Heston/Charlton_Heston_0004.jpg,Desiree_Lemosi/Desiree_Lemosi_0001.jpg,0,scored,-0.27590274810791016,0.40316081047058105,0,1
4590,7,Chawki_Armali/Chawki_Armali_0001.jpg,Shoshannah_Stern/Shoshannah_Stern_0001.jpg,0,scored,0.053065188229084015,0.40316081047058105,0,1
4591,7,Chris_Bell/Chris_Bell_0002.jpg,Pharrell_Williams/Pharrell_Williams_0001.jpg,0,scored,0.20750892162322998,0.40316081047058105,0,1
4592,7,Chris_Forsyth/Chris_Forsyth_0001.jpg,Nikki_Reed/Nikki_Reed_0002.jpg,0,scored,-0.1688130646944046,0.40316081047058105,0,1
4593,7,Chris_Neil/Chris_Neil_0001.jpg,John_Kerry/John_Kerry_0014.jpg,0,scored,-0.17339415848255157,0.40316081047058105,0,1
4594,7,Chris_Noth/Chris_Noth_0001.jpg,Takeshi_Kitano/Takeshi_Kitano_0001.jpg,0,scored,-0.27785491943359375,0.40316081047058105,0,1
4595,7,Christine_Arron/Christine_Arron_0001.jpg,Robert_Duvall/Robert_Duvall_0005.jpg,0,scored,0.1889372020959854,0.40316081047058105,0,1
4596,7,Christine_Arron/Christine_Arron_0001.jpg,Steve_McManaman/Steve_McManaman_0001.jpg,0,scored,-0.007363919168710709,0.40316081047058105,0,1
4597,7,Chuck_Hagel/Chuck_Hagel_0001.jpg,Jeff_Roehm/Jeff_Roehm_0001.jpg,0,scored,0.126897394657135,0.40316081047058105,0,1
4598,7,Chuck_Hagel/Chuck_Hagel_0001.jpg,Margaret_Hasley/Margaret_Hasley_0001.jpg,0,scored,0.0685081034898758,0.40316081047058105,0,1
4599,7,Chuck_Hagel/Chuck_Hagel_0001.jpg,Sebastian_Porto/Sebastian_Porto_0001.jpg,0,scored,-0.3491626977920532,0.40316081047058105,0,1
4600,7,Cliff_Ellis/Cliff_Ellis_0001.jpg,John_Lisowski/John_Lisowski_0001.jpg,0,scored,-0.07751806080341339,0.40316081047058105,0,1
4601,7,Clifford_Etienne/Clifford_Etienne_0001.jpg,Pharrell_Williams/Pharrell_Williams_0001.jpg,0,scored,0.14617297053337097,0.40316081047058105,0,1
4602,7,Clifford_Etienne/Clifford_Etienne_0001.jpg,Ray_Lewis/Ray_Lewis_0001.jpg,0,scored,0.32075047492980957,0.40316081047058105,0,1
4603,7,Clive_Lloyd/Clive_Lloyd_0001.jpg,Harland_Braun/Harland_Braun_0001.jpg,0,scored,0.16800862550735474,0.40316081047058105,0,1
4604,7,Colin_Montgomerie/Colin_Montgomerie_0001.jpg,Horacio_Julio_Pina/Horacio_Julio_Pina_0001.jpg,0,scored,0.07948087155818939,0.40316081047058105,0,1
4605,7,Daniel_Montenegro/Daniel_Montenegro_0001.jpg,Gustavo_Cisneros/Gustavo_Cisneros_0001.jpg,0,scored,0.1632079780101776,0.40316081047058105,0,1
4606,7,Daniel_Montenegro/Daniel_Montenegro_0001.jpg,Nadia_Petrova/Nadia_Petrova_0004.jpg,0,scored,0.13272282481193542,0.40316081047058105,0,1
4607,7,Daniel_Montenegro/Daniel_Montenegro_0001.jpg,Omar_Khan_Sharif/Omar_Khan_Sharif_0001.jpg,0,scored,0.16275697946548462,0.40316081047058105,0,1
4608,7,Daniel_Montenegro/Daniel_Montenegro_0001.jpg,Rick_Santorum/Rick_Santorum_0001.jpg,0,scored,-0.12709581851959229,0.40316081047058105,0,1
4609,7,Danny_Glover/Danny_Glover_0001.jpg,Morris_Dees/Morris_Dees_0001.jpg,0,scored,0.256980836391449,0.40316081047058105,0,1
4610,7,Danny_Glover/Danny_Glover_0001.jpg,Patrice_Chereau/Patrice_Chereau_0002.jpg,0,scored,-0.047573890537023544,0.40316081047058105,0,1
4611,7,David_Trimble/David_Trimble_0004.jpg,John_Elway/John_Elway_0001.jpg,0,scored,-0.04496457800269127,0.40316081047058105,0,1
4612,7,David_Wolf/David_Wolf_0002.jpg,Emanuel_Ginobili/Emanuel_Ginobili_0004.jpg,0,scored,-0.05857674032449722,0.40316081047058105,0,1
4613,7,David_Wolf/David_Wolf_0002.jpg,Kathleen_Glynn/Kathleen_Glynn_0002.jpg,0,scored,-0.045839469879865646,0.40316081047058105,0,1
4614,7,David_Wolf/David_Wolf_0002.jpg,Venus_Williams/Venus_Williams_0006.jpg,0,scored,-0.06428530812263489,0.40316081047058105,0,1
4615,7,Debbie_Allen/Debbie_Allen_0001.jpg,Sebastian_Cuattrin/Sebastian_Cuattrin_0001.jpg,0,scored,0.02415928617119789,0.40316081047058105,0,1
4616,7,Demetrius_Ferraciu/Demetrius_Ferraciu_0002.jpg,Edward_Seaga/Edward_Seaga_0001.jpg,0,scored,0.23753508925437927,0.40316081047058105,0,1
4617,7,Denise_Johnson/Denise_Johnson_0001.jpg,Nikki_Cascone/Nikki_Cascone_0001.jpg,0,scored,0.2165578454732895,0.40316081047058105,0,1
4618,7,Denise_Johnson/Denise_Johnson_0002.jpg,Emanuel_Ginobili/Emanuel_Ginobili_0003.jpg,0,scored,-0.0254522655159235,0.40316081047058105,0,1
4619,7,Denise_Johnson/Denise_Johnson_0002.jpg,Filippo_Inzaghi/Filippo_Inzaghi_0002.jpg,0,scored,0.0674908459186554,0.40316081047058105,0,1
4620,7,Dennis_Powell/Dennis_Powell_0001.jpg,Horst_Koehler/Horst_Koehler_0003.jpg,0,scored,0.2709105610847473,0.40316081047058105,0,1
4621,7,Dennis_Powell/Dennis_Powell_0001.jpg,Michael_Chiklis/Michael_Chiklis_0002.jpg,0,scored,0.08844113349914551,0.40316081047058105,0,1
4622,7,Desiree_Lemosi/Desiree_Lemosi_0002.jpg,Dion_Glover/Dion_Glover_0001.jpg,0,scored,-0.19146302342414856,0.40316081047058105,0,1
4623,7,Dion_Glover/Dion_Glover_0001.jpg,Michael_Weiss/Michael_Weiss_0001.jpg,0,scored,-0.019466150552034378,0.40316081047058105,0,1
4624,7,Doug_Melvin/Doug_Melvin_0001.jpg,Gustavo_Cisneros/Gustavo_Cisneros_0001.jpg,0,scored,0.15626037120819092,0.40316081047058105,0,1
4625,7,Doug_Melvin/Doug_Melvin_0003.jpg,Emma_Nicholson/Emma_Nicholson_0001.jpg,0,scored,0.23613083362579346,0.40316081047058105,0,1
4626,7,Doug_Racine/Doug_Racine_0001.jpg,Marisol_Breton/Marisol_Breton_0001.jpg,0,scored,0.116346076130867,0.40316081047058105,0,1
4627,7,Ed_Book/Ed_Book_0001.jpg,Nur_Jaafar/Nur_Jaafar_0001.jpg,0,scored,-0.03166969493031502,0.40316081047058105,0,1
4628,7,Ed_Case/Ed_Case_0001.jpg,Sadam_Hassan/Sadam_Hassan_0001.jpg,0,scored,-0.14631037414073944,0.40316081047058105,0,1
4629,7,Edward_Seaga/Edward_Seaga_0001.jpg,George_Roy_Hill/George_Roy_Hill_0001.jpg,0,scored,0.22459007799625397,0.40316081047058105,0,1
4630,7,Edward_Seaga/Edward_Seaga_0001.jpg,Sarah_Price/Sarah_Price_0001.jpg,0,scored,-0.018193017691373825,0.40316081047058105,0,1
4631,7,Eileen_Spina/Eileen_Spina_0001.jpg,Jeff_Bzdelik/Jeff_Bzdelik_0001.jpg,0,scored,0.17846213281154633,0.40316081047058105,0,1
4632,7,Ekke_Hard_Forberg/Ekke_Hard_Forberg_0001.jpg,Nikki_Reed/Nikki_Reed_0001.jpg,0,scored,-0.14222294092178345,0.40316081047058105,0,1
4633,7,Elena_Bereznaya/Elena_Bereznaya_0001.jpg,Lene_Espersen/Lene_Espersen_0001.jpg,0,scored,0.04660949856042862,0.40316081047058105,0,1
4634,7,Elena_Bereznaya/Elena_Bereznaya_0001.jpg,Mario_Lobo_Zagallo/Mario_Lobo_Zagallo_0001.jpg,0,scored,-0.1327655017375946,0.40316081047058105,0,1
4635,7,Elena_Bereznaya/Elena_Bereznaya_0001.jpg,Rick_Stansbury/Rick_Stansbury_0002.jpg,0,scored,-0.225107342004776,0.40316081047058105,0,1
4636,7,Elisha_Cuthbert/Elisha_Cuthbert_0001.jpg,Mariana_Pollack/Mariana_Pollack_0002.jpg,0,scored,-0.05381893366575241,0.40316081047058105,0,1
4637,7,Eliza_Manningham-Buller/Eliza_Manningham-Buller_0001.jpg,Lawrence_MacAulay/Lawrence_MacAulay_0002.jpg,0,scored,0.09839946031570435,0.40316081047058105,0,1
4638,7,Eric_Clapton/Eric_Clapton_0002.jpg,Niall_Connolly/Niall_Connolly_0001.jpg,0,scored,0.19411370158195496,0.40316081047058105,0,1
4639,7,Eric_Taino/Eric_Taino_0001.jpg,Michael_Goldrich/Michael_Goldrich_0001.jpg,0,scored,-0.07761447131633759,0.40316081047058105,0,1
4640,7,Farida_Ragoonanan/Farida_Ragoonanan_0001.jpg,Jorge_Enrique_Jimenez/Jorge_Enrique_Jimenez_0001.jpg,0,scored,-0.11131419241428375,0.40316081047058105,0,1
4641,7,Felix_Trinidad/Felix_Trinidad_0001.jpg,Joe_Darrell/Joe_Darrell_0001.jpg,0,scored,-0.04814380407333374,0.40316081047058105,0,1
4642,7,Felix_Trinidad/Felix_Trinidad_0001.jpg,Justine_Pasek/Justine_Pasek_0004.jpg,0,scored,0.01634865626692772,0.40316081047058105,0,1
4643,7,Fernando_Valenzuela/Fernando_Valenzuela_0001.jpg,Luis_Figo/Luis_Figo_0003.jpg,0,scored,0.130545973777771,0.40316081047058105,0,1
4644,7,Fernando_Valenzuela/Fernando_Valenzuela_0001.jpg,Nicolas_Macrozonaris/Nicolas_Macrozonaris_0001.jpg,0,scored,0.04241933673620224,0.40316081047058105,0,1
4645,7,Filippo_Inzaghi/Filippo_Inzaghi_0001.jpg,Mohammed_Al_Hindi/Mohammed_Al_Hindi_0001.jpg,0,scored,0.053930748254060745,0.40316081047058105,0,1
4646,7,Filippo_Inzaghi/Filippo_Inzaghi_0001.jpg,Shanna_Zolman/Shanna_Zolman_0001.jpg,0,scored,-0.20763498544692993,0.40316081047058105,0,1
4647,7,Francis_Ricciardone/Francis_Ricciardone_0001.jpg,Sven_Goran_Eriksson/Sven_Goran_Eriksson_0001.jpg,0,scored,0.18108749389648438,0.40316081047058105,0,1
4648,7,Franz_Beckenbauer/Franz_Beckenbauer_0001.jpg,Gerald_Ford/Gerald_Ford_0001.jpg,0,scored,0.27484920620918274,0.40316081047058105,0,1
4649,7,Franz_Beckenbauer/Franz_Beckenbauer_0002.jpg,Rick_Bragg/Rick_Bragg_0001.jpg,0,scored,-0.22081342339515686,0.40316081047058105,0,1
4650,7,George_Foreman/George_Foreman_0002.jpg,Ralph_Goodale/Ralph_Goodale_0001.jpg,0,scored,-0.05025859177112579,0.40316081047058105,0,1
4651,7,George_Pataki/George_Pataki_0001.jpg,James_Dingemans/James_Dingemans_0001.jpg,0,scored,0.0229510311037302,0.40316081047058105,0,1
4652,7,George_Pataki/George_Pataki_0002.jpg,Masahiko_Nagasawa/Masahiko_Nagasawa_0002.jpg,0,scored,0.2646418809890747,0.40316081047058105,0,1
4653,7,George_Plimpton/George_Plimpton_0001.jpg,Ximena_Bohorquez/Ximena_Bohorquez_0001.jpg,0,scored,-0.2069305181503296,0.40316081047058105,0,1
4654,7,Gerald_Ford/Gerald_Ford_0001.jpg,Kurt_Budke/Kurt_Budke_0001.jpg,0,scored,0.12526847422122955,0.40316081047058105,0,1
4655,7,Gerald_Ford/Gerald_Ford_0001.jpg,Li_Peng/Li_Peng_0001.jpg,0,scored,0.03387877717614174,0.40316081047058105,0,1
4656,7,Giselle_Estefania_Tavarelli/Giselle_Estefania_Tavarelli_0001.jpg,John_Sununu/John_Sununu_0001.jpg,0,scored,-0.0004202036652714014,0.40316081047058105,0,1
4657,7,Giulio_Andreotti/Giulio_Andreotti_0001.jpg,Kurt_Russell/Kurt_Russell_0002.jpg,0,scored,-0.04415522888302803,0.40316081047058105,0,1
4658,7,Giulio_Andreotti/Giulio_Andreotti_0001.jpg,Michael_Denzel/Michael_Denzel_0001.jpg,0,scored,-0.13846778869628906,0.40316081047058105,0,1
4659,7,Gonzalo_Sanchez_de_Lozada/Gonzalo_Sanchez_de_Lozada_0003.jpg,Shannyn_Sossamon/Shannyn_Sossamon_0001.jpg,0,scored,0.06471908837556839,0.40316081047058105,0,1
4660,7,Graciano_Rocchigiani/Graciano_Rocchigiani_0001.jpg,Juan_Jose_Lucas/Juan_Jose_Lucas_0001.jpg,0,scored,-0.09083553403615952,0.40316081047058105,0,1
4661,7,Gregory_Geoffroy/Gregory_Geoffroy_0001.jpg,Sybille_Schmid/Sybille_Schmid_0001.jpg,0,scored,-0.1951441615819931,0.40316081047058105,0,1
4662,7,Gregory_Geoffroy/Gregory_Geoffroy_0002.jpg,Kosuke_Kitajima/Kosuke_Kitajima_0001.jpg,0,scored,-0.11283396929502487,0.40316081047058105,0,1
4663,7,Gregory_Geoffroy/Gregory_Geoffroy_0002.jpg,Wycliffe_Grousbeck/Wycliffe_Grousbeck_0001.jpg,0,scored,0.30323025584220886,0.40316081047058105,0,1
4664,7,Guangdong_Ou_Guangyuan/Guangdong_Ou_Guangyuan_0001.jpg,Li_Ruihuan/Li_Ruihuan_0001.jpg,0,scored,0.5863769054412842,0.40316081047058105,1,0
4665,7,Guangdong_Ou_Guangyuan/Guangdong_Ou_Guangyuan_0001.jpg,Nicole/Nicole_0001.jpg,0,scored,0.18537378311157227,0.40316081047058105,0,1
4666,7,Gustavo_Cisneros/Gustavo_Cisneros_0001.jpg,Steve_Blake/Steve_Blake_0001.jpg,0,scored,-0.07739576697349548,0.40316081047058105,0,1
4667,7,Gustavo_Noboa/Gustavo_Noboa_0001.jpg,Lea_Fastow/Lea_Fastow_0002.jpg,0,scored,-0.06135440617799759,0.40316081047058105,0,1
4668,7,Habib_Hisham/Habib_Hisham_0001.jpg,Pat_Rochester/Pat_Rochester_0001.jpg,0,scored,0.11246594786643982,0.40316081047058105,0,1
4669,7,Habib_Hisham/Habib_Hisham_0001.jpg,Paul_Wilson/Paul_Wilson_0001.jpg,0,scored,0.05352742224931717,0.40316081047058105,0,1
4670,7,Habib_Rizieq/Habib_Rizieq_0001.jpg,Olivia_Newton-John/Olivia_Newton-John_0002.jpg,0,scored,-0.0855226218700409,0.40316081047058105,0,1
4671,7,Habib_Rizieq/Habib_Rizieq_0003.jpg,Kenny_Chesney/Kenny_Chesney_0001.jpg,0,scored,0.08560356497764587,0.40316081047058105,0,1
4672,7,Hal_Sutton/Hal_Sutton_0002.jpg,Kellie_Coffey/Kellie_Coffey_0001.jpg,0,scored,0.09970498085021973,0.40316081047058105,0,1
4673,7,Harland_Braun/Harland_Braun_0001.jpg,Kathryn_Tucker/Kathryn_Tucker_0001.jpg,0,scored,-0.28011640906333923,0.40316081047058105,0,1
4674,7,Hassanal_Bolkiah/Hassanal_Bolkiah_0001.jpg,Michael_Leavitt/Michael_Leavitt_0001.jpg,0,scored,0.013767803087830544,0.40316081047058105,0,1
4675,7,Hestrie_Cloette/Hestrie_Cloette_0001.jpg,Nicholas_Byron/Nicholas_Byron_0002.jpg,0,scored,-0.00249350443482399,0.40316081047058105,0,1
4676,7,Hitoshi_Tanaka/Hitoshi_Tanaka_0001.jpg,Ramon_Ponce_de_Leon/Ramon_Ponce_de_Leon_0001.jpg,0,scored,0.15043607354164124,0.40316081047058105,0,1
4677,7,Horacio_Julio_Pina/Horacio_Julio_Pina_0001.jpg,Zaini_Abdullah/Zaini_Abdullah_0001.jpg,0,scored,0.26841527223587036,0.40316081047058105,0,1
4678,7,Huang_Suey-Sheng/Huang_Suey-Sheng_0001.jpg,Lucrecia_Orozco/Lucrecia_Orozco_0001.jpg,0,scored,0.11974845826625824,0.40316081047058105,0,1
4679,7,Huang_Suey-Sheng/Huang_Suey-Sheng_0001.jpg,Paul_Cerjan/Paul_Cerjan_0001.jpg,0,scored,0.4015982151031494,0.40316081047058105,0,1
4680,7,Huang_Suey-Sheng/Huang_Suey-Sheng_0001.jpg,Robinson_Stevenin/Robinson_Stevenin_0001.jpg,0,scored,0.19319841265678406,0.40316081047058105,0,1
4681,7,Ian_Knop/Ian_Knop_0001.jpg,Michel_Minard/Michel_Minard_0001.jpg,0,scored,0.10094468295574188,0.40316081047058105,0,1
4682,7,Ilan_Ramon/Ilan_Ramon_0003.jpg,Tatiana_Kennedy_Schlossberg/Tatiana_Kennedy_Schlossberg_0001.jpg,0,scored,0.21018093824386597,0.40316081047058105,0,1
4683,7,Ion_Tiriac/Ion_Tiriac_0001.jpg,Lawrence_MacAulay/Lawrence_MacAulay_0001.jpg,0,scored,0.04095685854554176,0.40316081047058105,0,1
4684,7,Ismail_Abu_Shanab/Ismail_Abu_Shanab_0001.jpg,Michael_Denzel/Michael_Denzel_0001.jpg,0,scored,0.2406129091978073,0.40316081047058105,0,1
4685,7,Ismail_Abu_Shanab/Ismail_Abu_Shanab_0001.jpg,Rebecca_Romijn-Stamos/Rebecca_Romijn-Stamos_0001.jpg,0,scored,-0.05618547648191452,0.40316081047058105,0,1
4686,7,Jack_Welch/Jack_Welch_0001.jpg,Keizo_Yamada/Keizo_Yamada_0001.jpg,0,scored,0.22521692514419556,0.40316081047058105,0,1
4687,7,James_Dingemans/James_Dingemans_0001.jpg,Robert_Duvall/Robert_Duvall_0005.jpg,0,scored,0.2154405564069748,0.40316081047058105,0,1
4688,7,James_Dingemans/James_Dingemans_0001.jpg,William_Morrow/William_Morrow_0001.jpg,0,scored,0.24541054666042328,0.40316081047058105,0,1
4689,7,Jamie_Lee_Curtis/Jamie_Lee_Curtis_0001.jpg,William_Joppy/William_Joppy_0001.jpg,0,scored,-0.1774197220802307,0.40316081047058105,0,1
4690,7,Jamie_Martin/Jamie_Martin_0001.jpg,Patrick_Ewing/Patrick_Ewing_0001.jpg,0,scored,0.13465365767478943,0.40316081047058105,0,1
4691,7,Jan_Bjoerklund/Jan_Bjoerklund_0001.jpg,Li_Ruihuan/Li_Ruihuan_0001.jpg,0,scored,-0.06772225350141525,0.40316081047058105,0,1
4692,7,Jan_Paul_Miller/Jan_Paul_Miller_0001.jpg,Paradorn_Srichaphan/Paradorn_Srichaphan_0008.jpg,0,scored,-0.04366794601082802,0.40316081047058105,0,1
4693,7,Jay_Garner/Jay_Garner_0003.jpg,Reggie_Sanders/Reggie_Sanders_0001.jpg,0,scored,0.07611824572086334,0.40316081047058105,0,1
4694,7,Jeff_Bzdelik/Jeff_Bzdelik_0001.jpg,Zach_Parise/Zach_Parise_0001.jpg,0,scored,0.2763283848762512,0.40316081047058105,0,1
4695,7,Jerry_Oliver/Jerry_Oliver_0001.jpg,Rudolf_Schuster/Rudolf_Schuster_0001.jpg,0,scored,-0.0628436803817749,0.40316081047058105,0,1
4696,7,Jerry_Oliver/Jerry_Oliver_0001.jpg,Stefaan_Declerk/Stefaan_Declerk_0001.jpg,0,scored,0.04670748859643936,0.40316081047058105,0,1
4697,7,Jerry_Sloan/Jerry_Sloan_0001.jpg,Julianne_Moore/Julianne_Moore_0009.jpg,0,scored,0.11337511241436005,0.40316081047058105,0,1
4698,7,Jerry_Sloan/Jerry_Sloan_0001.jpg,Keiko_Sofia_Fujimori/Keiko_Sofia_Fujimori_0001.jpg,0,scored,-0.08635778725147247,0.40316081047058105,0,1
4699,7,Jerry_Sloan/Jerry_Sloan_0001.jpg,Nikki_Cascone/Nikki_Cascone_0001.jpg,0,scored,-0.20724986493587494,0.40316081047058105,0,1
4700,7,Jim_Anderson/Jim_Anderson_0001.jpg,Jose_Luis_Santiago_Vasconcelos/Jose_Luis_Santiago_Vasconcelos_0001.jpg,0,scored,-0.28024208545684814,0.40316081047058105,0,1
4701,7,Jim_Anderson/Jim_Anderson_0001.jpg,Mikhail_Wehbe/Mikhail_Wehbe_0001.jpg,0,scored,-0.059342071413993835,0.40316081047058105,0,1
4702,7,Joaquim_Levy/Joaquim_Levy_0001.jpg,Judy_Vassar/Judy_Vassar_0001.jpg,0,scored,0.21375274658203125,0.40316081047058105,0,1
4703,7,Joe_Leonard/Joe_Leonard_0001.jpg,Kristen_Rivera/Kristen_Rivera_0001.jpg,0,scored,0.19122061133384705,0.40316081047058105,0,1
4704,7,John_Baldacci/John_Baldacci_0001.jpg,Nona_Gaye/Nona_Gaye_0001.jpg,0,scored,-0.009650999680161476,0.40316081047058105,0,1
4705,7,John_Baldacci/John_Baldacci_0001.jpg,Shia_LaBeouf/Shia_LaBeouf_0001.jpg,0,scored,-0.07166154682636261,0.40316081047058105,0,1
4706,7,John_Elway/John_Elway_0001.jpg,Mahmoud_Diyab_al-Ahmed/Mahmoud_Diyab_al-Ahmed_0001.jpg,0,scored,0.06728717684745789,0.40316081047058105,0,1
4707,7,John_Kerry/John_Kerry_0009.jpg,Raja_Ibrahim/Raja_Ibrahim_0001.jpg,0,scored,-0.030787965282797813,0.40316081047058105,0,1
4708,7,John_Kerry/John_Kerry_0014.jpg,Pat_Rochester/Pat_Rochester_0001.jpg,0,scored,-0.16341204941272736,0.40316081047058105,0,1
4709,7,John_Lisowski/John_Lisowski_0001.jpg,Michelle_Kwan/Michelle_Kwan_0001.jpg,0,scored,-0.033415451645851135,0.40316081047058105,0,1
4710,7,John_Malkovich/John_Malkovich_0002.jpg,Paradorn_Srichaphan/Paradorn_Srichaphan_0007.jpg,0,scored,-0.03505481034517288,0.40316081047058105,0,1
4711,7,John_Malkovich/John_Malkovich_0003.jpg,Mona_Locke/Mona_Locke_0001.jpg,0,scored,0.001821485348045826,0.40316081047058105,0,1
4712,7,John_Malkovich/John_Malkovich_0003.jpg,Richard_Palmer/Richard_Palmer_0001.jpg,0,scored,-0.027600016444921494,0.40316081047058105,0,1
4713,7,John_McCallum/John_McCallum_0001.jpg,Oliver_Phelps/Oliver_Phelps_0001.jpg,0,scored,-0.095187246799469,0.40316081047058105,0,1
4714,7,John_McCallum/John_McCallum_0002.jpg,Rick_Bragg/Rick_Bragg_0001.jpg,0,scored,-0.017702583223581314,0.40316081047058105,0,1
4715,7,John_McEnroe/John_McEnroe_0002.jpg,Shane_Mosley/Shane_Mosley_0001.jpg,0,scored,-0.01373376976698637,0.40316081047058105,0,1
4716,7,John_Prescott/John_Prescott_0001.jpg,Will_Ofenheusle/Will_Ofenheusle_0001.jpg,0,scored,-0.18416553735733032,0.40316081047058105,0,1
4717,7,Johnnie_Lynn/Johnnie_Lynn_0001.jpg,Larry_Coker/Larry_Coker_0004.jpg,0,scored,-0.1427905112504959,0.40316081047058105,0,1
4718,7,Johnnie_Lynn/Johnnie_Lynn_0001.jpg,Richard_Palmer/Richard_Palmer_0001.jpg,0,scored,0.0014296527951955795,0.40316081047058105,0,1
4719,7,Johnny_Unitas/Johnny_Unitas_0001.jpg,Mark_Foley/Mark_Foley_0001.jpg,0,scored,0.14326195418834686,0.40316081047058105,0,1
4720,7,Jonathan_Karsh/Jonathan_Karsh_0001.jpg,Samantha_Ledster/Samantha_Ledster_0001.jpg,0,scored,-0.22793364524841309,0.40316081047058105,0,1
4721,7,Joxel_Garcia/Joxel_Garcia_0001.jpg,Lena_Olin/Lena_Olin_0001.jpg,0,scored,-0.10812313854694366,0.40316081047058105,0,1
4722,7,Joy_Bryant/Joy_Bryant_0001.jpg,Richard_Chamberlain/Richard_Chamberlain_0001.jpg,0,scored,0.1985391080379486,0.40316081047058105,0,1
4723,7,Julianne_Moore/Julianne_Moore_0004.jpg,Shia_LaBeouf/Shia_LaBeouf_0001.jpg,0,scored,-0.14356519281864166,0.40316081047058105,0,1
4724,7,Julio_Iglesias_Jr/Julio_Iglesias_Jr_0001.jpg,Ramon_Ponce_de_Leon/Ramon_Ponce_de_Leon_0001.jpg,0,scored,-0.10592173039913177,0.40316081047058105,0,1
4725,7,Justin_Timberlake/Justin_Timberlake_0001.jpg,Suzanne_Somers/Suzanne_Somers_0001.jpg,0,scored,-0.038689032196998596,0.40316081047058105,0,1
4726,7,Kathleen_Glynn/Kathleen_Glynn_0002.jpg,Susilo_Bambang_Yudhoyono/Susilo_Bambang_Yudhoyono_0001.jpg,0,scored,-0.09639893472194672,0.40316081047058105,0,1
4727,7,Kathryn_Morris/Kathryn_Morris_0001.jpg,Minnie_Driver/Minnie_Driver_0002.jpg,0,scored,-0.0334029421210289,0.40316081047058105,0,1
4728,7,Kathryn_Tucker/Kathryn_Tucker_0001.jpg,Stella_McCartney/Stella_McCartney_0001.jpg,0,scored,0.17136932909488678,0.40316081047058105,0,1
4729,7,Katie_Couric/Katie_Couric_0001.jpg,Sanjay_Gupta/Sanjay_Gupta_0001.jpg,0,scored,0.13650846481323242,0.40316081047058105,0,1
4730,7,Keiko_Sofia_Fujimori/Keiko_Sofia_Fujimori_0001.jpg,Sureyya_Ayhan/Sureyya_Ayhan_0001.jpg,0,scored,0.007406263612210751,0.40316081047058105,0,1
4731,7,Kellie_Coffey/Kellie_Coffey_0001.jpg,Todd_Petit/Todd_Petit_0001.jpg,0,scored,-0.05489209294319153,0.40316081047058105,0,1
4732,7,Kenny_Chesney/Kenny_Chesney_0001.jpg,Steve_Coogan/Steve_Coogan_0001.jpg,0,scored,-0.1745924949645996,0.40316081047058105,0,1
4733,7,Kevin_Tarrant/Kevin_Tarrant_0001.jpg,Marisol_Breton/Marisol_Breton_0001.jpg,0,scored,0.18157637119293213,0.40316081047058105,0,1
4734,7,Kristen_Rivera/Kristen_Rivera_0001.jpg,Valdas_Adamkus/Valdas_Adamkus_0002.jpg,0,scored,-0.10591553151607513,0.40316081047058105,0,1
4735,7,Kurt_Russell/Kurt_Russell_0002.jpg,Mahmoud_Diyab_al-Ahmed/Mahmoud_Diyab_al-Ahmed_0001.jpg,0,scored,0.07666356861591339,0.40316081047058105,0,1
4736,7,Kurt_Tanabe/Kurt_Tanabe_0001.jpg,William_Jackson/William_Jackson_0001.jpg,0,scored,-0.003846590407192707,0.40316081047058105,0,1
4737,7,Kyle_McLaren/Kyle_McLaren_0001.jpg,Sofia_Milos/Sofia_Milos_0001.jpg,0,scored,-0.11148162931203842,0.40316081047058105,0,1
4738,7,Kyle_McLaren/Kyle_McLaren_0001.jpg,Will_Ofenheusle/Will_Ofenheusle_0001.jpg,0,scored,-0.023528985679149628,0.40316081047058105,0,1
4739,7,Kyle_Shewfelt/Kyle_Shewfelt_0001.jpg,Larry_Coker/Larry_Coker_0002.jpg,0,scored,0.14880630373954773,0.40316081047058105,0,1
4740,7,Lawrence_Foley/Lawrence_Foley_0001.jpg,Rachel_Wadsworth/Rachel_Wadsworth_0001.jpg,0,scored,0.01799830049276352,0.40316081047058105,0,1
4741,7,Lea_Fastow/Lea_Fastow_0001.jpg,Uday_Hussein/Uday_Hussein_0001.jpg,0,scored,0.11793927103281021,0.40316081047058105,0,1
4742,7,Lesia_Burlak/Lesia_Burlak_0001.jpg,Nur_Jaafar/Nur_Jaafar_0001.jpg,0,scored,0.11787275969982147,0.40316081047058105,0,1
4743,7,Lori_Berenson/Lori_Berenson_0001.jpg,Rudolf_Schuster/Rudolf_Schuster_0001.jpg,0,scored,0.05116543173789978,0.40316081047058105,0,1
4744,7,Lucio_Angulo/Lucio_Angulo_0001.jpg,Sarah_Price/Sarah_Price_0001.jpg,0,scored,0.10322035849094391,0.40316081047058105,0,1
4745,7,Lucio_Gutierrez/Lucio_Gutierrez_0010.jpg,Pedro_Malan/Pedro_Malan_0005.jpg,0,scored,-0.05991748720407486,0.40316081047058105,0,1
4746,7,Margaret_Hasley/Margaret_Hasley_0001.jpg,Michael_Denzel/Michael_Denzel_0001.jpg,0,scored,-0.10387623310089111,0.40316081047058105,0,1
4747,7,Mark_Redman/Mark_Redman_0001.jpg,Stephen_Funk/Stephen_Funk_0001.jpg,0,scored,-0.02963213063776493,0.40316081047058105,0,1
4748,7,Mark_Salter/Mark_Salter_0001.jpg,Shanna_Zolman/Shanna_Zolman_0001.jpg,0,scored,0.0602445974946022,0.40316081047058105,0,1
4749,7,Martin_Luther_King_III/Martin_Luther_King_III_0001.jpg,Maryn_McKenna/Maryn_McKenna_0001.jpg,0,scored,-0.11043833196163177,0.40316081047058105,0,1
4750,7,Mary_Bono/Mary_Bono_0001.jpg,Todd_Wike/Todd_Wike_0001.jpg,0,scored,0.039210353046655655,0.40316081047058105,0,1
4751,7,Matt_LeBlanc/Matt_LeBlanc_0001.jpg,Robert_Redford/Robert_Redford_0002.jpg,0,scored,0.08377168327569962,0.40316081047058105,0,1
4752,7,Mauro_Viza/Mauro_Viza_0001.jpg,William_Jackson/William_Jackson_0001.jpg,0,scored,0.006697492673993111,0.40316081047058105,0,1
4753,7,Max_Baucus/Max_Baucus_0001.jpg,Paradorn_Srichaphan/Paradorn_Srichaphan_0005.jpg,0,scored,0.14501884579658508,0.40316081047058105,0,1
4754,7,Max_Baucus/Max_Baucus_0001.jpg,Yossi_Beilin/Yossi_Beilin_0002.jpg,0,scored,0.09746159613132477,0.40316081047058105,0,1
4755,7,Meles_Zenawi/Meles_Zenawi_0001.jpg,Nawabzada_Nasrullah_Khan/Nawabzada_Nasrullah_Khan_0001.jpg,0,scored,0.05092421919107437,0.40316081047058105,0,1
4756,7,Melissa_Mulloy/Melissa_Mulloy_0001.jpg,Paula_Abdul/Paula_Abdul_0001.jpg,0,scored,0.10762803256511688,0.40316081047058105,0,1
4757,7,Melissa_Mulloy/Melissa_Mulloy_0001.jpg,Roger_Lyons/Roger_Lyons_0001.jpg,0,scored,0.1369762420654297,0.40316081047058105,0,1
4758,7,Michael_Chiklis/Michael_Chiklis_0001.jpg,Mohammed_Al_Hindi/Mohammed_Al_Hindi_0001.jpg,0,scored,-0.04029669612646103,0.40316081047058105,0,1
4759,7,Michael_Chiklis/Michael_Chiklis_0001.jpg,Steve_Rush/Steve_Rush_0001.jpg,0,scored,0.10244467854499817,0.40316081047058105,0,1
4760,7,Michael_Doleac/Michael_Doleac_0001.jpg,Nur_Jaafar/Nur_Jaafar_0001.jpg,0,scored,0.20172494649887085,0.40316081047058105,0,1
4761,7,Michael_Goldrich/Michael_Goldrich_0001.jpg,Suzanne_Somers/Suzanne_Somers_0001.jpg,0,scored,0.2397887110710144,0.40316081047058105,0,1
4762,7,Michael_Kahn/Michael_Kahn_0001.jpg,Rick_Caruso/Rick_Caruso_0001.jpg,0,scored,0.19396036863327026,0.40316081047058105,0,1
4763,7,Michel_Minard/Michel_Minard_0001.jpg,Suzanne_Gaudet/Suzanne_Gaudet_0001.jpg,0,scored,-0.0239900890737772,0.40316081047058105,0,1
4764,7,Michelle_Bachelet/Michelle_Bachelet_0001.jpg,Sami_Al-Arian/Sami_Al-Arian_0001.jpg,0,scored,0.19210363924503326,0.40316081047058105,0,1
4765,7,Miguel_Angel_Rodriguez/Miguel_Angel_Rodriguez_0001.jpg,Sasha_Cohen/Sasha_Cohen_0001.jpg,0,scored,0.09384691715240479,0.40316081047058105,0,1
4766,7,Mike_Bryan/Mike_Bryan_0001.jpg,Shanna_Zolman/Shanna_Zolman_0001.jpg,0,scored,0.153972327709198,0.40316081047058105,0,1
4767,7,Mike_Montgomery/Mike_Montgomery_0001.jpg,Ray_Lewis/Ray_Lewis_0001.jpg,0,scored,-0.07950478792190552,0.40316081047058105,0,1
4768,7,Milton_Wynants/Milton_Wynants_0001.jpg,Stuart_Townsend/Stuart_Townsend_0001.jpg,0,scored,0.06115318462252617,0.40316081047058105,0,1
4769,7,Miyako_Miyazaki/Miyako_Miyazaki_0002.jpg,Munir_Akram/Munir_Akram_0002.jpg,0,scored,0.03860519826412201,0.40316081047058105,0,1
4770,7,Morris_Dees/Morris_Dees_0001.jpg,Shamai_Leibowitz/Shamai_Leibowitz_0001.jpg,0,scored,-0.0569642037153244,0.40316081047058105,0,1
4771,7,Morris_Dees/Morris_Dees_0001.jpg,Suzie_McConnell_Serio/Suzie_McConnell_Serio_0001.jpg,0,scored,-0.058428164571523666,0.40316081047058105,0,1
4772,7,Nathalie_Gagnon/Nathalie_Gagnon_0001.jpg,Richard_Reid/Richard_Reid_0001.jpg,0,scored,-0.09467138350009918,0.40316081047058105,0,1
4773,7,Nicklas_Lidstrom/Nicklas_Lidstrom_0001.jpg,Norman_Jewison/Norman_Jewison_0001.jpg,0,scored,-0.05350185185670853,0.40316081047058105,0,1
4774,7,Nicklas_Lidstrom/Nicklas_Lidstrom_0001.jpg,Sadie_Frost/Sadie_Frost_0003.jpg,0,scored,-0.10719811916351318,0.40316081047058105,0,1
4775,7,Nicole_Hiltz/Nicole_Hiltz_0001.jpg,Zaini_Abdullah/Zaini_Abdullah_0001.jpg,0,scored,-0.06462027132511139,0.40316081047058105,0,1
4776,7,Nona_Gaye/Nona_Gaye_0001.jpg,Paul_Cerjan/Paul_Cerjan_0001.jpg,0,scored,-0.06992170959711075,0.40316081047058105,0,1
4777,7,Oscar_Bolanos/Oscar_Bolanos_0001.jpg,Phil_Donahue/Phil_Donahue_0001.jpg,0,scored,0.052017517387866974,0.40316081047058105,0,1
4778,7,Oscar_Bolanos/Oscar_Bolanos_0001.jpg,Tatiana_Kennedy_Schlossberg/Tatiana_Kennedy_Schlossberg_0001.jpg,0,scored,-0.009046286344528198,0.40316081047058105,0,1
4779,7,Pascal_Quignard/Pascal_Quignard_0003.jpg,Patrick_Ewing/Patrick_Ewing_0002.jpg,0,scored,0.11789881438016891,0.40316081047058105,0,1
4780,7,Pat_Rochester/Pat_Rochester_0001.jpg,Phoenix_Chang/Phoenix_Chang_0001.jpg,0,scored,0.1820630580186844,0.40316081047058105,0,1
4781,7,Pat_Rochester/Pat_Rochester_0001.jpg,Will_Ofenheusle/Will_Ofenheusle_0001.jpg,0,scored,0.17907503247261047,0.40316081047058105,0,1
4782,7,Paul_Farley/Paul_Farley_0001.jpg,Platon_Lebedev/Platon_Lebedev_0001.jpg,0,scored,0.07001201063394547,0.40316081047058105,0,1
4783,7,Paula_Abdul/Paula_Abdul_0001.jpg,Robert_Vowler/Robert_Vowler_0001.jpg,0,scored,0.1879555881023407,0.40316081047058105,0,1
4784,7,Pharrell_Williams/Pharrell_Williams_0001.jpg,Tyrone_Medley/Tyrone_Medley_0001.jpg,0,scored,0.07082043588161469,0.40316081047058105,0,1
4785,7,Phoenix_Chang/Phoenix_Chang_0001.jpg,Platon_Lebedev/Platon_Lebedev_0001.jpg,0,scored,-0.11142322421073914,0.40316081047058105,0,1
4786,7,Rachel_Wadsworth/Rachel_Wadsworth_0001.jpg,Richard_Palmer/Richard_Palmer_0001.jpg,0,scored,0.25662803649902344,0.40316081047058105,0,1
4787,7,Raymond_Odierno/Raymond_Odierno_0001.jpg,Richard_Reid/Richard_Reid_0001.jpg,0,scored,0.05673174932599068,0.40316081047058105,0,1
4788,7,Reggie_Sanders/Reggie_Sanders_0001.jpg,Rick_Santorum/Rick_Santorum_0002.jpg,0,scored,-0.3583211302757263,0.40316081047058105,0,1
4789,7,Richard_Chamberlain/Richard_Chamberlain_0001.jpg,Steve_Patterson/Steve_Patterson_0001.jpg,0,scored,0.10532782971858978,0.40316081047058105,0,1
4790,7,Richard_Ward/Richard_Ward_0001.jpg,Steve_Redgrave/Steve_Redgrave_0001.jpg,0,scored,0.37389832735061646,0.40316081047058105,0,1
4791,7,Robert_Vowler/Robert_Vowler_0001.jpg,Tab_Baldwin/Tab_Baldwin_0001.jpg,0,scored,0.27488458156585693,0.40316081047058105,0,1
4792,7,Roy_Rogers/Roy_Rogers_0001.jpg,Steven_Feldman/Steven_Feldman_0001.jpg,0,scored,-0.17240777611732483,0.40316081047058105,0,1
4793,7,Scott_Rolen/Scott_Rolen_0001.jpg,William_Murabito/William_Murabito_0001.jpg,0,scored,0.10627040266990662,0.40316081047058105,0,1
4794,7,Sofia_Milos/Sofia_Milos_0001.jpg,Steve_Nash/Steve_Nash_0003.jpg,0,scored,0.11762315779924393,0.40316081047058105,0,1
4795,7,Sofia_Milos/Sofia_Milos_0001.jpg,Will_Ofenheusle/Will_Ofenheusle_0001.jpg,0,scored,-0.34889763593673706,0.40316081047058105,0,1
4796,7,Sonja_Kesselschlager/Sonja_Kesselschlager_0001.jpg,Tim_Robbins/Tim_Robbins_0003.jpg,0,scored,-0.06407446414232254,0.40316081047058105,0,1
4797,7,Takeo_Hiranuma/Takeo_Hiranuma_0001.jpg,Ty_Votaw/Ty_Votaw_0001.jpg,0,scored,0.2985447645187378,0.40316081047058105,0,1
4798,7,Ted_Washington/Ted_Washington_0001.jpg,Ximena_Bohorquez/Ximena_Bohorquez_0001.jpg,0,scored,-0.2732424736022949,0.40316081047058105,0,1
4799,7,Ty_Votaw/Ty_Votaw_0001.jpg,William_Webster/William_Webster_0001.jpg,0,scored,0.07185110449790955,0.40316081047058105,0,1
4800,8,Adrian_McPherson/Adrian_McPherson_0001.jpg,Adrian_McPherson/Adrian_McPherson_0002.jpg,1,scored,0.8078127503395081,0.41554616391658783,1,1
4801,8,Al_Davis/Al_Davis_0001.jpg,Al_Davis/Al_Davis_0002.jpg,1,scored,0.7277488708496094,0.41554616391658783,1,1
4802,8,Al_Gore/Al_Gore_0002.jpg,Al_Gore/Al_Gore_0006.jpg,1,scored,0.6956441402435303,0.41554616391658783,1,1
4803,8,Al_Gore/Al_Gore_0004.jpg,Al_Gore/Al_Gore_0006.jpg,1,scored,0.7869124412536621,0.41554616391658783,1,1
4804,8,Alan_Greenspan/Alan_Greenspan_0001.jpg,Alan_Greenspan/Alan_Greenspan_0002.jpg,1,scored,0.8161277770996094,0.41554616391658783,1,1
4805,8,Alan_Greenspan/Alan_Greenspan_0001.jpg,Alan_Greenspan/Alan_Greenspan_0005.jpg,1,scored,0.8504574298858643,0.41554616391658783,1,1
4806,8,Alan_Greenspan/Alan_Greenspan_0003.jpg,Alan_Greenspan/Alan_Greenspan_0004.jpg,1,scored,0.7977794408798218,0.41554616391658783,1,1
4807,8,Alastair_Campbell/Alastair_Campbell_0001.jpg,Alastair_Campbell/Alastair_Campbell_0005.jpg,1,scored,0.6771329641342163,0.41554616391658783,1,1
4808,8,Alastair_Campbell/Alastair_Campbell_0002.jpg,Alastair_Campbell/Alastair_Campbell_0004.jpg,1,scored,0.7783617973327637,0.41554616391658783,1,1
4809,8,Alexander_Downer/Alexander_Downer_0001.jpg,Alexander_Downer/Alexander_Downer_0002.jpg,1,scored,0.83400559425354,0.41554616391658783,1,1
4810,8,Alexander_Downer/Alexander_Downer_0001.jpg,Alexander_Downer/Alexander_Downer_0003.jpg,1,scored,0.7715780735015869,0.41554616391658783,1,1
4811,8,Alexander_Downer/Alexander_Downer_0001.jpg,Alexander_Downer/Alexander_Downer_0004.jpg,1,scored,0.8154458999633789,0.41554616391658783,1,1
4812,8,Alexander_Downer/Alexander_Downer_0003.jpg,Alexander_Downer/Alexander_Downer_0004.jpg,1,scored,0.8223629593849182,0.41554616391658783,1,1
4813,8,Alice_Fisher/Alice_Fisher_0001.jpg,Alice_Fisher/Alice_Fisher_0002.jpg,1,scored,0.9080316424369812,0.41554616391658783,1,1
4814,8,Alison_Lohman/Alison_Lohman_0001.jpg,Alison_Lohman/Alison_Lohman_0002.jpg,1,scored,0.5145034193992615,0.41554616391658783,1,1
4815,8,Alvaro_Silva_Calderon/Alvaro_Silva_Calderon_0001.jpg,Alvaro_Silva_Calderon/Alvaro_Silva_Calderon_0002.jpg,1,scored,0.6346932649612427,0.41554616391658783,1,1
4816,8,Alvaro_Silva_Calderon/Alvaro_Silva_Calderon_0001.jpg,Alvaro_Silva_Calderon/Alvaro_Silva_Calderon_0003.jpg,1,scored,0.6489881873130798,0.41554616391658783,1,1
4817,8,Alvaro_Uribe/Alvaro_Uribe_0007.jpg,Alvaro_Uribe/Alvaro_Uribe_0020.jpg,1,scored,0.8157321214675903,0.41554616391658783,1,1
4818,8,Alvaro_Uribe/Alvaro_Uribe_0008.jpg,Alvaro_Uribe/Alvaro_Uribe_0025.jpg,1,scored,0.5072516798973083,0.41554616391658783,1,1
4819,8,Alvaro_Uribe/Alvaro_Uribe_0012.jpg,Alvaro_Uribe/Alvaro_Uribe_0013.jpg,1,scored,0.6658202409744263,0.41554616391658783,1,1
4820,8,Alvaro_Uribe/Alvaro_Uribe_0020.jpg,Alvaro_Uribe/Alvaro_Uribe_0028.jpg,1,scored,0.6638598442077637,0.41554616391658783,1,1
4821,8,Anders_Ebbeson/Anders_Ebbeson_0002.jpg,Anders_Ebbeson/Anders_Ebbeson_0003.jpg,1,scored,0.8260137438774109,0.41554616391658783,1,1
4822,8,Andrew_Bunner/Andrew_Bunner_0001.jpg,Andrew_Bunner/Andrew_Bunner_0002.jpg,1,scored,0.8671252727508545,0.41554616391658783,1,1
4823,8,Anibal_Ibarra/Anibal_Ibarra_0001.jpg,Anibal_Ibarra/Anibal_Ibarra_0003.jpg,1,scored,0.6176851987838745,0.41554616391658783,1,1
4824,8,Antonio_Trillanes/Antonio_Trillanes_0001.jpg,Antonio_Trillanes/Antonio_Trillanes_0003.jpg,1,scored,0.734331488609314,0.41554616391658783,1,1
4825,8,Antonio_Trillanes/Antonio_Trillanes_0002.jpg,Antonio_Trillanes/Antonio_Trillanes_0003.jpg,1,scored,0.6351944208145142,0.41554616391658783,1,1
4826,8,Asa_Hutchinson/Asa_Hutchinson_0001.jpg,Asa_Hutchinson/Asa_Hutchinson_0002.jpg,1,scored,0.6857142448425293,0.41554616391658783,1,1
4827,8,Barbara_Walters/Barbara_Walters_0001.jpg,Barbara_Walters/Barbara_Walters_0003.jpg,1,scored,0.8226615786552429,0.41554616391658783,1,1
4828,8,Barbara_Walters/Barbara_Walters_0001.jpg,Barbara_Walters/Barbara_Walters_0004.jpg,1,scored,0.8358100652694702,0.41554616391658783,1,1
4829,8,Barbara_Walters/Barbara_Walters_0003.jpg,Barbara_Walters/Barbara_Walters_0004.jpg,1,scored,0.8139137029647827,0.41554616391658783,1,1
4830,8,Ben_Howland/Ben_Howland_0001.jpg,Ben_Howland/Ben_Howland_0002.jpg,1,scored,0.8198142051696777,0.41554616391658783,1,1
4831,8,Ben_Howland/Ben_Howland_0001.jpg,Ben_Howland/Ben_Howland_0003.jpg,1,scored,0.8965520858764648,0.41554616391658783,1,1
4832,8,Ben_Howland/Ben_Howland_0003.jpg,Ben_Howland/Ben_Howland_0004.jpg,1,scored,0.9213091135025024,0.41554616391658783,1,1
4833,8,Benazir_Bhutto/Benazir_Bhutto_0001.jpg,Benazir_Bhutto/Benazir_Bhutto_0004.jpg,1,scored,0.525002121925354,0.41554616391658783,1,1
4834,8,Benazir_Bhutto/Benazir_Bhutto_0002.jpg,Benazir_Bhutto/Benazir_Bhutto_0003.jpg,1,scored,0.6395580768585205,0.41554616391658783,1,1
4835,8,Benazir_Bhutto/Benazir_Bhutto_0002.jpg,Benazir_Bhutto/Benazir_Bhutto_0004.jpg,1,scored,0.449973464012146,0.41554616391658783,1,1
4836,8,Bill_Simon/Bill_Simon_0005.jpg,Bill_Simon/Bill_Simon_0009.jpg,1,scored,0.8100168704986572,0.41554616391658783,1,1
4837,8,Bill_Simon/Bill_Simon_0011.jpg,Bill_Simon/Bill_Simon_0015.jpg,1,scored,0.7846051454544067,0.41554616391658783,1,1
4838,8,Billy_Sollie/Billy_Sollie_0001.jpg,Billy_Sollie/Billy_Sollie_0002.jpg,1,scored,0.7994571924209595,0.41554616391658783,1,1
4839,8,Boris_Berezovsky/Boris_Berezovsky_0001.jpg,Boris_Berezovsky/Boris_Berezovsky_0002.jpg,1,scored,0.8645970225334167,0.41554616391658783,1,1
4840,8,Brooke_Shields/Brooke_Shields_0001.jpg,Brooke_Shields/Brooke_Shields_0002.jpg,1,scored,0.7407203912734985,0.41554616391658783,1,1
4841,8,Bulent_Ecevit/Bulent_Ecevit_0001.jpg,Bulent_Ecevit/Bulent_Ecevit_0004.jpg,1,scored,0.9252540469169617,0.41554616391658783,1,1
4842,8,Bulent_Ecevit/Bulent_Ecevit_0001.jpg,Bulent_Ecevit/Bulent_Ecevit_0005.jpg,1,scored,0.9421520233154297,0.41554616391658783,1,1
4843,8,Bulent_Ecevit/Bulent_Ecevit_0002.jpg,Bulent_Ecevit/Bulent_Ecevit_0006.jpg,1,scored,0.7972432374954224,0.41554616391658783,1,1
4844,8,Bulent_Ecevit/Bulent_Ecevit_0004.jpg,Bulent_Ecevit/Bulent_Ecevit_0006.jpg,1,scored,0.8279531002044678,0.41554616391658783,1,1
4845,8,Candie_Kung/Candie_Kung_0001.jpg,Candie_Kung/Candie_Kung_0002.jpg,1,scored,0.7767474055290222,0.41554616391658783,1,1
4846,8,Candie_Kung/Candie_Kung_0001.jpg,Candie_Kung/Candie_Kung_0004.jpg,1,scored,0.6395394802093506,0.41554616391658783,1,1
4847,8,Carlo_Ancelotti/Carlo_Ancelotti_0001.jpg,Carlo_Ancelotti/Carlo_Ancelotti_0002.jpg,1,scored,0.7838925123214722,0.41554616391658783,1,1
4848,8,Carlo_Ancelotti/Carlo_Ancelotti_0002.jpg,Carlo_Ancelotti/Carlo_Ancelotti_0003.jpg,1,scored,0.7713843584060669,0.41554616391658783,1,1
4849,8,Carlos_Moya/Carlos_Moya_0008.jpg,Carlos_Moya/Carlos_Moya_0017.jpg,1,scored,0.569979190826416,0.41554616391658783,1,1
4850,8,Carlos_Moya/Carlos_Moya_0010.jpg,Carlos_Moya/Carlos_Moya_0018.jpg,1,scored,0.5418475866317749,0.41554616391658783,1,1
4851,8,Carlos_Vives/Carlos_Vives_0001.jpg,Carlos_Vives/Carlos_Vives_0004.jpg,1,scored,0.5739713907241821,0.41554616391658783,1,1
4852,8,Carlos_Vives/Carlos_Vives_0002.jpg,Carlos_Vives/Carlos_Vives_0004.jpg,1,scored,0.5502210855484009,0.41554616391658783,1,1
4853,8,Carson_Daly/Carson_Daly_0001.jpg,Carson_Daly/Carson_Daly_0002.jpg,1,scored,0.6697158813476562,0.41554616391658783,1,1
4854,8,Cate_Blanchett/Cate_Blanchett_0001.jpg,Cate_Blanchett/Cate_Blanchett_0002.jpg,1,scored,0.6909923553466797,0.41554616391658783,1,1
4855,8,Cate_Blanchett/Cate_Blanchett_0001.jpg,Cate_Blanchett/Cate_Blanchett_0003.jpg,1,scored,0.8212536573410034,0.41554616391658783,1,1
4856,8,Cate_Blanchett/Cate_Blanchett_0001.jpg,Cate_Blanchett/Cate_Blanchett_0004.jpg,1,scored,0.7970314025878906,0.41554616391658783,1,1
4857,8,Cate_Blanchett/Cate_Blanchett_0002.jpg,Cate_Blanchett/Cate_Blanchett_0003.jpg,1,scored,0.7743721604347229,0.41554616391658783,1,1
4858,8,Cate_Blanchett/Cate_Blanchett_0002.jpg,Cate_Blanchett/Cate_Blanchett_0004.jpg,1,scored,0.6943580508232117,0.41554616391658783,1,1
4859,8,Chok_Tong_Goh/Chok_Tong_Goh_0001.jpg,Chok_Tong_Goh/Chok_Tong_Goh_0002.jpg,1,scored,0.7710641622543335,0.41554616391658783,1,1
4860,8,Chris_Byrd/Chris_Byrd_0001.jpg,Chris_Byrd/Chris_Byrd_0002.jpg,1,scored,0.7574894428253174,0.41554616391658783,1,1
4861,8,Chris_Cooper/Chris_Cooper_0001.jpg,Chris_Cooper/Chris_Cooper_0002.jpg,1,scored,0.8060986399650574,0.41554616391658783,1,1
4862,8,Chris_Tucker/Chris_Tucker_0001.jpg,Chris_Tucker/Chris_Tucker_0002.jpg,1,scored,0.731796145439148,0.41554616391658783,1,1
4863,8,Christine_Gregoire/Christine_Gregoire_0001.jpg,Christine_Gregoire/Christine_Gregoire_0004.jpg,1,scored,0.8497185707092285,0.41554616391658783,1,1
4864,8,Christine_Gregoire/Christine_Gregoire_0002.jpg,Christine_Gregoire/Christine_Gregoire_0003.jpg,1,scored,0.8194808959960938,0.41554616391658783,1,1
4865,8,Christine_Gregoire/Christine_Gregoire_0002.jpg,Christine_Gregoire/Christine_Gregoire_0004.jpg,1,scored,0.7724197506904602,0.41554616391658783,1,1
4866,8,Christopher_Patten/Christopher_Patten_0001.jpg,Christopher_Patten/Christopher_Patten_0002.jpg,1,scored,0.8312348127365112,0.41554616391658783,1,1
4867,8,Clint_Eastwood/Clint_Eastwood_0001.jpg,Clint_Eastwood/Clint_Eastwood_0004.jpg,1,scored,0.8002954721450806,0.41554616391658783,1,1
4868,8,Clint_Eastwood/Clint_Eastwood_0001.jpg,Clint_Eastwood/Clint_Eastwood_0006.jpg,1,scored,0.6872850060462952,0.41554616391658783,1,1
4869,8,Constance_Marie/Constance_Marie_0001.jpg,Constance_Marie/Constance_Marie_0002.jpg,1,scored,0.5699509382247925,0.41554616391658783,1,1
4870,8,Constance_Marie/Constance_Marie_0001.jpg,Constance_Marie/Constance_Marie_0003.jpg,1,scored,0.48791104555130005,0.41554616391658783,1,1
4871,8,Dennis_Hastert/Dennis_Hastert_0002.jpg,Dennis_Hastert/Dennis_Hastert_0003.jpg,1,scored,0.8574604988098145,0.41554616391658783,1,1
4872,8,Dennis_Hastert/Dennis_Hastert_0003.jpg,Dennis_Hastert/Dennis_Hastert_0006.jpg,1,scored,0.650078535079956,0.41554616391658783,1,1
4873,8,Dennis_Hastert/Dennis_Hastert_0004.jpg,Dennis_Hastert/Dennis_Hastert_0006.jpg,1,scored,0.6011760234832764,0.41554616391658783,1,1
4874,8,Dennis_Hastert/Dennis_Hastert_0005.jpg,Dennis_Hastert/Dennis_Hastert_0006.jpg,1,scored,0.6933590173721313,0.41554616391658783,1,1
4875,8,Dolly_Parton/Dolly_Parton_0001.jpg,Dolly_Parton/Dolly_Parton_0002.jpg,1,scored,0.7505573034286499,0.41554616391658783,1,1
4876,8,Doug_Duncan/Doug_Duncan_0001.jpg,Doug_Duncan/Doug_Duncan_0002.jpg,1,scored,0.7619475722312927,0.41554616391658783,1,1
4877,8,Edward_Kennedy/Edward_Kennedy_0001.jpg,Edward_Kennedy/Edward_Kennedy_0002.jpg,1,scored,0.8249293565750122,0.41554616391658783,1,1
4878,8,Edward_Kennedy/Edward_Kennedy_0002.jpg,Edward_Kennedy/Edward_Kennedy_0003.jpg,1,scored,0.7654339075088501,0.41554616391658783,1,1
4879,8,Edward_Said/Edward_Said_0001.jpg,Edward_Said/Edward_Said_0002.jpg,1,scored,0.5322515964508057,0.41554616391658783,1,1
4880,8,Elena_Bovina/Elena_Bovina_0001.jpg,Elena_Bovina/Elena_Bovina_0002.jpg,1,scored,0.7232954502105713,0.41554616391658783,1,1
4881,8,Elena_Bovina/Elena_Bovina_0001.jpg,Elena_Bovina/Elena_Bovina_0003.jpg,1,scored,0.5924468040466309,0.41554616391658783,1,1
4882,8,Elena_Bovina/Elena_Bovina_0002.jpg,Elena_Bovina/Elena_Bovina_0003.jpg,1,scored,0.753598690032959,0.41554616391658783,1,1
4883,8,Eliane_Karp/Eliane_Karp_0001.jpg,Eliane_Karp/Eliane_Karp_0003.jpg,1,scored,0.6631911993026733,0.41554616391658783,1,1
4884,8,Eliane_Karp/Eliane_Karp_0002.jpg,Eliane_Karp/Eliane_Karp_0003.jpg,1,scored,0.7143749594688416,0.41554616391658783,1,1
4885,8,Eliane_Karp/Eliane_Karp_0002.jpg,Eliane_Karp/Eliane_Karp_0004.jpg,1,scored,0.6768068075180054,0.41554616391658783,1,1
4886,8,Eliane_Karp/Eliane_Karp_0003.jpg,Eliane_Karp/Eliane_Karp_0004.jpg,1,scored,0.5553427934646606,0.41554616391658783,1,1
4887,8,Elvis_Presley/Elvis_Presley_0001.jpg,Elvis_Presley/Elvis_Presley_0002.jpg,1,scored,0.723891019821167,0.41554616391658783,1,1
4888,8,Erika_Harold/Erika_Harold_0001.jpg,Erika_Harold/Erika_Harold_0003.jpg,1,scored,0.7586997747421265,0.41554616391658783,1,1
4889,8,Erika_Harold/Erika_Harold_0002.jpg,Erika_Harold/Erika_Harold_0003.jpg,1,scored,0.7768560647964478,0.41554616391658783,1,1
4890,8,Erika_Harold/Erika_Harold_0003.jpg,Erika_Harold/Erika_Harold_0004.jpg,1,scored,0.8006771802902222,0.41554616391658783,1,1
4891,8,Erika_Harold/Erika_Harold_0004.jpg,Erika_Harold/Erika_Harold_0005.jpg,1,scored,0.7780526280403137,0.41554616391658783,1,1
4892,8,Ernie_Els/Ernie_Els_0001.jpg,Ernie_Els/Ernie_Els_0003.jpg,1,scored,0.7044504880905151,0.41554616391658783,1,1
4893,8,Ernie_Els/Ernie_Els_0001.jpg,Ernie_Els/Ernie_Els_0004.jpg,1,scored,0.7809834480285645,0.41554616391658783,1,1
4894,8,Ernie_Els/Ernie_Els_0002.jpg,Ernie_Els/Ernie_Els_0003.jpg,1,scored,0.8300728797912598,0.41554616391658783,1,1
4895,8,Franco_Dragone/Franco_Dragone_0001.jpg,Franco_Dragone/Franco_Dragone_0002.jpg,1,scored,0.693652868270874,0.41554616391658783,1,1
4896,8,Frank_Solich/Frank_Solich_0001.jpg,Frank_Solich/Frank_Solich_0004.jpg,1,scored,0.8850609660148621,0.41554616391658783,1,1
4897,8,Frank_Solich/Frank_Solich_0002.jpg,Frank_Solich/Frank_Solich_0005.jpg,1,scored,0.8947938680648804,0.41554616391658783,1,1
4898,8,Frank_Solich/Frank_Solich_0003.jpg,Frank_Solich/Frank_Solich_0004.jpg,1,scored,0.7478955984115601,0.41554616391658783,1,1
4899,8,Gabriel_Batistuta/Gabriel_Batistuta_0001.jpg,Gabriel_Batistuta/Gabriel_Batistuta_0002.jpg,1,scored,0.521795928478241,0.41554616391658783,1,1
4900,8,Gary_Carter/Gary_Carter_0001.jpg,Gary_Carter/Gary_Carter_0002.jpg,1,scored,0.8348551988601685,0.41554616391658783,1,1
4901,8,Gary_Carter/Gary_Carter_0001.jpg,Gary_Carter/Gary_Carter_0003.jpg,1,scored,0.7024511098861694,0.41554616391658783,1,1
4902,8,Gary_Doer/Gary_Doer_0001.jpg,Gary_Doer/Gary_Doer_0002.jpg,1,scored,0.6626753807067871,0.41554616391658783,1,1
4903,8,Gary_Doer/Gary_Doer_0002.jpg,Gary_Doer/Gary_Doer_0003.jpg,1,scored,0.6504219770431519,0.41554616391658783,1,1
4904,8,George_Tenet/George_Tenet_0001.jpg,George_Tenet/George_Tenet_0002.jpg,1,scored,0.8239514827728271,0.41554616391658783,1,1
4905,8,George_Voinovich/George_Voinovich_0001.jpg,George_Voinovich/George_Voinovich_0003.jpg,1,scored,0.618870735168457,0.41554616391658783,1,1
4906,8,George_Voinovich/George_Voinovich_0002.jpg,George_Voinovich/George_Voinovich_0003.jpg,1,scored,0.7554261684417725,0.41554616391658783,1,1
4907,8,Georgi_Parvanov/Georgi_Parvanov_0001.jpg,Georgi_Parvanov/Georgi_Parvanov_0002.jpg,1,scored,0.6276087760925293,0.41554616391658783,1,1
4908,8,Goldie_Hawn/Goldie_Hawn_0001.jpg,Goldie_Hawn/Goldie_Hawn_0007.jpg,1,scored,0.7059502601623535,0.41554616391658783,1,1
4909,8,Goldie_Hawn/Goldie_Hawn_0002.jpg,Goldie_Hawn/Goldie_Hawn_0003.jpg,1,scored,0.6045948266983032,0.41554616391658783,1,1
4910,8,Goldie_Hawn/Goldie_Hawn_0003.jpg,Goldie_Hawn/Goldie_Hawn_0007.jpg,1,scored,0.7338235974311829,0.41554616391658783,1,1
4911,8,Goldie_Hawn/Goldie_Hawn_0006.jpg,Goldie_Hawn/Goldie_Hawn_0007.jpg,1,scored,0.7694706916809082,0.41554616391658783,1,1
4912,8,Goran_Persson/Goran_Persson_0001.jpg,Goran_Persson/Goran_Persson_0002.jpg,1,scored,0.6525849103927612,0.41554616391658783,1,1
4913,8,Gro_Harlem_Brundtland/Gro_Harlem_Brundtland_0001.jpg,Gro_Harlem_Brundtland/Gro_Harlem_Brundtland_0002.jpg,1,scored,0.6961464881896973,0.41554616391658783,1,1
4914,8,Guillaume_Soro/Guillaume_Soro_0001.jpg,Guillaume_Soro/Guillaume_Soro_0002.jpg,1,scored,0.893202006816864,0.41554616391658783,1,1
4915,8,Gwyneth_Paltrow/Gwyneth_Paltrow_0001.jpg,Gwyneth_Paltrow/Gwyneth_Paltrow_0005.jpg,1,scored,0.7530436515808105,0.41554616391658783,1,1
4916,8,Gwyneth_Paltrow/Gwyneth_Paltrow_0001.jpg,Gwyneth_Paltrow/Gwyneth_Paltrow_0006.jpg,1,scored,0.7066472768783569,0.41554616391658783,1,1
4917,8,Gwyneth_Paltrow/Gwyneth_Paltrow_0002.jpg,Gwyneth_Paltrow/Gwyneth_Paltrow_0006.jpg,1,scored,0.6589128971099854,0.41554616391658783,1,1
4918,8,Gwyneth_Paltrow/Gwyneth_Paltrow_0003.jpg,Gwyneth_Paltrow/Gwyneth_Paltrow_0006.jpg,1,scored,0.6185263991355896,0.41554616391658783,1,1
4919,8,Hee-Won_Han/Hee-Won_Han_0001.jpg,Hee-Won_Han/Hee-Won_Han_0002.jpg,1,scored,0.836060643196106,0.41554616391658783,1,1
4920,8,Herb_Sendek/Herb_Sendek_0001.jpg,Herb_Sendek/Herb_Sendek_0003.jpg,1,scored,0.8054730892181396,0.41554616391658783,1,1
4921,8,Herb_Sendek/Herb_Sendek_0003.jpg,Herb_Sendek/Herb_Sendek_0004.jpg,1,scored,0.8483533263206482,0.41554616391658783,1,1
4922,8,Howard_Smith/Howard_Smith_0001.jpg,Howard_Smith/Howard_Smith_0002.jpg,1,scored,0.6290770769119263,0.41554616391658783,1,1
4923,8,Hugh_Grant/Hugh_Grant_0005.jpg,Hugh_Grant/Hugh_Grant_0008.jpg,1,scored,0.7939590215682983,0.41554616391658783,1,1
4924,8,Hugh_Grant/Hugh_Grant_0006.jpg,Hugh_Grant/Hugh_Grant_0009.jpg,1,scored,0.7429986596107483,0.41554616391658783,1,1
4925,8,Jack_Straw/Jack_Straw_0025.jpg,Jack_Straw/Jack_Straw_0028.jpg,1,scored,0.8902093172073364,0.41554616391658783,1,1
4926,8,James_Franco/James_Franco_0001.jpg,James_Franco/James_Franco_0002.jpg,1,scored,0.7196709513664246,0.41554616391658783,1,1
4927,8,James_Ivory/James_Ivory_0001.jpg,James_Ivory/James_Ivory_0002.jpg,1,scored,0.8315315246582031,0.41554616391658783,1,1
4928,8,James_Schultz/James_Schultz_0001.jpg,James_Schultz/James_Schultz_0002.jpg,1,scored,0.8381303548812866,0.41554616391658783,1,1
4929,8,James_Traficant/James_Traficant_0001.jpg,James_Traficant/James_Traficant_0002.jpg,1,scored,0.6849566698074341,0.41554616391658783,1,1
4930,8,James_Traficant/James_Traficant_0002.jpg,James_Traficant/James_Traficant_0003.jpg,1,scored,0.5940603017807007,0.41554616391658783,1,1
4931,8,Jan_Ullrich/Jan_Ullrich_0001.jpg,Jan_Ullrich/Jan_Ullrich_0004.jpg,1,scored,0.7339341640472412,0.41554616391658783,1,1
4932,8,Jan_Ullrich/Jan_Ullrich_0002.jpg,Jan_Ullrich/Jan_Ullrich_0006.jpg,1,scored,0.7769665718078613,0.41554616391658783,1,1
4933,8,Jan_Ullrich/Jan_Ullrich_0003.jpg,Jan_Ullrich/Jan_Ullrich_0006.jpg,1,scored,0.7994632720947266,0.41554616391658783,1,1
4934,8,Jane_Pauley/Jane_Pauley_0001.jpg,Jane_Pauley/Jane_Pauley_0002.jpg,1,scored,0.7726920247077942,0.41554616391658783,1,1
4935,8,Jason_Jennings/Jason_Jennings_0001.jpg,Jason_Jennings/Jason_Jennings_0002.jpg,1,scored,0.8972855806350708,0.41554616391658783,1,1
4936,8,Javier_Weber/Javier_Weber_0001.jpg,Javier_Weber/Javier_Weber_0002.jpg,1,scored,0.48723629117012024,0.41554616391658783,1,1
4937,8,Jennifer_Rodriguez/Jennifer_Rodriguez_0001.jpg,Jennifer_Rodriguez/Jennifer_Rodriguez_0002.jpg,1,scored,0.6365047693252563,0.41554616391658783,1,1
4938,8,Jeong_Se-hyun/Jeong_Se-hyun_0002.jpg,Jeong_Se-hyun/Jeong_Se-hyun_0006.jpg,1,scored,0.8649376034736633,0.41554616391658783,1,1
4939,8,Jeong_Se-hyun/Jeong_Se-hyun_0003.jpg,Jeong_Se-hyun/Jeong_Se-hyun_0007.jpg,1,scored,0.8359476327896118,0.41554616391658783,1,1
4940,8,Jeong_Se-hyun/Jeong_Se-hyun_0006.jpg,Jeong_Se-hyun/Jeong_Se-hyun_0008.jpg,1,scored,0.8257962465286255,0.41554616391658783,1,1
4941,8,Jeong_Se-hyun/Jeong_Se-hyun_0007.jpg,Jeong_Se-hyun/Jeong_Se-hyun_0009.jpg,1,scored,0.7763206958770752,0.41554616391658783,1,1
4942,8,Jeong_Se-hyun/Jeong_Se-hyun_0008.jpg,Jeong_Se-hyun/Jeong_Se-hyun_0009.jpg,1,scored,0.7883000373840332,0.41554616391658783,1,1
4943,8,Jo_Dee_Messina/Jo_Dee_Messina_0001.jpg,Jo_Dee_Messina/Jo_Dee_Messina_0002.jpg,1,scored,0.5120304822921753,0.41554616391658783,1,1
4944,8,Joe_Lieberman/Joe_Lieberman_0008.jpg,Joe_Lieberman/Joe_Lieberman_0011.jpg,1,scored,0.7431148886680603,0.41554616391658783,1,1
4945,8,Joe_Lieberman/Joe_Lieberman_0009.jpg,Joe_Lieberman/Joe_Lieberman_0010.jpg,1,scored,0.7798837423324585,0.41554616391658783,1,1
4946,8,Joe_Mantello/Joe_Mantello_0001.jpg,Joe_Mantello/Joe_Mantello_0002.jpg,1,scored,0.7802925109863281,0.41554616391658783,1,1
4947,8,John_Allen_Muhammad/John_Allen_Muhammad_0002.jpg,John_Allen_Muhammad/John_Allen_Muhammad_0009.jpg,1,scored,0.7249444723129272,0.41554616391658783,1,1
4948,8,John_Allen_Muhammad/John_Allen_Muhammad_0005.jpg,John_Allen_Muhammad/John_Allen_Muhammad_0007.jpg,1,scored,0.8102941513061523,0.41554616391658783,1,1
4949,8,John_Allen_Muhammad/John_Allen_Muhammad_0006.jpg,John_Allen_Muhammad/John_Allen_Muhammad_0010.jpg,1,scored,0.7881345748901367,0.41554616391658783,1,1
4950,8,John_Blaney/John_Blaney_0001.jpg,John_Blaney/John_Blaney_0002.jpg,1,scored,0.8086451292037964,0.41554616391658783,1,1
4951,8,John_Brady/John_Brady_0001.jpg,John_Brady/John_Brady_0002.jpg,1,scored,0.7883962392807007,0.41554616391658783,1,1
4952,8,John_Howard/John_Howard_0005.jpg,John_Howard/John_Howard_0015.jpg,1,scored,0.8019499778747559,0.41554616391658783,1,1
4953,8,John_Howard/John_Howard_0012.jpg,John_Howard/John_Howard_0017.jpg,1,scored,0.6253628730773926,0.41554616391658783,1,1
4954,8,Johnny_Tapia/Johnny_Tapia_0001.jpg,Johnny_Tapia/Johnny_Tapia_0002.jpg,1,scored,0.7247051000595093,0.41554616391658783,1,1
4955,8,Johnny_Tapia/Johnny_Tapia_0002.jpg,Johnny_Tapia/Johnny_Tapia_0003.jpg,1,scored,0.8474250435829163,0.41554616391658783,1,1
4956,8,Jorge_Valdano/Jorge_Valdano_0001.jpg,Jorge_Valdano/Jorge_Valdano_0002.jpg,1,scored,0.7371602654457092,0.41554616391658783,1,1
4957,8,Joseph_Deiss/Joseph_Deiss_0001.jpg,Joseph_Deiss/Joseph_Deiss_0003.jpg,1,scored,0.696913480758667,0.41554616391658783,1,1
4958,8,Junichiro_Koizumi/Junichiro_Koizumi_0001.jpg,Junichiro_Koizumi/Junichiro_Koizumi_0053.jpg,1,scored,0.863523542881012,0.41554616391658783,1,1
4959,8,Junichiro_Koizumi/Junichiro_Koizumi_0026.jpg,Junichiro_Koizumi/Junichiro_Koizumi_0055.jpg,1,scored,0.8509193658828735,0.41554616391658783,1,1
4960,8,Junichiro_Koizumi/Junichiro_Koizumi_0029.jpg,Junichiro_Koizumi/Junichiro_Koizumi_0045.jpg,1,scored,0.8767043352127075,0.41554616391658783,1,1
4961,8,Kate_Capshaw/Kate_Capshaw_0001.jpg,Kate_Capshaw/Kate_Capshaw_0002.jpg,1,scored,0.6457678079605103,0.41554616391658783,1,1
4962,8,Kathryn_Bigelow/Kathryn_Bigelow_0001.jpg,Kathryn_Bigelow/Kathryn_Bigelow_0002.jpg,1,scored,0.6817975044250488,0.41554616391658783,1,1
4963,8,Kevin_Spacey/Kevin_Spacey_0001.jpg,Kevin_Spacey/Kevin_Spacey_0002.jpg,1,scored,0.8182406425476074,0.41554616391658783,1,1
4964,8,Kevin_Spacey/Kevin_Spacey_0001.jpg,Kevin_Spacey/Kevin_Spacey_0003.jpg,1,scored,0.7374413013458252,0.41554616391658783,1,1
4965,8,Kim_Ryong-sung/Kim_Ryong-sung_0006.jpg,Kim_Ryong-sung/Kim_Ryong-sung_0008.jpg,1,scored,0.7872845530509949,0.41554616391658783,1,1
4966,8,Kim_Ryong-sung/Kim_Ryong-sung_0008.jpg,Kim_Ryong-sung/Kim_Ryong-sung_0011.jpg,1,scored,0.7836833000183105,0.41554616391658783,1,1
4967,8,Klaus_Zwickel/Klaus_Zwickel_0001.jpg,Klaus_Zwickel/Klaus_Zwickel_0002.jpg,1,scored,0.8934723138809204,0.41554616391658783,1,1
4968,8,Kristen_Breitweiser/Kristen_Breitweiser_0002.jpg,Kristen_Breitweiser/Kristen_Breitweiser_0003.jpg,1,scored,0.8905187845230103,0.41554616391658783,1,1
4969,8,Laila_Ali/Laila_Ali_0002.jpg,Laila_Ali/Laila_Ali_0003.jpg,1,scored,0.7903887033462524,0.41554616391658783,1,1
4970,8,Larry_Brown/Larry_Brown_0001.jpg,Larry_Brown/Larry_Brown_0003.jpg,1,scored,0.5429052114486694,0.41554616391658783,1,1
4971,8,Larry_Brown/Larry_Brown_0002.jpg,Larry_Brown/Larry_Brown_0004.jpg,1,scored,0.7542312145233154,0.41554616391658783,1,1
4972,8,Larry_Brown/Larry_Brown_0002.jpg,Larry_Brown/Larry_Brown_0007.jpg,1,scored,0.7127069234848022,0.41554616391658783,1,1
4973,8,Larry_Brown/Larry_Brown_0004.jpg,Larry_Brown/Larry_Brown_0007.jpg,1,scored,0.8164780139923096,0.41554616391658783,1,1
4974,8,Larry_Brown/Larry_Brown_0006.jpg,Larry_Brown/Larry_Brown_0007.jpg,1,scored,0.745742917060852,0.41554616391658783,1,1
4975,8,Larry_Johnson/Larry_Johnson_0001.jpg,Larry_Johnson/Larry_Johnson_0002.jpg,1,scored,0.8561245203018188,0.41554616391658783,1,1
4976,8,Lars_Von_Trier/Lars_Von_Trier_0001.jpg,Lars_Von_Trier/Lars_Von_Trier_0002.jpg,1,scored,0.7589936256408691,0.41554616391658783,1,1
4977,8,Lars_Von_Trier/Lars_Von_Trier_0002.jpg,Lars_Von_Trier/Lars_Von_Trier_0003.jpg,1,scored,0.7977935075759888,0.41554616391658783,1,1
4978,8,Leander_Paes/Leander_Paes_0001.jpg,Leander_Paes/Leander_Paes_0002.jpg,1,scored,0.8473394513130188,0.41554616391658783,1,1
4979,8,Liam_Neeson/Liam_Neeson_0001.jpg,Liam_Neeson/Liam_Neeson_0003.jpg,1,scored,0.7221959829330444,0.41554616391658783,1,1
4980,8,Liam_Neeson/Liam_Neeson_0002.jpg,Liam_Neeson/Liam_Neeson_0003.jpg,1,scored,0.4580537676811218,0.41554616391658783,1,1
4981,8,Lino_Oviedo/Lino_Oviedo_0001.jpg,Lino_Oviedo/Lino_Oviedo_0003.jpg,1,scored,0.8893195390701294,0.41554616391658783,1,1
4982,8,Lino_Oviedo/Lino_Oviedo_0002.jpg,Lino_Oviedo/Lino_Oviedo_0003.jpg,1,scored,0.8305397033691406,0.41554616391658783,1,1
4983,8,Ludivine_Sagnier/Ludivine_Sagnier_0001.jpg,Ludivine_Sagnier/Ludivine_Sagnier_0003.jpg,1,scored,0.7351857423782349,0.41554616391658783,1,1
4984,8,Ludivine_Sagnier/Ludivine_Sagnier_0003.jpg,Ludivine_Sagnier/Ludivine_Sagnier_0004.jpg,1,scored,0.7470825910568237,0.41554616391658783,1,1
4985,8,Lynne_Cheney/Lynne_Cheney_0001.jpg,Lynne_Cheney/Lynne_Cheney_0002.jpg,1,scored,0.7572710514068604,0.41554616391658783,1,1
4986,8,Lynne_Cheney/Lynne_Cheney_0002.jpg,Lynne_Cheney/Lynne_Cheney_0003.jpg,1,scored,0.7479366064071655,0.41554616391658783,1,1
4987,8,Maggie_Smith/Maggie_Smith_0001.jpg,Maggie_Smith/Maggie_Smith_0002.jpg,1,scored,0.5964908599853516,0.41554616391658783,1,1
4988,8,Marcelo_Salas/Marcelo_Salas_0001.jpg,Marcelo_Salas/Marcelo_Salas_0002.jpg,1,scored,0.7992379665374756,0.41554616391658783,1,1
4989,8,Mariangel_Ruiz_Torrealba/Mariangel_Ruiz_Torrealba_0001.jpg,Mariangel_Ruiz_Torrealba/Mariangel_Ruiz_Torrealba_0002.jpg,1,scored,0.8304203748703003,0.41554616391658783,1,1
4990,8,Marisa_Tomei/Marisa_Tomei_0001.jpg,Marisa_Tomei/Marisa_Tomei_0002.jpg,1,scored,0.7363100647926331,0.41554616391658783,1,1
4991,8,Mary_Steenburgen/Mary_Steenburgen_0001.jpg,Mary_Steenburgen/Mary_Steenburgen_0002.jpg,1,scored,0.5660200119018555,0.41554616391658783,1,1
4992,8,Mel_Brooks/Mel_Brooks_0001.jpg,Mel_Brooks/Mel_Brooks_0002.jpg,1,scored,0.6270269155502319,0.41554616391658783,1,1
4993,8,Mel_Gibson/Mel_Gibson_0001.jpg,Mel_Gibson/Mel_Gibson_0002.jpg,1,scored,0.7176961302757263,0.41554616391658783,1,1
4994,8,Mian_Khursheed_Mehmood_Kasuri/Mian_Khursheed_Mehmood_Kasuri_0002.jpg,Mian_Khursheed_Mehmood_Kasuri/Mian_Khursheed_Mehmood_Kasuri_0003.jpg,1,scored,0.8727054595947266,0.41554616391658783,1,1
4995,8,Mian_Khursheed_Mehmood_Kasuri/Mian_Khursheed_Mehmood_Kasuri_0003.jpg,Mian_Khursheed_Mehmood_Kasuri/Mian_Khursheed_Mehmood_Kasuri_0004.jpg,1,scored,0.7573214769363403,0.41554616391658783,1,1
4996,8,Michael_Moore/Michael_Moore_0001.jpg,Michael_Moore/Michael_Moore_0002.jpg,1,scored,0.8845734596252441,0.41554616391658783,1,1
4997,8,Michael_Moore/Michael_Moore_0002.jpg,Michael_Moore/Michael_Moore_0003.jpg,1,scored,0.8458024859428406,0.41554616391658783,1,1
4998,8,Michel_Duclos/Michel_Duclos_0001.jpg,Michel_Duclos/Michel_Duclos_0002.jpg,1,scored,0.8832820653915405,0.41554616391658783,1,1
4999,8,Michelle_Pfeiffer/Michelle_Pfeiffer_0001.jpg,Michelle_Pfeiffer/Michelle_Pfeiffer_0002.jpg,1,scored,0.5777785778045654,0.41554616391658783,1,1
5000,8,Mireya_Moscoso/Mireya_Moscoso_0002.jpg,Mireya_Moscoso/Mireya_Moscoso_0003.jpg,1,scored,0.8991729021072388,0.41554616391658783,1,1
5001,8,Mireya_Moscoso/Mireya_Moscoso_0002.jpg,Mireya_Moscoso/Mireya_Moscoso_0005.jpg,1,scored,0.7664769887924194,0.41554616391658783,1,1
5002,8,Mireya_Moscoso/Mireya_Moscoso_0004.jpg,Mireya_Moscoso/Mireya_Moscoso_0005.jpg,1,scored,0.7684910893440247,0.41554616391658783,1,1
5003,8,Nabil_Shaath/Nabil_Shaath_0001.jpg,Nabil_Shaath/Nabil_Shaath_0003.jpg,1,scored,0.721111536026001,0.41554616391658783,1,1
5004,8,Nabil_Shaath/Nabil_Shaath_0002.jpg,Nabil_Shaath/Nabil_Shaath_0003.jpg,1,scored,0.8119570016860962,0.41554616391658783,1,1
5005,8,Naomi_Watts/Naomi_Watts_0001.jpg,Naomi_Watts/Naomi_Watts_0018.jpg,1,scored,0.7445159554481506,0.41554616391658783,1,1
5006,8,Naomi_Watts/Naomi_Watts_0006.jpg,Naomi_Watts/Naomi_Watts_0009.jpg,1,scored,0.6934108734130859,0.41554616391658783,1,1
5007,8,Naomi_Watts/Naomi_Watts_0013.jpg,Naomi_Watts/Naomi_Watts_0018.jpg,1,scored,0.6071546077728271,0.41554616391658783,1,1
5008,8,Natalie_Cole/Natalie_Cole_0001.jpg,Natalie_Cole/Natalie_Cole_0003.jpg,1,scored,0.7039279937744141,0.41554616391658783,1,1
5009,8,Natalie_Cole/Natalie_Cole_0002.jpg,Natalie_Cole/Natalie_Cole_0003.jpg,1,scored,0.5321187973022461,0.41554616391658783,1,1
5010,8,Nathalie_Baye/Nathalie_Baye_0001.jpg,Nathalie_Baye/Nathalie_Baye_0002.jpg,1,scored,0.837878942489624,0.41554616391658783,1,1
5011,8,Nathalie_Baye/Nathalie_Baye_0001.jpg,Nathalie_Baye/Nathalie_Baye_0004.jpg,1,scored,0.7294566631317139,0.41554616391658783,1,1
5012,8,Nathalie_Baye/Nathalie_Baye_0002.jpg,Nathalie_Baye/Nathalie_Baye_0004.jpg,1,scored,0.7142680883407593,0.41554616391658783,1,1
5013,8,Nathalie_Baye/Nathalie_Baye_0003.jpg,Nathalie_Baye/Nathalie_Baye_0004.jpg,1,scored,0.8956197500228882,0.41554616391658783,1,1
5014,8,Oleksandr_Moroz/Oleksandr_Moroz_0001.jpg,Oleksandr_Moroz/Oleksandr_Moroz_0002.jpg,1,scored,0.8062902688980103,0.41554616391658783,1,1
5015,8,Oscar_Elias_Biscet/Oscar_Elias_Biscet_0001.jpg,Oscar_Elias_Biscet/Oscar_Elias_Biscet_0002.jpg,1,scored,0.8246777057647705,0.41554616391658783,1,1
5016,8,Oswaldo_Paya/Oswaldo_Paya_0001.jpg,Oswaldo_Paya/Oswaldo_Paya_0003.jpg,1,scored,0.7534269094467163,0.41554616391658783,1,1
5017,8,Oswaldo_Paya/Oswaldo_Paya_0003.jpg,Oswaldo_Paya/Oswaldo_Paya_0004.jpg,1,scored,0.7369881868362427,0.41554616391658783,1,1
5018,8,Patricia_Clarkson/Patricia_Clarkson_0001.jpg,Patricia_Clarkson/Patricia_Clarkson_0002.jpg,1,scored,0.8377102613449097,0.41554616391658783,1,1
5019,8,Patricia_Clarkson/Patricia_Clarkson_0001.jpg,Patricia_Clarkson/Patricia_Clarkson_0003.jpg,1,scored,0.8300307989120483,0.41554616391658783,1,1
5020,8,Patricia_Clarkson/Patricia_Clarkson_0002.jpg,Patricia_Clarkson/Patricia_Clarkson_0003.jpg,1,scored,0.8364874124526978,0.41554616391658783,1,1
5021,8,Patricia_Clarkson/Patricia_Clarkson_0002.jpg,Patricia_Clarkson/Patricia_Clarkson_0004.jpg,1,scored,0.6973031759262085,0.41554616391658783,1,1
5022,8,Patrick_Roy/Patrick_Roy_0001.jpg,Patrick_Roy/Patrick_Roy_0002.jpg,1,scored,0.4079425036907196,0.41554616391658783,0,0
5023,8,Paul-Henri_Mathieu/Paul-Henri_Mathieu_0001.jpg,Paul-Henri_Mathieu/Paul-Henri_Mathieu_0002.jpg,1,scored,0.6494160890579224,0.41554616391658783,1,1
5024,8,Paul-Henri_Mathieu/Paul-Henri_Mathieu_0001.jpg,Paul-Henri_Mathieu/Paul-Henri_Mathieu_0003.jpg,1,scored,0.6323675513267517,0.41554616391658783,1,1
5025,8,Paul_Byrd/Paul_Byrd_0001.jpg,Paul_Byrd/Paul_Byrd_0002.jpg,1,scored,0.7504540681838989,0.41554616391658783,1,1
5026,8,Paul_Kagame/Paul_Kagame_0001.jpg,Paul_Kagame/Paul_Kagame_0002.jpg,1,scored,0.8009178638458252,0.41554616391658783,1,1
5027,8,Peter_Costello/Peter_Costello_0001.jpg,Peter_Costello/Peter_Costello_0002.jpg,1,scored,0.6459832191467285,0.41554616391658783,1,1
5028,8,Peter_Greenaway/Peter_Greenaway_0001.jpg,Peter_Greenaway/Peter_Greenaway_0002.jpg,1,scored,0.8016083240509033,0.41554616391658783,1,1
5029,8,Prince_Naruhito/Prince_Naruhito_0001.jpg,Prince_Naruhito/Prince_Naruhito_0002.jpg,1,scored,0.8582389950752258,0.41554616391658783,1,1
5030,8,Prince_Naruhito/Prince_Naruhito_0001.jpg,Prince_Naruhito/Prince_Naruhito_0003.jpg,1,scored,0.7971946001052856,0.41554616391658783,1,1
5031,8,Prince_Naruhito/Prince_Naruhito_0002.jpg,Prince_Naruhito/Prince_Naruhito_0003.jpg,1,scored,0.8436633944511414,0.41554616391658783,1,1
5032,8,Princess_Masako/Princess_Masako_0001.jpg,Princess_Masako/Princess_Masako_0002.jpg,1,scored,0.8491924405097961,0.41554616391658783,1,1
5033,8,Pupi_Avati/Pupi_Avati_0002.jpg,Pupi_Avati/Pupi_Avati_0003.jpg,1,scored,0.9355486035346985,0.41554616391658783,1,1
5034,8,Queen_Latifah/Queen_Latifah_0001.jpg,Queen_Latifah/Queen_Latifah_0003.jpg,1,scored,0.80665123462677,0.41554616391658783,1,1
5035,8,Queen_Latifah/Queen_Latifah_0002.jpg,Queen_Latifah/Queen_Latifah_0004.jpg,1,scored,0.8278842568397522,0.41554616391658783,1,1
5036,8,Queen_Latifah/Queen_Latifah_0003.jpg,Queen_Latifah/Queen_Latifah_0004.jpg,1,scored,0.7678919434547424,0.41554616391658783,1,1
5037,8,Rachel_Griffiths/Rachel_Griffiths_0002.jpg,Rachel_Griffiths/Rachel_Griffiths_0003.jpg,1,scored,0.7241168022155762,0.41554616391658783,1,1
5038,8,Ralph_Firman/Ralph_Firman_0001.jpg,Ralph_Firman/Ralph_Firman_0002.jpg,1,scored,0.7730118036270142,0.41554616391658783,1,1
5039,8,Ralph_Klein/Ralph_Klein_0001.jpg,Ralph_Klein/Ralph_Klein_0002.jpg,1,scored,0.7992632985115051,0.41554616391658783,1,1
5040,8,Ranil_Wickremasinghe/Ranil_Wickremasinghe_0002.jpg,Ranil_Wickremasinghe/Ranil_Wickremasinghe_0003.jpg,1,scored,0.633556067943573,0.41554616391658783,1,1
5041,8,Rick_Pitino/Rick_Pitino_0001.jpg,Rick_Pitino/Rick_Pitino_0003.jpg,1,scored,0.8160997033119202,0.41554616391658783,1,1
5042,8,Rick_Pitino/Rick_Pitino_0002.jpg,Rick_Pitino/Rick_Pitino_0004.jpg,1,scored,0.7472332715988159,0.41554616391658783,1,1
5043,8,Rick_Pitino/Rick_Pitino_0003.jpg,Rick_Pitino/Rick_Pitino_0004.jpg,1,scored,0.6441110968589783,0.41554616391658783,1,1
5044,8,Ricky_Martin/Ricky_Martin_0001.jpg,Ricky_Martin/Ricky_Martin_0002.jpg,1,scored,0.5871288776397705,0.41554616391658783,1,1
5045,8,Rita_Moreno/Rita_Moreno_0001.jpg,Rita_Moreno/Rita_Moreno_0002.jpg,1,scored,0.8712759017944336,0.41554616391658783,1,1
5046,8,Robert_De_Niro/Robert_De_Niro_0001.jpg,Robert_De_Niro/Robert_De_Niro_0004.jpg,1,scored,0.755881130695343,0.41554616391658783,1,1
5047,8,Robert_De_Niro/Robert_De_Niro_0003.jpg,Robert_De_Niro/Robert_De_Niro_0006.jpg,1,scored,0.6797381639480591,0.41554616391658783,1,1
5048,8,Robert_Kocharian/Robert_Kocharian_0004.jpg,Robert_Kocharian/Robert_Kocharian_0005.jpg,1,scored,0.8203892111778259,0.41554616391658783,1,1
5049,8,Roberto_Marinho/Roberto_Marinho_0002.jpg,Roberto_Marinho/Roberto_Marinho_0003.jpg,1,scored,0.7169952392578125,0.41554616391658783,1,1
5050,8,Roger_Moore/Roger_Moore_0003.jpg,Roger_Moore/Roger_Moore_0005.jpg,1,scored,0.7095051407814026,0.41554616391658783,1,1
5051,8,Ron_Dittemore/Ron_Dittemore_0001.jpg,Ron_Dittemore/Ron_Dittemore_0002.jpg,1,scored,0.8301963210105896,0.41554616391658783,1,1
5052,8,Ron_Dittemore/Ron_Dittemore_0001.jpg,Ron_Dittemore/Ron_Dittemore_0003.jpg,1,scored,0.8204452395439148,0.41554616391658783,1,1
5053,8,Ron_Dittemore/Ron_Dittemore_0004.jpg,Ron_Dittemore/Ron_Dittemore_0006.jpg,1,scored,0.8634583353996277,0.41554616391658783,1,1
5054,8,Rudolph_Giuliani/Rudolph_Giuliani_0001.jpg,Rudolph_Giuliani/Rudolph_Giuliani_0020.jpg,1,scored,0.7974923253059387,0.41554616391658783,1,1
5055,8,Rudolph_Giuliani/Rudolph_Giuliani_0002.jpg,Rudolph_Giuliani/Rudolph_Giuliani_0005.jpg,1,scored,0.6323407888412476,0.41554616391658783,1,1
5056,8,Rudolph_Giuliani/Rudolph_Giuliani_0003.jpg,Rudolph_Giuliani/Rudolph_Giuliani_0020.jpg,1,scored,0.826097846031189,0.41554616391658783,1,1
5057,8,Rudolph_Giuliani/Rudolph_Giuliani_0004.jpg,Rudolph_Giuliani/Rudolph_Giuliani_0017.jpg,1,scored,0.7235760688781738,0.41554616391658783,1,1
5058,8,Rudolph_Giuliani/Rudolph_Giuliani_0015.jpg,Rudolph_Giuliani/Rudolph_Giuliani_0020.jpg,1,scored,0.800234317779541,0.41554616391658783,1,1
5059,8,Russell_Simmons/Russell_Simmons_0001.jpg,Russell_Simmons/Russell_Simmons_0002.jpg,1,scored,0.9146515727043152,0.41554616391658783,1,1
5060,8,Russell_Simmons/Russell_Simmons_0001.jpg,Russell_Simmons/Russell_Simmons_0004.jpg,1,scored,0.9020652770996094,0.41554616391658783,1,1
5061,8,Russell_Simmons/Russell_Simmons_0002.jpg,Russell_Simmons/Russell_Simmons_0004.jpg,1,scored,0.9128140807151794,0.41554616391658783,1,1
5062,8,Sean_Astin/Sean_Astin_0001.jpg,Sean_Astin/Sean_Astin_0003.jpg,1,scored,0.5830022096633911,0.41554616391658783,1,1
5063,8,Sean_Astin/Sean_Astin_0002.jpg,Sean_Astin/Sean_Astin_0003.jpg,1,scored,0.6262762546539307,0.41554616391658783,1,1
5064,8,Shaukat_Aziz/Shaukat_Aziz_0001.jpg,Shaukat_Aziz/Shaukat_Aziz_0002.jpg,1,scored,0.8061174154281616,0.41554616391658783,1,1
5065,8,Silvio_Fernandez/Silvio_Fernandez_0001.jpg,Silvio_Fernandez/Silvio_Fernandez_0002.jpg,1,scored,0.8145153522491455,0.41554616391658783,1,1
5066,8,Sophia_Loren/Sophia_Loren_0001.jpg,Sophia_Loren/Sophia_Loren_0002.jpg,1,scored,0.8568551540374756,0.41554616391658783,1,1
5067,8,Sophia_Loren/Sophia_Loren_0001.jpg,Sophia_Loren/Sophia_Loren_0003.jpg,1,scored,0.8533397316932678,0.41554616391658783,1,1
5068,8,Sophia_Loren/Sophia_Loren_0001.jpg,Sophia_Loren/Sophia_Loren_0007.jpg,1,scored,0.9162502288818359,0.41554616391658783,1,1
5069,8,Sophia_Loren/Sophia_Loren_0006.jpg,Sophia_Loren/Sophia_Loren_0007.jpg,1,scored,0.7422125935554504,0.41554616391658783,1,1
5070,8,Stellan_Skarsgard/Stellan_Skarsgard_0001.jpg,Stellan_Skarsgard/Stellan_Skarsgard_0002.jpg,1,scored,0.9039735198020935,0.41554616391658783,1,1
5071,8,Tamara_Brooks/Tamara_Brooks_0001.jpg,Tamara_Brooks/Tamara_Brooks_0002.jpg,1,scored,0.6499722599983215,0.41554616391658783,1,1
5072,8,Thomas_Fargo/Thomas_Fargo_0001.jpg,Thomas_Fargo/Thomas_Fargo_0002.jpg,1,scored,0.8837940096855164,0.41554616391658783,1,1
5073,8,Thomas_Fargo/Thomas_Fargo_0001.jpg,Thomas_Fargo/Thomas_Fargo_0003.jpg,1,scored,0.8855375051498413,0.41554616391658783,1,1
5074,8,Thomas_Fargo/Thomas_Fargo_0002.jpg,Thomas_Fargo/Thomas_Fargo_0003.jpg,1,scored,0.8492602109909058,0.41554616391658783,1,1
5075,8,Thomas_Fargo/Thomas_Fargo_0002.jpg,Thomas_Fargo/Thomas_Fargo_0004.jpg,1,scored,0.7926599979400635,0.41554616391658783,1,1
5076,8,Thomas_Fargo/Thomas_Fargo_0003.jpg,Thomas_Fargo/Thomas_Fargo_0004.jpg,1,scored,0.8685504198074341,0.41554616391658783,1,1
5077,8,Tim_Allen/Tim_Allen_0002.jpg,Tim_Allen/Tim_Allen_0003.jpg,1,scored,0.9082789421081543,0.41554616391658783,1,1
5078,8,Tim_Allen/Tim_Allen_0003.jpg,Tim_Allen/Tim_Allen_0004.jpg,1,scored,0.7031340599060059,0.41554616391658783,1,1
5079,8,Tony_Shalhoub/Tony_Shalhoub_0001.jpg,Tony_Shalhoub/Tony_Shalhoub_0002.jpg,1,scored,0.723362922668457,0.41554616391658783,1,1
5080,8,Tony_Shalhoub/Tony_Shalhoub_0001.jpg,Tony_Shalhoub/Tony_Shalhoub_0003.jpg,1,scored,0.883527398109436,0.41554616391658783,1,1
5081,8,Tracy_McGrady/Tracy_McGrady_0001.jpg,Tracy_McGrady/Tracy_McGrady_0002.jpg,1,scored,0.7706136703491211,0.41554616391658783,1,1
5082,8,Vicente_Fernandez/Vicente_Fernandez_0002.jpg,Vicente_Fernandez/Vicente_Fernandez_0003.jpg,1,scored,0.8895225524902344,0.41554616391658783,1,1
5083,8,Vicente_Fernandez/Vicente_Fernandez_0004.jpg,Vicente_Fernandez/Vicente_Fernandez_0005.jpg,1,scored,0.7018063068389893,0.41554616391658783,1,1
5084,8,Vince_Gill/Vince_Gill_0001.jpg,Vince_Gill/Vince_Gill_0002.jpg,1,scored,0.7898072600364685,0.41554616391658783,1,1
5085,8,Wolfgang_Schuessel/Wolfgang_Schuessel_0001.jpg,Wolfgang_Schuessel/Wolfgang_Schuessel_0004.jpg,1,scored,0.7419818639755249,0.41554616391658783,1,1
5086,8,Wolfgang_Schuessel/Wolfgang_Schuessel_0003.jpg,Wolfgang_Schuessel/Wolfgang_Schuessel_0004.jpg,1,scored,0.6969126462936401,0.41554616391658783,1,1
5087,8,Wu_Yi/Wu_Yi_0001.jpg,Wu_Yi/Wu_Yi_0002.jpg,1,scored,0.8771132230758667,0.41554616391658783,1,1
5088,8,Wu_Yi/Wu_Yi_0001.jpg,Wu_Yi/Wu_Yi_0003.jpg,1,scored,0.913824200630188,0.41554616391658783,1,1
5089,8,Wu_Yi/Wu_Yi_0002.jpg,Wu_Yi/Wu_Yi_0003.jpg,1,scored,0.8007230758666992,0.41554616391658783,1,1
5090,8,Yao_Ming/Yao_Ming_0002.jpg,Yao_Ming/Yao_Ming_0004.jpg,1,scored,0.8307509422302246,0.41554616391658783,1,1
5091,8,Yao_Ming/Yao_Ming_0005.jpg,Yao_Ming/Yao_Ming_0006.jpg,1,scored,0.828884482383728,0.41554616391658783,1,1
5092,8,Yao_Ming/Yao_Ming_0005.jpg,Yao_Ming/Yao_Ming_0008.jpg,1,scored,0.7312031388282776,0.41554616391658783,1,1
5093,8,Yao_Ming/Yao_Ming_0006.jpg,Yao_Ming/Yao_Ming_0007.jpg,1,scored,0.8801717758178711,0.41554616391658783,1,1
5094,8,Yoriko_Kawaguchi/Yoriko_Kawaguchi_0003.jpg,Yoriko_Kawaguchi/Yoriko_Kawaguchi_0005.jpg,1,scored,0.8936983346939087,0.41554616391658783,1,1
5095,8,Yu_Shyi-kun/Yu_Shyi-kun_0001.jpg,Yu_Shyi-kun/Yu_Shyi-kun_0003.jpg,1,scored,0.738552987575531,0.41554616391658783,1,1
5096,8,Yu_Shyi-kun/Yu_Shyi-kun_0001.jpg,Yu_Shyi-kun/Yu_Shyi-kun_0004.jpg,1,scored,0.9030530452728271,0.41554616391658783,1,1
5097,8,Yu_Shyi-kun/Yu_Shyi-kun_0002.jpg,Yu_Shyi-kun/Yu_Shyi-kun_0003.jpg,1,scored,0.7630085945129395,0.41554616391658783,1,1
5098,8,Zhang_Wenkang/Zhang_Wenkang_0001.jpg,Zhang_Wenkang/Zhang_Wenkang_0002.jpg,1,scored,0.8916184902191162,0.41554616391658783,1,1
5099,8,Zinedine_Zidane/Zinedine_Zidane_0004.jpg,Zinedine_Zidane/Zinedine_Zidane_0006.jpg,1,scored,0.7359123826026917,0.41554616391658783,1,1
5100,8,Abdullah_Nasseef/Abdullah_Nasseef_0001.jpg,Bruce_Paltrow/Bruce_Paltrow_0001.jpg,0,scored,-0.18206562101840973,0.41554616391658783,0,1
5101,8,Abdullah_Nasseef/Abdullah_Nasseef_0001.jpg,Howard_Smith/Howard_Smith_0002.jpg,0,scored,0.006260569207370281,0.41554616391658783,0,1
5102,8,Abdullah_Nasseef/Abdullah_Nasseef_0001.jpg,Jan_De_Bont/Jan_De_Bont_0001.jpg,0,scored,0.09334708005189896,0.41554616391658783,0,1
5103,8,Abdullah_Nasseef/Abdullah_Nasseef_0001.jpg,Jim_Nochols/Jim_Nochols_0001.jpg,0,scored,0.0424003042280674,0.41554616391658783,0,1
5104,8,Abdullah_Nasseef/Abdullah_Nasseef_0001.jpg,Oleg_Romantsev/Oleg_Romantsev_0001.jpg,0,scored,-0.11883430182933807,0.41554616391658783,0,1
5105,8,Adam_Kennedy/Adam_Kennedy_0001.jpg,Charlie_Sheen/Charlie_Sheen_0001.jpg,0,scored,-0.18853682279586792,0.41554616391658783,0,1
5106,8,Adrian_McPherson/Adrian_McPherson_0002.jpg,Eduardo_Chillida/Eduardo_Chillida_0001.jpg,0,scored,-0.35948389768600464,0.41554616391658783,0,1
5107,8,Al_Davis/Al_Davis_0001.jpg,Julian_Fantino/Julian_Fantino_0001.jpg,0,scored,0.198323592543602,0.41554616391658783,0,1
5108,8,Alan_Greenspan/Alan_Greenspan_0004.jpg,Kent_McCord/Kent_McCord_0001.jpg,0,scored,0.0073427013121545315,0.41554616391658783,0,1
5109,8,Alastair_Campbell/Alastair_Campbell_0004.jpg,Li_Ka-shing/Li_Ka-shing_0001.jpg,0,scored,-0.15537001192569733,0.41554616391658783,0,1
5110,8,Alexa_Vega/Alexa_Vega_0001.jpg,Tony_Shalhoub/Tony_Shalhoub_0001.jpg,0,scored,-0.015221251174807549,0.41554616391658783,0,1
5111,8,Alexander_Downer/Alexander_Downer_0002.jpg,Zeljko_Rebraca/Zeljko_Rebraca_0001.jpg,0,scored,-0.030234981328248978,0.41554616391658783,0,1
5112,8,Alexander_Downer/Alexander_Downer_0003.jpg,Luis_Berrondo/Luis_Berrondo_0001.jpg,0,scored,-0.26674675941467285,0.41554616391658783,0,1
5113,8,Alexandra_Pelosi/Alexandra_Pelosi_0001.jpg,Ken_Kutaragi/Ken_Kutaragi_0001.jpg,0,scored,-0.03897411376237869,0.41554616391658783,0,1
5114,8,Alexandre_Herchcovitch/Alexandre_Herchcovitch_0001.jpg,Karen_Clarkson/Karen_Clarkson_0001.jpg,0,scored,-0.04747645556926727,0.41554616391658783,0,1
5115,8,Alice_Fisher/Alice_Fisher_0001.jpg,Gene_Sauers/Gene_Sauers_0001.jpg,0,scored,-0.1730867624282837,0.41554616391658783,0,1
5116,8,Alicia_Witt/Alicia_Witt_0001.jpg,Jorge_Moreno/Jorge_Moreno_0001.jpg,0,scored,-0.03531988337635994,0.41554616391658783,0,1
5117,8,Alicia_Witt/Alicia_Witt_0001.jpg,Lino_Oviedo/Lino_Oviedo_0001.jpg,0,scored,-0.008827594108879566,0.41554616391658783,0,1
5118,8,Allan_Wagner/Allan_Wagner_0001.jpg,Larry_Campbell/Larry_Campbell_0001.jpg,0,scored,0.21354863047599792,0.41554616391658783,0,1
5119,8,Allan_Wagner/Allan_Wagner_0001.jpg,Rita_Moreno/Rita_Moreno_0001.jpg,0,scored,0.1136520653963089,0.41554616391658783,0,1
5120,8,Alvaro_Silva_Calderon/Alvaro_Silva_Calderon_0002.jpg,Stepan_Demirchian/Stepan_Demirchian_0001.jpg,0,scored,-0.039558060467243195,0.41554616391658783,0,1
5121,8,Alvaro_Uribe/Alvaro_Uribe_0014.jpg,Patricia_Clarkson/Patricia_Clarkson_0001.jpg,0,scored,0.06986751407384872,0.41554616391658783,0,1
5122,8,Ana_Sebastiao/Ana_Sebastiao_0001.jpg,Marcos_Cafu/Marcos_Cafu_0001.jpg,0,scored,0.06359641999006271,0.41554616391658783,0,1
5123,8,Ana_Sebastiao/Ana_Sebastiao_0001.jpg,Raza_Rabbani/Raza_Rabbani_0001.jpg,0,scored,0.16378960013389587,0.41554616391658783,0,1
5124,8,Andrea_De_Cruz/Andrea_De_Cruz_0001.jpg,Dionne_Warwick/Dionne_Warwick_0001.jpg,0,scored,-0.06282815337181091,0.41554616391658783,0,1
5125,8,Andrea_De_Cruz/Andrea_De_Cruz_0001.jpg,Ismail_Cem/Ismail_Cem_0001.jpg,0,scored,0.11361061036586761,0.41554616391658783,0,1
5126,8,Andrea_De_Cruz/Andrea_De_Cruz_0001.jpg,Natalya_Sazanovich/Natalya_Sazanovich_0001.jpg,0,scored,-0.04881753772497177,0.41554616391658783,0,1
5127,8,Andrea_De_Cruz/Andrea_De_Cruz_0001.jpg,Yoon_Young-kwan/Yoon_Young-kwan_0001.jpg,0,scored,0.16076359152793884,0.41554616391658783,0,1
5128,8,Andres_Manuel_Lopez_Obrador/Andres_Manuel_Lopez_Obrador_0001.jpg,Jim_Parque/Jim_Parque_0001.jpg,0,scored,-0.051463957875967026,0.41554616391658783,0,1
5129,8,Andres_Manuel_Lopez_Obrador/Andres_Manuel_Lopez_Obrador_0001.jpg,Norman_Mineta/Norman_Mineta_0001.jpg,0,scored,0.13883917033672333,0.41554616391658783,0,1
5130,8,Andrew_Bunner/Andrew_Bunner_0002.jpg,Oscar_Elias_Biscet/Oscar_Elias_Biscet_0002.jpg,0,scored,0.0018865065649151802,0.41554616391658783,0,1
5131,8,Andrew_Weissmann/Andrew_Weissmann_0001.jpg,Ernie_Els/Ernie_Els_0002.jpg,0,scored,0.03131882846355438,0.41554616391658783,0,1
5132,8,Andy_Warhol/Andy_Warhol_0001.jpg,Edith_Masai/Edith_Masai_0001.jpg,0,scored,0.03965843468904495,0.41554616391658783,0,1
5133,8,Andy_Warhol/Andy_Warhol_0001.jpg,Paul-Henri_Mathieu/Paul-Henri_Mathieu_0002.jpg,0,scored,0.05541499704122543,0.41554616391658783,0,1
5134,8,Anibal_Ibarra/Anibal_Ibarra_0002.jpg,David_Przybyszewski/David_Przybyszewski_0001.jpg,0,scored,-0.1923278272151947,0.41554616391658783,0,1
5135,8,Anthony_Ervin/Anthony_Ervin_0001.jpg,Juan_Roman_Carrasco/Juan_Roman_Carrasco_0001.jpg,0,scored,0.0023330776020884514,0.41554616391658783,0,1
5136,8,Antonio_Elias_Saca/Antonio_Elias_Saca_0001.jpg,Peter_Holmberg/Peter_Holmberg_0001.jpg,0,scored,0.1880556046962738,0.41554616391658783,0,1
5137,8,Antonio_Elias_Saca/Antonio_Elias_Saca_0001.jpg,Thomas_Fargo/Thomas_Fargo_0004.jpg,0,scored,0.08173590898513794,0.41554616391658783,0,1
5138,8,Antonio_Trillanes/Antonio_Trillanes_0001.jpg,Katrin_Cartlidge/Katrin_Cartlidge_0001.jpg,0,scored,-0.05866299569606781,0.41554616391658783,0,1
5139,8,Antonio_Trillanes/Antonio_Trillanes_0003.jpg,Terry_Gilliam/Terry_Gilliam_0001.jpg,0,scored,-0.13874788582324982,0.41554616391658783,0,1
5140,8,Asa_Hutchinson/Asa_Hutchinson_0002.jpg,Gary_Sinise/Gary_Sinise_0001.jpg,0,scored,0.07537700235843658,0.41554616391658783,0,1
5141,8,Ascencion_Barajas/Ascencion_Barajas_0001.jpg,Chris_Hernandez/Chris_Hernandez_0001.jpg,0,scored,-0.14166554808616638,0.41554616391658783,0,1
5142,8,Ashley_Judd/Ashley_Judd_0001.jpg,Joan_Jett/Joan_Jett_0001.jpg,0,scored,0.0019212402403354645,0.41554616391658783,0,1
5143,8,Ashley_Postell/Ashley_Postell_0001.jpg,Cassandra_Heise/Cassandra_Heise_0001.jpg,0,scored,0.20053750276565552,0.41554616391658783,0,1
5144,8,Ashley_Postell/Ashley_Postell_0001.jpg,Tony_Clement/Tony_Clement_0001.jpg,0,scored,0.03551507741212845,0.41554616391658783,0,1
5145,8,Ashraf_Ghani/Ashraf_Ghani_0001.jpg,Boris_Berezovsky/Boris_Berezovsky_0001.jpg,0,scored,0.2534731924533844,0.41554616391658783,0,1
5146,8,Ashraf_Ghani/Ashraf_Ghani_0001.jpg,Qian_Qichen/Qian_Qichen_0001.jpg,0,scored,-0.08513534069061279,0.41554616391658783,0,1
5147,8,Asif_Ali_Zardari/Asif_Ali_Zardari_0001.jpg,Steny_Hoyer/Steny_Hoyer_0001.jpg,0,scored,-0.20651781558990479,0.41554616391658783,0,1
5148,8,Assad_Ahmadi/Assad_Ahmadi_0001.jpg,Percy_Gibson/Percy_Gibson_0001.jpg,0,scored,-0.233561173081398,0.41554616391658783,0,1
5149,8,Barbara_Walters/Barbara_Walters_0001.jpg,Jewel_Howard-Taylor/Jewel_Howard-Taylor_0001.jpg,0,scored,0.17401187121868134,0.41554616391658783,0,1
5150,8,Barbara_Walters/Barbara_Walters_0001.jpg,Peter_Greenaway/Peter_Greenaway_0001.jpg,0,scored,0.05937609076499939,0.41554616391658783,0,1
5151,8,Barry_Williams/Barry_Williams_0001.jpg,Wang_Fei/Wang_Fei_0001.jpg,0,scored,0.05239659547805786,0.41554616391658783,0,1
5152,8,Benazir_Bhutto/Benazir_Bhutto_0004.jpg,Jane_Pauley/Jane_Pauley_0002.jpg,0,scored,-0.16097086668014526,0.41554616391658783,0,1
5153,8,Benazir_Bhutto/Benazir_Bhutto_0005.jpg,Karen_Clarkson/Karen_Clarkson_0001.jpg,0,scored,-0.2402772754430771,0.41554616391658783,0,1
5154,8,Bijan_Darvish/Bijan_Darvish_0001.jpg,Franco_Dragone/Franco_Dragone_0001.jpg,0,scored,0.012382721528410912,0.41554616391658783,0,1
5155,8,Bijan_Darvish/Bijan_Darvish_0002.jpg,Frank_Taylor/Frank_Taylor_0001.jpg,0,scored,-0.2777553200721741,0.41554616391658783,0,1
5156,8,Bilal_Erdogan/Bilal_Erdogan_0001.jpg,Lubomir_Zaoralek/Lubomir_Zaoralek_0001.jpg,0,scored,0.3252585232257843,0.41554616391658783,0,1
5157,8,Bill_Self/Bill_Self_0001.jpg,Yang_Jianli/Yang_Jianli_0001.jpg,0,scored,0.12895116209983826,0.41554616391658783,0,1
5158,8,Bill_Simon/Bill_Simon_0001.jpg,Edward_Said/Edward_Said_0002.jpg,0,scored,0.34525007009506226,0.41554616391658783,0,1
5159,8,Billy_Gilman/Billy_Gilman_0001.jpg,Howard_Smith/Howard_Smith_0002.jpg,0,scored,0.14260604977607727,0.41554616391658783,0,1
5160,8,Billy_Sollie/Billy_Sollie_0001.jpg,Mark_Swartz/Mark_Swartz_0001.jpg,0,scored,-0.1838848888874054,0.41554616391658783,0,1
5161,8,Billy_Sollie/Billy_Sollie_0002.jpg,Hussein_Malik/Hussein_Malik_0001.jpg,0,scored,0.0820692926645279,0.41554616391658783,0,1
5162,8,Blas_Ople/Blas_Ople_0001.jpg,Evan_Marriott/Evan_Marriott_0001.jpg,0,scored,-0.13438284397125244,0.41554616391658783,0,1
5163,8,Blas_Ople/Blas_Ople_0001.jpg,Felipe_Fernandez/Felipe_Fernandez_0001.jpg,0,scored,-0.041468214243650436,0.41554616391658783,0,1
5164,8,Blas_Ople/Blas_Ople_0001.jpg,Peter_Costello/Peter_Costello_0001.jpg,0,scored,0.06702769547700882,0.41554616391658783,0,1
5165,8,Bob_Cantrell/Bob_Cantrell_0001.jpg,Gerard_Kleisterlee/Gerard_Kleisterlee_0001.jpg,0,scored,-0.03684239089488983,0.41554616391658783,0,1
5166,8,Bob_Cantrell/Bob_Cantrell_0001.jpg,Mary_Landrieu/Mary_Landrieu_0003.jpg,0,scored,0.4009016752243042,0.41554616391658783,0,1
5167,8,Bob_Goldman/Bob_Goldman_0001.jpg,Leigh_Winchell/Leigh_Winchell_0001.jpg,0,scored,0.23523613810539246,0.41554616391658783,0,1
5168,8,Bob_Goldman/Bob_Goldman_0001.jpg,Maggie_Smith/Maggie_Smith_0001.jpg,0,scored,0.07888519763946533,0.41554616391658783,0,1
5169,8,Boris_Berezovsky/Boris_Berezovsky_0002.jpg,Leander_Paes/Leander_Paes_0001.jpg,0,scored,0.19971296191215515,0.41554616391658783,0,1
5170,8,Brad_Gushue/Brad_Gushue_0001.jpg,Johannes_Rau/Johannes_Rau_0001.jpg,0,scored,-0.21531112492084503,0.41554616391658783,0,1
5171,8,Brad_Miller/Brad_Miller_0001.jpg,Irina_Lobacheva/Irina_Lobacheva_0001.jpg,0,scored,-0.12048140913248062,0.41554616391658783,0,1
5172,8,Brad_Miller/Brad_Miller_0001.jpg,Percy_Gibson/Percy_Gibson_0001.jpg,0,scored,0.2634372413158417,0.41554616391658783,0,1
5173,8,Brenda_van_Dam/Brenda_van_Dam_0001.jpg,Norbert_van_Heyst/Norbert_van_Heyst_0001.jpg,0,scored,0.08204304426908493,0.41554616391658783,0,1
5174,8,Brian_Cashman/Brian_Cashman_0001.jpg,Delphine_Chuillot/Delphine_Chuillot_0001.jpg,0,scored,-0.042549896985292435,0.41554616391658783,0,1
5175,8,Brian_Cashman/Brian_Cashman_0001.jpg,Russell_Simmons/Russell_Simmons_0003.jpg,0,scored,0.022363206371665,0.41554616391658783,0,1
5176,8,Brian_Cook/Brian_Cook_0001.jpg,Matt_Welsh/Matt_Welsh_0001.jpg,0,scored,0.1482284516096115,0.41554616391658783,0,1
5177,8,Bruno_Junquiera/Bruno_Junquiera_0001.jpg,Oscar_DLeon/Oscar_DLeon_0001.jpg,0,scored,-0.062247760593891144,0.41554616391658783,0,1
5178,8,Bulent_Ecevit/Bulent_Ecevit_0006.jpg,Eduardo_Romero/Eduardo_Romero_0001.jpg,0,scored,0.20826959609985352,0.41554616391658783,0,1
5179,8,Bulent_Ecevit/Bulent_Ecevit_0006.jpg,Gilberto_Simoni/Gilberto_Simoni_0001.jpg,0,scored,0.09797843545675278,0.41554616391658783,0,1
5180,8,Candie_Kung/Candie_Kung_0001.jpg,Steve_Allan/Steve_Allan_0001.jpg,0,scored,0.21849077939987183,0.41554616391658783,0,1
5181,8,Carlo_Ancelotti/Carlo_Ancelotti_0001.jpg,John_Tyson/John_Tyson_0001.jpg,0,scored,-0.18820327520370483,0.41554616391658783,0,1
5182,8,Carlos_Vives/Carlos_Vives_0002.jpg,Randy_Johnson/Randy_Johnson_0001.jpg,0,scored,0.13242925703525543,0.41554616391658783,0,1
5183,8,Caroline_Dhavernas/Caroline_Dhavernas_0001.jpg,Evgeni_Plushenko/Evgeni_Plushenko_0001.jpg,0,scored,-0.029248684644699097,0.41554616391658783,0,1
5184,8,Caroline_Dhavernas/Caroline_Dhavernas_0001.jpg,Jeremy_Fogel/Jeremy_Fogel_0001.jpg,0,scored,0.061129406094551086,0.41554616391658783,0,1
5185,8,Carson_Daly/Carson_Daly_0001.jpg,John_Moe/John_Moe_0001.jpg,0,scored,-0.08556631207466125,0.41554616391658783,0,1
5186,8,Carson_Daly/Carson_Daly_0001.jpg,Tracy_Wyle/Tracy_Wyle_0001.jpg,0,scored,-0.17951534688472748,0.41554616391658783,0,1
5187,8,Cassandra_Heise/Cassandra_Heise_0001.jpg,Shaukat_Aziz/Shaukat_Aziz_0002.jpg,0,scored,0.10775814950466156,0.41554616391658783,0,1
5188,8,Cate_Blanchett/Cate_Blanchett_0003.jpg,Gina_Centrello/Gina_Centrello_0001.jpg,0,scored,0.08969871699810028,0.41554616391658783,0,1
5189,8,Cate_Blanchett/Cate_Blanchett_0003.jpg,Ryan_Goodman/Ryan_Goodman_0001.jpg,0,scored,0.11593025922775269,0.41554616391658783,0,1
5190,8,Catherine_Donkers/Catherine_Donkers_0001.jpg,Eminem/Eminem_0001.jpg,0,scored,0.059770163148641586,0.41554616391658783,0,1
5191,8,Cedric_Benson/Cedric_Benson_0001.jpg,Marcus_Allen/Marcus_Allen_0001.jpg,0,scored,0.2739982306957245,0.41554616391658783,0,1
5192,8,Cedric_Benson/Cedric_Benson_0001.jpg,Robert_Lee_Yates_Jr/Robert_Lee_Yates_Jr_0001.jpg,0,scored,0.06169123575091362,0.41554616391658783,0,1
5193,8,Cedric_Benson/Cedric_Benson_0001.jpg,Stacy_Nelson/Stacy_Nelson_0001.jpg,0,scored,-0.03631860017776489,0.41554616391658783,0,1
5194,8,Chistian_Stahl/Chistian_Stahl_0001.jpg,Eliane_Karp/Eliane_Karp_0001.jpg,0,scored,-0.06336021423339844,0.41554616391658783,0,1
5195,8,Chris_Cooper/Chris_Cooper_0002.jpg,Irfan_Ahmed/Irfan_Ahmed_0001.jpg,0,scored,-0.17016533017158508,0.41554616391658783,0,1
5196,8,Chris_Cooper/Chris_Cooper_0002.jpg,Rick_Bland/Rick_Bland_0001.jpg,0,scored,0.21958911418914795,0.41554616391658783,0,1
5197,8,Chris_Hernandez/Chris_Hernandez_0001.jpg,Mauricio_Pochetino/Mauricio_Pochetino_0001.jpg,0,scored,0.3025168180465698,0.41554616391658783,0,1
5198,8,Chris_Hernandez/Chris_Hernandez_0001.jpg,Tonga/Tonga_0001.jpg,0,scored,-0.010397565551102161,0.41554616391658783,0,1
5199,8,Chris_Hernandez/Chris_Hernandez_0001.jpg,Wolfgang_Schuessel/Wolfgang_Schuessel_0001.jpg,0,scored,0.0361834317445755,0.41554616391658783,0,1
5200,8,Chris_Tucker/Chris_Tucker_0002.jpg,Jennifer_Pena/Jennifer_Pena_0001.jpg,0,scored,-0.11032576113939285,0.41554616391658783,0,1
5201,8,Chris_Tucker/Chris_Tucker_0002.jpg,Takuma_Sato/Takuma_Sato_0001.jpg,0,scored,-0.10272790491580963,0.41554616391658783,0,1
5202,8,Chris_Whitney/Chris_Whitney_0001.jpg,Tom_Scully/Tom_Scully_0001.jpg,0,scored,0.03408398479223251,0.41554616391658783,0,1
5203,8,Christine_Gregoire/Christine_Gregoire_0004.jpg,Robert_Lee_Yates_Jr/Robert_Lee_Yates_Jr_0001.jpg,0,scored,0.07654692977666855,0.41554616391658783,0,1
5204,8,Christine_Gregoire/Christine_Gregoire_0004.jpg,Wang_Hailan/Wang_Hailan_0001.jpg,0,scored,-0.06189588084816933,0.41554616391658783,0,1
5205,8,Christine_Rau/Christine_Rau_0001.jpg,Jerry_Hall/Jerry_Hall_0001.jpg,0,scored,-0.06741847842931747,0.41554616391658783,0,1
5206,8,Christine_Rau/Christine_Rau_0001.jpg,Mel_Brooks/Mel_Brooks_0001.jpg,0,scored,-0.10662421584129333,0.41554616391658783,0,1
5207,8,Christopher_Russell/Christopher_Russell_0001.jpg,Colleen_OClair/Colleen_OClair_0001.jpg,0,scored,-0.08754000067710876,0.41554616391658783,0,1
5208,8,Christopher_Whittle/Christopher_Whittle_0001.jpg,Felipe_Fernandez/Felipe_Fernandez_0001.jpg,0,scored,0.26646801829338074,0.41554616391658783,0,1
5209,8,Colleen_OClair/Colleen_OClair_0001.jpg,Tom_Hanusik/Tom_Hanusik_0001.jpg,0,scored,0.2807818055152893,0.41554616391658783,0,1
5210,8,Curtis_Rodriguez/Curtis_Rodriguez_0001.jpg,John_Blaney/John_Blaney_0002.jpg,0,scored,-0.030299507081508636,0.41554616391658783,0,1
5211,8,Curtis_Rodriguez/Curtis_Rodriguez_0001.jpg,Kathleen_Kennedy_Townsend/Kathleen_Kennedy_Townsend_0003.jpg,0,scored,-0.059203557670116425,0.41554616391658783,0,1
5212,8,Dale_Bosworth/Dale_Bosworth_0001.jpg,Frank_Taylor/Frank_Taylor_0001.jpg,0,scored,-0.10787779092788696,0.41554616391658783,0,1
5213,8,Dale_Bosworth/Dale_Bosworth_0001.jpg,Vladimir_Golovlyov/Vladimir_Golovlyov_0001.jpg,0,scored,-0.032733477652072906,0.41554616391658783,0,1
5214,8,Dan_Quayle/Dan_Quayle_0001.jpg,Jim_Ryan/Jim_Ryan_0001.jpg,0,scored,0.3282721936702728,0.41554616391658783,0,1
5215,8,Dan_Quayle/Dan_Quayle_0001.jpg,Nick_Turner/Nick_Turner_0001.jpg,0,scored,0.10996247082948685,0.41554616391658783,0,1
5216,8,Dan_Quayle/Dan_Quayle_0001.jpg,William_Umbach/William_Umbach_0001.jpg,0,scored,0.2164907455444336,0.41554616391658783,0,1
5217,8,Danny_Morgan/Danny_Morgan_0001.jpg,Jeff_George/Jeff_George_0001.jpg,0,scored,-0.15264934301376343,0.41554616391658783,0,1
5218,8,Danny_Morgan/Danny_Morgan_0001.jpg,John_Allen_Muhammad/John_Allen_Muhammad_0010.jpg,0,scored,-0.1947900503873825,0.41554616391658783,0,1
5219,8,Darla_Moore/Darla_Moore_0001.jpg,Paul_Johnson/Paul_Johnson_0001.jpg,0,scored,-0.044548094272613525,0.41554616391658783,0,1
5220,8,Darrell_Royal/Darrell_Royal_0001.jpg,Louis_Van_Gaal/Louis_Van_Gaal_0001.jpg,0,scored,0.3441619873046875,0.41554616391658783,0,1
5221,8,Dave_McGinnis/Dave_McGinnis_0001.jpg,Michel_Therrien/Michel_Therrien_0001.jpg,0,scored,0.3136860728263855,0.41554616391658783,0,1
5222,8,David_Przybyszewski/David_Przybyszewski_0001.jpg,Elena_Bovina/Elena_Bovina_0002.jpg,0,scored,-0.19004420936107635,0.41554616391658783,0,1
5223,8,Delphine_Chuillot/Delphine_Chuillot_0001.jpg,Jim_Parque/Jim_Parque_0001.jpg,0,scored,-0.04263387247920036,0.41554616391658783,0,1
5224,8,Demetrin_Veal/Demetrin_Veal_0001.jpg,Robert_Hanssen/Robert_Hanssen_0001.jpg,0,scored,-0.08459217101335526,0.41554616391658783,0,1
5225,8,Dennis_Hastert/Dennis_Hastert_0005.jpg,Lubomir_Zaoralek/Lubomir_Zaoralek_0001.jpg,0,scored,0.18771986663341522,0.41554616391658783,0,1
5226,8,Dewayne_White/Dewayne_White_0001.jpg,Joe_DeLamielleure/Joe_DeLamielleure_0001.jpg,0,scored,-0.22554215788841248,0.41554616391658783,0,1
5227,8,Dick_Posthumus/Dick_Posthumus_0001.jpg,Jeff_George/Jeff_George_0001.jpg,0,scored,-0.03917694836854935,0.41554616391658783,0,1
5228,8,Dick_Posthumus/Dick_Posthumus_0001.jpg,Jim_Wong/Jim_Wong_0001.jpg,0,scored,0.22223497927188873,0.41554616391658783,0,1
5229,8,Din_Samsudin/Din_Samsudin_0001.jpg,Pupi_Avati/Pupi_Avati_0002.jpg,0,scored,0.20242750644683838,0.41554616391658783,0,1
5230,8,Dionne_Warwick/Dionne_Warwick_0001.jpg,Janine_Pietsch/Janine_Pietsch_0001.jpg,0,scored,0.020813290029764175,0.41554616391658783,0,1
5231,8,Dominique_Perben/Dominique_Perben_0001.jpg,Osmond_Smith/Osmond_Smith_0001.jpg,0,scored,0.2753860354423523,0.41554616391658783,0,1
5232,8,Doug_Duncan/Doug_Duncan_0001.jpg,Kevin_Spacey/Kevin_Spacey_0002.jpg,0,scored,0.05670808255672455,0.41554616391658783,0,1
5233,8,Doug_Duncan/Doug_Duncan_0002.jpg,John_Allen_Muhammad/John_Allen_Muhammad_0002.jpg,0,scored,-0.018517816439270973,0.41554616391658783,0,1
5234,8,Eddy_Hartenstein/Eddy_Hartenstein_0001.jpg,Lyudmila_Putin/Lyudmila_Putin_0001.jpg,0,scored,0.09282202273607254,0.41554616391658783,0,1
5235,8,Eddy_Hartenstein/Eddy_Hartenstein_0001.jpg,Matthias_Sammer/Matthias_Sammer_0001.jpg,0,scored,-0.010242393240332603,0.41554616391658783,0,1
5236,8,Eddy_Hartenstein/Eddy_Hartenstein_0001.jpg,Sabah_Al-Ahmad_Al-Jaber_Al-Sabah/Sabah_Al-Ahmad_Al-Jaber_Al-Sabah_0001.jpg,0,scored,-0.07217290997505188,0.41554616391658783,0,1
5237,8,Eduardo_Chillida/Eduardo_Chillida_0001.jpg,Stephen_Crampton/Stephen_Crampton_0001.jpg,0,scored,-0.13339105248451233,0.41554616391658783,0,1
5238,8,Eduardo_Romero/Eduardo_Romero_0001.jpg,Robert_Kocharian/Robert_Kocharian_0005.jpg,0,scored,0.05576883256435394,0.41554616391658783,0,1
5239,8,Edward_Greenspan/Edward_Greenspan_0001.jpg,Roy_Halladay/Roy_Halladay_0001.jpg,0,scored,-0.0014419704675674438,0.41554616391658783,0,1
5240,8,Edward_Greenspan/Edward_Greenspan_0001.jpg,Sidney_Poitier/Sidney_Poitier_0001.jpg,0,scored,-0.04399609565734863,0.41554616391658783,0,1
5241,8,Edward_Kennedy/Edward_Kennedy_0001.jpg,Mathilda_Karel_Spak/Mathilda_Karel_Spak_0001.jpg,0,scored,0.1440984159708023,0.41554616391658783,0,1
5242,8,Edward_Kennedy/Edward_Kennedy_0002.jpg,Jennifer_Pena/Jennifer_Pena_0001.jpg,0,scored,-0.2551860809326172,0.41554616391658783,0,1
5243,8,Edward_Said/Edward_Said_0001.jpg,Frank_Abagnale_Jr/Frank_Abagnale_Jr_0001.jpg,0,scored,0.07387269288301468,0.41554616391658783,0,1
5244,8,Eminem/Eminem_0001.jpg,Wolfgang_Clement/Wolfgang_Clement_0001.jpg,0,scored,-0.0996268019080162,0.41554616391658783,0,1
5245,8,Enrique_Bolanos/Enrique_Bolanos_0004.jpg,Janine_Pietsch/Janine_Pietsch_0001.jpg,0,scored,0.15232867002487183,0.41554616391658783,0,1
5246,8,Enrique_Bolanos/Enrique_Bolanos_0004.jpg,Liam_Neeson/Liam_Neeson_0002.jpg,0,scored,-0.1358582079410553,0.41554616391658783,0,1
5247,8,Ernie_Els/Ernie_Els_0002.jpg,Marcus_Allen/Marcus_Allen_0001.jpg,0,scored,-0.08754940330982208,0.41554616391658783,0,1
5248,8,Evgeni_Plushenko/Evgeni_Plushenko_0001.jpg,Queen_Sofia/Queen_Sofia_0001.jpg,0,scored,-0.012419948354363441,0.41554616391658783,0,1
5249,8,Evgeni_Plushenko/Evgeni_Plushenko_0001.jpg,Riek_Blanjaar/Riek_Blanjaar_0001.jpg,0,scored,0.21346676349639893,0.41554616391658783,0,1
5250,8,Franco_Dragone/Franco_Dragone_0002.jpg,Louis_Van_Gaal/Louis_Van_Gaal_0001.jpg,0,scored,0.03552373871207237,0.41554616391658783,0,1
5251,8,Franco_Frattini/Franco_Frattini_0001.jpg,Irina_Lobacheva/Irina_Lobacheva_0001.jpg,0,scored,-0.08530920743942261,0.41554616391658783,0,1
5252,8,Frank_Abagnale_Jr/Frank_Abagnale_Jr_0001.jpg,Nate_Hybl/Nate_Hybl_0001.jpg,0,scored,0.08247489482164383,0.41554616391658783,0,1
5253,8,Frank_Shea/Frank_Shea_0001.jpg,Rob_Moore/Rob_Moore_0001.jpg,0,scored,0.0662679374217987,0.41554616391658783,0,1
5254,8,Frank_Taylor/Frank_Taylor_0001.jpg,Jason_Jennings/Jason_Jennings_0001.jpg,0,scored,0.15255826711654663,0.41554616391658783,0,1
5255,8,Gabriel_Batistuta/Gabriel_Batistuta_0001.jpg,Peter_Costello/Peter_Costello_0001.jpg,0,scored,0.08575093001127243,0.41554616391658783,0,1
5256,8,Gabriel_Jorge_Ferreia/Gabriel_Jorge_Ferreia_0001.jpg,Zulfiqar_Ahmed/Zulfiqar_Ahmed_0001.jpg,0,scored,-0.022229645401239395,0.41554616391658783,0,1
5257,8,Gary_Doer/Gary_Doer_0003.jpg,Wang_Hailan/Wang_Hailan_0001.jpg,0,scored,0.0419662781059742,0.41554616391658783,0,1
5258,8,Gary_Sinise/Gary_Sinise_0001.jpg,Roy_Halladay/Roy_Halladay_0001.jpg,0,scored,0.1877516508102417,0.41554616391658783,0,1
5259,8,Gene_Hackman/Gene_Hackman_0001.jpg,Queen_Noor/Queen_Noor_0001.jpg,0,scored,-0.23380371928215027,0.41554616391658783,0,1
5260,8,Gene_Sauers/Gene_Sauers_0001.jpg,Gina_Centrello/Gina_Centrello_0001.jpg,0,scored,-0.043120548129081726,0.41554616391658783,0,1
5261,8,Geoff_Dixon/Geoff_Dixon_0001.jpg,Jean_Todt/Jean_Todt_0001.jpg,0,scored,-0.04334854334592819,0.41554616391658783,0,1
5262,8,George_Allen/George_Allen_0001.jpg,Roy_Halladay/Roy_Halladay_0001.jpg,0,scored,0.019034579396247864,0.41554616391658783,0,1
5263,8,George_Allen/George_Allen_0001.jpg,Wan_Yanhai/Wan_Yanhai_0001.jpg,0,scored,0.1895771324634552,0.41554616391658783,0,1
5264,8,George_Harrison/George_Harrison_0001.jpg,Robert_Lee_Yates_Jr/Robert_Lee_Yates_Jr_0001.jpg,0,scored,0.07183875888586044,0.41554616391658783,0,1
5265,8,Georgi_Parvanov/Georgi_Parvanov_0001.jpg,Luis_Fonsi/Luis_Fonsi_0001.jpg,0,scored,0.008450057357549667,0.41554616391658783,0,1
5266,8,Gianni_Agnelli/Gianni_Agnelli_0001.jpg,Marco_Irizarry/Marco_Irizarry_0001.jpg,0,scored,0.02469659224152565,0.41554616391658783,0,1
5267,8,Gilberto_Simoni/Gilberto_Simoni_0001.jpg,Julio_Cesar_Chavez/Julio_Cesar_Chavez_0001.jpg,0,scored,0.05786873400211334,0.41554616391658783,0,1
5268,8,Gong_Ruina/Gong_Ruina_0001.jpg,Hong_Myung/Hong_Myung_0001.jpg,0,scored,0.14923781156539917,0.41554616391658783,0,1
5269,8,Gong_Ruina/Gong_Ruina_0001.jpg,Qian_Qichen/Qian_Qichen_0001.jpg,0,scored,0.230064257979393,0.41554616391658783,0,1
5270,8,Gro_Harlem_Brundtland/Gro_Harlem_Brundtland_0002.jpg,Turner_Gill/Turner_Gill_0001.jpg,0,scored,0.07783007621765137,0.41554616391658783,0,1
5271,8,Hector_Grullon/Hector_Grullon_0001.jpg,Jeong_Se-hyun/Jeong_Se-hyun_0009.jpg,0,scored,0.28769320249557495,0.41554616391658783,0,1
5272,8,Henk_Bekedam/Henk_Bekedam_0001.jpg,Koichi_Haraguchi/Koichi_Haraguchi_0001.jpg,0,scored,0.13713853061199188,0.41554616391658783,0,1
5273,8,Henk_Bekedam/Henk_Bekedam_0001.jpg,Manuel_Gehring/Manuel_Gehring_0001.jpg,0,scored,-0.01789521425962448,0.41554616391658783,0,1
5274,8,Henk_Bekedam/Henk_Bekedam_0001.jpg,Michael_Kirby/Michael_Kirby_0001.jpg,0,scored,0.17195084691047668,0.41554616391658783,0,1
5275,8,Hiroki_Gomi/Hiroki_Gomi_0001.jpg,Kenneth_Cooper/Kenneth_Cooper_0001.jpg,0,scored,-0.14055337011814117,0.41554616391658783,0,1
5276,8,Hiroki_Gomi/Hiroki_Gomi_0001.jpg,Sophia_Loren/Sophia_Loren_0002.jpg,0,scored,0.08752478659152985,0.41554616391658783,0,1
5277,8,Irina_Lobacheva/Irina_Lobacheva_0001.jpg,Steve_Allan/Steve_Allan_0001.jpg,0,scored,-0.039907824248075485,0.41554616391658783,0,1
5278,8,Ismail_Cem/Ismail_Cem_0001.jpg,Linda_Amicangioli/Linda_Amicangioli_0001.jpg,0,scored,-0.23748037219047546,0.41554616391658783,0,1
5279,8,Jack_Osbourne/Jack_Osbourne_0001.jpg,Kent_McCord/Kent_McCord_0001.jpg,0,scored,0.015836920589208603,0.41554616391658783,0,1
5280,8,Jack_Straw/Jack_Straw_0001.jpg,Manuel_Gehring/Manuel_Gehring_0001.jpg,0,scored,0.03486448526382446,0.41554616391658783,0,1
5281,8,Jack_Straw/Jack_Straw_0003.jpg,Norman_Mineta/Norman_Mineta_0001.jpg,0,scored,0.08251887559890747,0.41554616391658783,0,1
5282,8,James_Ballenger/James_Ballenger_0001.jpg,Raza_Rabbani/Raza_Rabbani_0001.jpg,0,scored,0.19457319378852844,0.41554616391658783,0,1
5283,8,James_Coviello/James_Coviello_0001.jpg,Judith_Nathan/Judith_Nathan_0001.jpg,0,scored,-0.01934581995010376,0.41554616391658783,0,1
5284,8,James_Coviello/James_Coviello_0001.jpg,Robert_F_Kennedy_Jr/Robert_F_Kennedy_Jr_0001.jpg,0,scored,-0.15371480584144592,0.41554616391658783,0,1
5285,8,James_Morris/James_Morris_0002.jpg,Silvio_Fernandez/Silvio_Fernandez_0002.jpg,0,scored,0.05896276980638504,0.41554616391658783,0,1
5286,8,James_Schultz/James_Schultz_0001.jpg,Tim_Curley/Tim_Curley_0001.jpg,0,scored,-0.000325910747051239,0.41554616391658783,0,1
5287,8,James_W_Kennedy/James_W_Kennedy_0001.jpg,John_Connolly/John_Connolly_0001.jpg,0,scored,0.1267343908548355,0.41554616391658783,0,1
5288,8,James_W_Kennedy/James_W_Kennedy_0001.jpg,Toutai_Kefu/Toutai_Kefu_0001.jpg,0,scored,-0.20421087741851807,0.41554616391658783,0,1
5289,8,James_Williams/James_Williams_0001.jpg,Phillip_Seymor_Hoffmann/Phillip_Seymor_Hoffmann_0001.jpg,0,scored,0.4376150369644165,0.41554616391658783,1,0
5290,8,James_Williams/James_Williams_0001.jpg,Shaun_Pollock/Shaun_Pollock_0001.jpg,0,scored,0.12483443319797516,0.41554616391658783,0,1
5291,8,Jan_Ullrich/Jan_Ullrich_0003.jpg,Javier_Weber/Javier_Weber_0001.jpg,0,scored,-0.04089177027344704,0.41554616391658783,0,1
5292,8,Jane_Menelaus/Jane_Menelaus_0001.jpg,Junichiro_Koizumi/Junichiro_Koizumi_0042.jpg,0,scored,0.16932079195976257,0.41554616391658783,0,1
5293,8,Jane_Menelaus/Jane_Menelaus_0001.jpg,Sophia_Loren/Sophia_Loren_0001.jpg,0,scored,0.17829865217208862,0.41554616391658783,0,1
5294,8,Jason_Petty/Jason_Petty_0001.jpg,Mayumi_Moriyama/Mayumi_Moriyama_0001.jpg,0,scored,-0.19132095575332642,0.41554616391658783,0,1
5295,8,Jean_Todt/Jean_Todt_0001.jpg,Roger_Etchegaray/Roger_Etchegaray_0001.jpg,0,scored,0.07172610610723495,0.41554616391658783,0,1
5296,8,Jennifer_Pena/Jennifer_Pena_0001.jpg,Sonia_Lopez/Sonia_Lopez_0001.jpg,0,scored,-0.038750194013118744,0.41554616391658783,0,1
5297,8,Jennifer_Pena/Jennifer_Pena_0001.jpg,Tony_LaRussa/Tony_LaRussa_0001.jpg,0,scored,-0.16854341328144073,0.41554616391658783,0,1
5298,8,Jennifer_Rodriguez/Jennifer_Rodriguez_0001.jpg,Terry_Gilliam/Terry_Gilliam_0001.jpg,0,scored,-0.14101892709732056,0.41554616391658783,0,1
5299,8,Jennifer_Rodriguez/Jennifer_Rodriguez_0002.jpg,Joanna_Poitier/Joanna_Poitier_0001.jpg,0,scored,0.07267805188894272,0.41554616391658783,0,1
5300,8,Jennifer_Rodriguez/Jennifer_Rodriguez_0002.jpg,Tony_Fernandes/Tony_Fernandes_0001.jpg,0,scored,-0.21999645233154297,0.41554616391658783,0,1
5301,8,Jerome_Golmard/Jerome_Golmard_0001.jpg,Kristin_Chenoweth/Kristin_Chenoweth_0001.jpg,0,scored,-0.015455896034836769,0.41554616391658783,0,1
5302,8,Jewel_Howard-Taylor/Jewel_Howard-Taylor_0001.jpg,Ken_Kutaragi/Ken_Kutaragi_0001.jpg,0,scored,0.33372762799263,0.41554616391658783,0,1
5303,8,Jim_Parque/Jim_Parque_0001.jpg,Michael_Adams/Michael_Adams_0001.jpg,0,scored,0.05742727220058441,0.41554616391658783,0,1
5304,8,Jim_Parque/Jim_Parque_0001.jpg,Rachel_Leigh_Cook/Rachel_Leigh_Cook_0001.jpg,0,scored,0.05535836145281792,0.41554616391658783,0,1
5305,8,Jim_Ryan/Jim_Ryan_0001.jpg,Luis_Berrondo/Luis_Berrondo_0001.jpg,0,scored,0.07150807976722717,0.41554616391658783,0,1
5306,8,Jimmy_Gobble/Jimmy_Gobble_0001.jpg,Robert_De_Niro/Robert_De_Niro_0005.jpg,0,scored,0.019861340522766113,0.41554616391658783,0,1
5307,8,Joan_Collins/Joan_Collins_0001.jpg,Zydrunas_Ilgauskas/Zydrunas_Ilgauskas_0001.jpg,0,scored,-0.051113005727529526,0.41554616391658783,0,1
5308,8,Joan_Jett/Joan_Jett_0001.jpg,Kevin_James/Kevin_James_0001.jpg,0,scored,-0.030863290652632713,0.41554616391658783,0,1
5309,8,Joanna_Poitier/Joanna_Poitier_0001.jpg,Michael_Moore/Michael_Moore_0001.jpg,0,scored,0.03695649653673172,0.41554616391658783,0,1
5310,8,Joe_Lieberman/Joe_Lieberman_0010.jpg,Joe_Mantello/Joe_Mantello_0001.jpg,0,scored,0.01950008235871792,0.41554616391658783,0,1
5311,8,Johannes_Rau/Johannes_Rau_0001.jpg,Oleksandr_Moroz/Oleksandr_Moroz_0001.jpg,0,scored,0.09664248675107956,0.41554616391658783,0,1
5312,8,John_Connolly/John_Connolly_0001.jpg,Mel_Gibson/Mel_Gibson_0001.jpg,0,scored,-0.02586103044450283,0.41554616391658783,0,1
5313,8,John_Connolly/John_Connolly_0001.jpg,Michael_Moore/Michael_Moore_0003.jpg,0,scored,0.0626298114657402,0.41554616391658783,0,1
5314,8,John_Connolly/John_Connolly_0001.jpg,Norman_Mineta/Norman_Mineta_0001.jpg,0,scored,0.2726062536239624,0.41554616391658783,0,1
5315,8,John_Connolly/John_Connolly_0001.jpg,Uzi_Even/Uzi_Even_0001.jpg,0,scored,0.16687998175621033,0.41554616391658783,0,1
5316,8,John_Cruz/John_Cruz_0001.jpg,Sean_Astin/Sean_Astin_0003.jpg,0,scored,0.15318581461906433,0.41554616391658783,0,1
5317,8,John_Cruz/John_Cruz_0001.jpg,Steven_Briggs/Steven_Briggs_0001.jpg,0,scored,0.19817376136779785,0.41554616391658783,0,1
5318,8,John_Hartson/John_Hartson_0001.jpg,Oscar_Elias_Biscet/Oscar_Elias_Biscet_0002.jpg,0,scored,-0.07070595026016235,0.41554616391658783,0,1
5319,8,Joseph_Deiss/Joseph_Deiss_0001.jpg,Tony_Fernandes/Tony_Fernandes_0001.jpg,0,scored,-0.08914752304553986,0.41554616391658783,0,1
5320,8,Joseph_Lopez/Joseph_Lopez_0001.jpg,Rick_Pitino/Rick_Pitino_0001.jpg,0,scored,0.14926941692829132,0.41554616391658783,0,1
5321,8,Julian_Fantino/Julian_Fantino_0001.jpg,Quin_Snyder/Quin_Snyder_0001.jpg,0,scored,-0.30636101961135864,0.41554616391658783,0,1
5322,8,Julio_Cesar_Chavez/Julio_Cesar_Chavez_0001.jpg,Tom_Brennan/Tom_Brennan_0001.jpg,0,scored,0.027387909591197968,0.41554616391658783,0,1
5323,8,Junichi_Inamoto/Junichi_Inamoto_0001.jpg,Oleg_Romantsev/Oleg_Romantsev_0001.jpg,0,scored,0.34002169966697693,0.41554616391658783,0,1
5324,8,Junichiro_Koizumi/Junichiro_Koizumi_0020.jpg,Tony_Fernandes/Tony_Fernandes_0001.jpg,0,scored,-0.06165148317813873,0.41554616391658783,0,1
5325,8,Karen_Clarkson/Karen_Clarkson_0001.jpg,Kristen_Breitweiser/Kristen_Breitweiser_0003.jpg,0,scored,-0.11744856089353561,0.41554616391658783,0,1
5326,8,Karol_Kucera/Karol_Kucera_0001.jpg,Qian_Qichen/Qian_Qichen_0001.jpg,0,scored,-0.14826881885528564,0.41554616391658783,0,1
5327,8,Karol_Kucera/Karol_Kucera_0001.jpg,Turner_Gill/Turner_Gill_0001.jpg,0,scored,0.09872308373451233,0.41554616391658783,0,1
5328,8,Katrin_Cartlidge/Katrin_Cartlidge_0001.jpg,Tony_LaRussa/Tony_LaRussa_0001.jpg,0,scored,0.07666553556919098,0.41554616391658783,0,1
5329,8,Keith_Osik/Keith_Osik_0001.jpg,Pupi_Avati/Pupi_Avati_0001.jpg,0,scored,0.07339408993721008,0.41554616391658783,0,1
5330,8,Kenneth_Cooper/Kenneth_Cooper_0001.jpg,Norman_Mineta/Norman_Mineta_0001.jpg,0,scored,-0.2676815688610077,0.41554616391658783,0,1
5331,8,Kent_McCord/Kent_McCord_0001.jpg,Natasha_Henstridge/Natasha_Henstridge_0001.jpg,0,scored,0.07180067896842957,0.41554616391658783,0,1
5332,8,Kevin_James/Kevin_James_0001.jpg,Roy_Halladay/Roy_Halladay_0001.jpg,0,scored,0.33477336168289185,0.41554616391658783,0,1
5333,8,Kevin_James/Kevin_James_0001.jpg,Suzanne_Haik_Terrell/Suzanne_Haik_Terrell_0001.jpg,0,scored,0.04983053356409073,0.41554616391658783,0,1
5334,8,Kevin_James/Kevin_James_0001.jpg,Yang_Jianli/Yang_Jianli_0001.jpg,0,scored,0.12205374985933304,0.41554616391658783,0,1
5335,8,Kevin_Spacey/Kevin_Spacey_0002.jpg,Ray_Evernham/Ray_Evernham_0001.jpg,0,scored,-0.02115398459136486,0.41554616391658783,0,1
5336,8,Koji_Uehara/Koji_Uehara_0001.jpg,Rob_Moore/Rob_Moore_0001.jpg,0,scored,-0.07264506816864014,0.41554616391658783,0,1
5337,8,Krishna_Bhadur_Mahara/Krishna_Bhadur_Mahara_0001.jpg,Peter_Holmberg/Peter_Holmberg_0001.jpg,0,scored,0.25620773434638977,0.41554616391658783,0,1
5338,8,Krishna_Bhadur_Mahara/Krishna_Bhadur_Mahara_0001.jpg,Silvio_Fernandez/Silvio_Fernandez_0002.jpg,0,scored,0.3093460202217102,0.41554616391658783,0,1
5339,8,Kristen_Breitweiser/Kristen_Breitweiser_0001.jpg,Tatiana_Shchegoleva/Tatiana_Shchegoleva_0001.jpg,0,scored,0.25687113404273987,0.41554616391658783,0,1
5340,8,Laila_Ali/Laila_Ali_0003.jpg,Tony_Fernandes/Tony_Fernandes_0001.jpg,0,scored,0.12900188565254211,0.41554616391658783,0,1
5341,8,Larry_Johnson/Larry_Johnson_0001.jpg,Terry_Gilliam/Terry_Gilliam_0001.jpg,0,scored,-0.15889735519886017,0.41554616391658783,0,1
5342,8,Larry_Johnson/Larry_Johnson_0002.jpg,Marc_Racicot/Marc_Racicot_0001.jpg,0,scored,-0.10341845452785492,0.41554616391658783,0,1
5343,8,Larry_Johnson/Larry_Johnson_0002.jpg,Tom_Hanusik/Tom_Hanusik_0001.jpg,0,scored,0.17891308665275574,0.41554616391658783,0,1
5344,8,Lars_Von_Trier/Lars_Von_Trier_0001.jpg,Zhang_Wenkang/Zhang_Wenkang_0002.jpg,0,scored,0.1581953763961792,0.41554616391658783,0,1
5345,8,Leander_Paes/Leander_Paes_0001.jpg,Ralph_Firman/Ralph_Firman_0001.jpg,0,scored,0.10936515033245087,0.41554616391658783,0,1
5346,8,Leo_Ramirez/Leo_Ramirez_0001.jpg,Sabah_Al-Ahmad_Al-Jaber_Al-Sabah/Sabah_Al-Ahmad_Al-Jaber_Al-Sabah_0001.jpg,0,scored,-0.22917687892913818,0.41554616391658783,0,1
5347,8,Leonardo_Del_Vecchio/Leonardo_Del_Vecchio_0001.jpg,Maggie_Smith/Maggie_Smith_0001.jpg,0,scored,0.25860369205474854,0.41554616391658783,0,1
5348,8,Leonardo_Del_Vecchio/Leonardo_Del_Vecchio_0001.jpg,Tatiana_Shchegoleva/Tatiana_Shchegoleva_0001.jpg,0,scored,0.021843748167157173,0.41554616391658783,0,1
5349,8,Liam_Neeson/Liam_Neeson_0001.jpg,Paul_Kagame/Paul_Kagame_0002.jpg,0,scored,-0.005556439980864525,0.41554616391658783,0,1
5350,8,Lokendra_Bahadur_Chand/Lokendra_Bahadur_Chand_0001.jpg,Steffeny_Holtz/Steffeny_Holtz_0001.jpg,0,scored,0.015505925752222538,0.41554616391658783,0,1
5351,8,Louis_Van_Gaal/Louis_Van_Gaal_0001.jpg,Natasha_Henstridge/Natasha_Henstridge_0001.jpg,0,scored,0.13375748693943024,0.41554616391658783,0,1
5352,8,Lubomir_Zaoralek/Lubomir_Zaoralek_0001.jpg,Luis_Berrondo/Luis_Berrondo_0001.jpg,0,scored,-0.017464907839894295,0.41554616391658783,0,1
5353,8,Lubomir_Zaoralek/Lubomir_Zaoralek_0001.jpg,William_Umbach/William_Umbach_0001.jpg,0,scored,-0.043118879199028015,0.41554616391658783,0,1
5354,8,Luis_Berrondo/Luis_Berrondo_0001.jpg,Rita_Moreno/Rita_Moreno_0002.jpg,0,scored,0.12385550141334534,0.41554616391658783,0,1
5355,8,Luis_Fonsi/Luis_Fonsi_0001.jpg,Oscar_DLeon/Oscar_DLeon_0001.jpg,0,scored,0.05620024725794792,0.41554616391658783,0,1
5356,8,Luis_Fonsi/Luis_Fonsi_0001.jpg,Steven_Briggs/Steven_Briggs_0001.jpg,0,scored,0.057175084948539734,0.41554616391658783,0,1
5357,8,Luis_Rosario_Huertas/Luis_Rosario_Huertas_0001.jpg,Mary_Steenburgen/Mary_Steenburgen_0002.jpg,0,scored,-0.0654587671160698,0.41554616391658783,0,1
5358,8,Makiko_Tanaka/Makiko_Tanaka_0001.jpg,Peter_Greenaway/Peter_Greenaway_0001.jpg,0,scored,-0.10782729089260101,0.41554616391658783,0,1
5359,8,Manijeh_Hekmat/Manijeh_Hekmat_0001.jpg,Roger_Winter/Roger_Winter_0001.jpg,0,scored,0.15494635701179504,0.41554616391658783,0,1
5360,8,Manijeh_Hekmat/Manijeh_Hekmat_0001.jpg,T_Boone_Pickens/T_Boone_Pickens_0001.jpg,0,scored,-0.06306880712509155,0.41554616391658783,0,1
5361,8,Marcelo_Salas/Marcelo_Salas_0002.jpg,Tara_VanDerveer/Tara_VanDerveer_0001.jpg,0,scored,0.16804325580596924,0.41554616391658783,0,1
5362,8,Marco_Irizarry/Marco_Irizarry_0001.jpg,Yang_Jianli/Yang_Jianli_0001.jpg,0,scored,-0.0874713659286499,0.41554616391658783,0,1
5363,8,Mariangel_Ruiz_Torrealba/Mariangel_Ruiz_Torrealba_0003.jpg,Pupi_Avati/Pupi_Avati_0001.jpg,0,scored,-0.19497428834438324,0.41554616391658783,0,1
5364,8,Marisa_Tomei/Marisa_Tomei_0002.jpg,Peter_Costello/Peter_Costello_0002.jpg,0,scored,0.20670855045318604,0.41554616391658783,0,1
5365,8,Mark_Polansky/Mark_Polansky_0001.jpg,Miranda_Gaddis/Miranda_Gaddis_0001.jpg,0,scored,0.1422829031944275,0.41554616391658783,0,1
5366,8,Mary_Landrieu/Mary_Landrieu_0003.jpg,Percy_Gibson/Percy_Gibson_0001.jpg,0,scored,-0.11768472194671631,0.41554616391658783,0,1
5367,8,Mathilda_Karel_Spak/Mathilda_Karel_Spak_0001.jpg,Mauricio_Macri/Mauricio_Macri_0001.jpg,0,scored,0.04890577122569084,0.41554616391658783,0,1
5368,8,Mathilda_Karel_Spak/Mathilda_Karel_Spak_0001.jpg,Tamara_Brooks/Tamara_Brooks_0002.jpg,0,scored,0.0016346480697393417,0.41554616391658783,0,1
5369,8,Matt_Welsh/Matt_Welsh_0001.jpg,Randy_Johnson/Randy_Johnson_0001.jpg,0,scored,0.17569172382354736,0.41554616391658783,0,1
5370,8,Mel_Brooks/Mel_Brooks_0002.jpg,Shoshana_Johnson/Shoshana_Johnson_0001.jpg,0,scored,-0.10552483052015305,0.41554616391658783,0,1
5371,8,Michael_Kirby/Michael_Kirby_0001.jpg,Ranil_Wickremasinghe/Ranil_Wickremasinghe_0002.jpg,0,scored,0.08120597898960114,0.41554616391658783,0,1
5372,8,Michael_Sheehan/Michael_Sheehan_0001.jpg,Robert_Hanssen/Robert_Hanssen_0001.jpg,0,scored,0.09032352268695831,0.41554616391658783,0,1
5373,8,Michel_Duclos/Michel_Duclos_0001.jpg,Quin_Snyder/Quin_Snyder_0001.jpg,0,scored,-0.028497502207756042,0.41554616391658783,0,1
5374,8,Michel_Duclos/Michel_Duclos_0001.jpg,Suh_Young-hoon/Suh_Young-hoon_0001.jpg,0,scored,0.13442429900169373,0.41554616391658783,0,1
5375,8,Mike_Gable/Mike_Gable_0001.jpg,Mohamed_Hammam/Mohamed_Hammam_0001.jpg,0,scored,-0.1944621503353119,0.41554616391658783,0,1
5376,8,Mikhail_Khodorkovsky/Mikhail_Khodorkovsky_0001.jpg,Rita_Moreno/Rita_Moreno_0002.jpg,0,scored,0.02400847338140011,0.41554616391658783,0,1
5377,8,Mireya_Moscoso/Mireya_Moscoso_0004.jpg,San_Lan/San_Lan_0001.jpg,0,scored,-0.19149664044380188,0.41554616391658783,0,1
5378,8,Mohamed_Hammam/Mohamed_Hammam_0001.jpg,Roger_Moore/Roger_Moore_0004.jpg,0,scored,-0.13236072659492493,0.41554616391658783,0,1
5379,8,Nabil_Shaath/Nabil_Shaath_0003.jpg,Silvie_Cabero/Silvie_Cabero_0001.jpg,0,scored,-0.0102057671174407,0.41554616391658783,0,1
5380,8,Naomi_Hayashi/Naomi_Hayashi_0001.jpg,Prakash_Hinduja/Prakash_Hinduja_0001.jpg,0,scored,0.15834975242614746,0.41554616391658783,0,1
5381,8,Natalya_Sazanovich/Natalya_Sazanovich_0001.jpg,Pupi_Avati/Pupi_Avati_0004.jpg,0,scored,-0.2278624325990677,0.41554616391658783,0,1
5382,8,Nikki_Teasley/Nikki_Teasley_0001.jpg,Ryan_Goodman/Ryan_Goodman_0001.jpg,0,scored,0.009548250585794449,0.41554616391658783,0,1
5383,8,Oleksandr_Moroz/Oleksandr_Moroz_0001.jpg,Robert_De_Niro/Robert_De_Niro_0001.jpg,0,scored,-0.02183530665934086,0.41554616391658783,0,1
5384,8,Oscar_DLeon/Oscar_DLeon_0001.jpg,Steven_Curtis_Chapman/Steven_Curtis_Chapman_0001.jpg,0,scored,0.0727759301662445,0.41554616391658783,0,1
5385,8,Paul_Byrd/Paul_Byrd_0001.jpg,Wolfgang_Schwarz/Wolfgang_Schwarz_0001.jpg,0,scored,-0.11603835225105286,0.41554616391658783,0,1
5386,8,Paul_Wollnough/Paul_Wollnough_0001.jpg,Philip_Cummings/Philip_Cummings_0001.jpg,0,scored,0.08033831417560577,0.41554616391658783,0,1
5387,8,Paul_Wollnough/Paul_Wollnough_0001.jpg,Yuvraj_Singh/Yuvraj_Singh_0001.jpg,0,scored,0.06503105163574219,0.41554616391658783,0,1
5388,8,Penelope_Taylor/Penelope_Taylor_0001.jpg,Wang_Fei/Wang_Fei_0001.jpg,0,scored,0.11781908571720123,0.41554616391658783,0,1
5389,8,Peter_Caruana/Peter_Caruana_0001.jpg,Philip_Cummings/Philip_Cummings_0001.jpg,0,scored,-0.0951426774263382,0.41554616391658783,0,1
5390,8,Phillip_Seymor_Hoffmann/Phillip_Seymor_Hoffmann_0001.jpg,Silvio_Fernandez/Silvio_Fernandez_0001.jpg,0,scored,0.0019843438640236855,0.41554616391658783,0,1
5391,8,Phillips_Idowu/Phillips_Idowu_0001.jpg,Prince_Naruhito/Prince_Naruhito_0002.jpg,0,scored,-0.19611328840255737,0.41554616391658783,0,1
5392,8,Princess_Masako/Princess_Masako_0002.jpg,Thomas_Wilkens/Thomas_Wilkens_0001.jpg,0,scored,-0.004596245475113392,0.41554616391658783,0,1
5393,8,Quin_Snyder/Quin_Snyder_0001.jpg,Vagit_Alekperov/Vagit_Alekperov_0001.jpg,0,scored,-0.046156879514455795,0.41554616391658783,0,1
5394,8,Ranil_Wickremasinghe/Ranil_Wickremasinghe_0003.jpg,Stacy_Nelson/Stacy_Nelson_0001.jpg,0,scored,0.035978157073259354,0.41554616391658783,0,1
5395,8,Reina_Hayes/Reina_Hayes_0001.jpg,Steffeny_Holtz/Steffeny_Holtz_0001.jpg,0,scored,0.018153518438339233,0.41554616391658783,0,1
5396,8,Rick_Pitino/Rick_Pitino_0003.jpg,Tony_Clement/Tony_Clement_0001.jpg,0,scored,-0.14797928929328918,0.41554616391658783,0,1
5397,8,Ricky_Martin/Ricky_Martin_0002.jpg,Roger_Etchegaray/Roger_Etchegaray_0001.jpg,0,scored,-0.17730310559272766,0.41554616391658783,0,1
5398,8,Robert_F_Kennedy_Jr/Robert_F_Kennedy_Jr_0001.jpg,Ron_Dittemore/Ron_Dittemore_0001.jpg,0,scored,0.11296424269676208,0.41554616391658783,0,1
5399,8,Sidney_Poitier/Sidney_Poitier_0001.jpg,Svend_Aage_Jensby/Svend_Aage_Jensby_0001.jpg,0,scored,-0.096498042345047,0.41554616391658783,0,1
5400,9,Abdel_Nasser_Assidi/Abdel_Nasser_Assidi_0001.jpg,Abdel_Nasser_Assidi/Abdel_Nasser_Assidi_0002.jpg,1,scored,0.9180705547332764,0.40350908041000366,1,1
5401,9,Ai_Sugiyama/Ai_Sugiyama_0001.jpg,Ai_Sugiyama/Ai_Sugiyama_0002.jpg,1,scored,0.8991713523864746,0.40350908041000366,1,1
5402,9,Ai_Sugiyama/Ai_Sugiyama_0001.jpg,Ai_Sugiyama/Ai_Sugiyama_0004.jpg,1,scored,0.8036351203918457,0.40350908041000366,1,1
5403,9,Ai_Sugiyama/Ai_Sugiyama_0004.jpg,Ai_Sugiyama/Ai_Sugiyama_0005.jpg,1,scored,0.694091796875,0.40350908041000366,1,1
5404,9,Aldo_Paredes/Aldo_Paredes_0001.jpg,Aldo_Paredes/Aldo_Paredes_0002.jpg,1,scored,0.6271150708198547,0.40350908041000366,1,1
5405,9,Alejandro_Avila/Alejandro_Avila_0001.jpg,Alejandro_Avila/Alejandro_Avila_0002.jpg,1,scored,0.5578098297119141,0.40350908041000366,1,1
5406,9,Alejandro_Avila/Alejandro_Avila_0001.jpg,Alejandro_Avila/Alejandro_Avila_0003.jpg,1,scored,0.7623422145843506,0.40350908041000366,1,1
5407,9,Alex_Sink/Alex_Sink_0002.jpg,Alex_Sink/Alex_Sink_0003.jpg,1,scored,0.8297911882400513,0.40350908041000366,1,1
5408,9,Allen_Iverson/Allen_Iverson_0001.jpg,Allen_Iverson/Allen_Iverson_0002.jpg,1,scored,0.8383869528770447,0.40350908041000366,1,1
5409,9,Amram_Mitzna/Amram_Mitzna_0001.jpg,Amram_Mitzna/Amram_Mitzna_0002.jpg,1,scored,0.9210778474807739,0.40350908041000366,1,1
5410,9,Andrew_Niccol/Andrew_Niccol_0001.jpg,Andrew_Niccol/Andrew_Niccol_0002.jpg,1,scored,0.8221060037612915,0.40350908041000366,1,1
5411,9,Andy_Hebb/Andy_Hebb_0001.jpg,Andy_Hebb/Andy_Hebb_0002.jpg,1,scored,0.8174281120300293,0.40350908041000366,1,1
5412,9,Anne_Krueger/Anne_Krueger_0001.jpg,Anne_Krueger/Anne_Krueger_0002.jpg,1,scored,0.8763582706451416,0.40350908041000366,1,1
5413,9,Anne_McLellan/Anne_McLellan_0001.jpg,Anne_McLellan/Anne_McLellan_0003.jpg,1,scored,0.8196721076965332,0.40350908041000366,1,1
5414,9,Anne_McLellan/Anne_McLellan_0002.jpg,Anne_McLellan/Anne_McLellan_0003.jpg,1,scored,0.8775145411491394,0.40350908041000366,1,1
5415,9,Annette_Bening/Annette_Bening_0001.jpg,Annette_Bening/Annette_Bening_0002.jpg,1,scored,0.7993103265762329,0.40350908041000366,1,1
5416,9,Anthony_Hopkins/Anthony_Hopkins_0001.jpg,Anthony_Hopkins/Anthony_Hopkins_0002.jpg,1,scored,0.8465223908424377,0.40350908041000366,1,1
5417,9,Ariel_Sharon/Ariel_Sharon_0016.jpg,Ariel_Sharon/Ariel_Sharon_0045.jpg,1,scored,0.8846439123153687,0.40350908041000366,1,1
5418,9,Arminio_Fraga/Arminio_Fraga_0001.jpg,Arminio_Fraga/Arminio_Fraga_0006.jpg,1,scored,0.8301351070404053,0.40350908041000366,1,1
5419,9,Arminio_Fraga/Arminio_Fraga_0002.jpg,Arminio_Fraga/Arminio_Fraga_0004.jpg,1,scored,0.8182215690612793,0.40350908041000366,1,1
5420,9,Arminio_Fraga/Arminio_Fraga_0003.jpg,Arminio_Fraga/Arminio_Fraga_0006.jpg,1,scored,0.8986426591873169,0.40350908041000366,1,1
5421,9,Arminio_Fraga/Arminio_Fraga_0004.jpg,Arminio_Fraga/Arminio_Fraga_0006.jpg,1,scored,0.9264316558837891,0.40350908041000366,1,1
5422,9,Art_Hoffmann/Art_Hoffmann_0001.jpg,Art_Hoffmann/Art_Hoffmann_0002.jpg,1,scored,0.9438228607177734,0.40350908041000366,1,1
5423,9,Ashanti/Ashanti_0001.jpg,Ashanti/Ashanti_0003.jpg,1,scored,0.5412363409996033,0.40350908041000366,1,1
5424,9,Ashanti/Ashanti_0001.jpg,Ashanti/Ashanti_0004.jpg,1,scored,0.8228449821472168,0.40350908041000366,1,1
5425,9,Ashanti/Ashanti_0002.jpg,Ashanti/Ashanti_0005.jpg,1,scored,0.7803264856338501,0.40350908041000366,1,1
5426,9,Ashanti/Ashanti_0003.jpg,Ashanti/Ashanti_0005.jpg,1,scored,0.5888431072235107,0.40350908041000366,1,1
5427,9,Ashanti/Ashanti_0004.jpg,Ashanti/Ashanti_0005.jpg,1,scored,0.8250936269760132,0.40350908041000366,1,1
5428,9,Augustin_Calleri/Augustin_Calleri_0001.jpg,Augustin_Calleri/Augustin_Calleri_0002.jpg,1,scored,0.539954423904419,0.40350908041000366,1,1
5429,9,Augustin_Calleri/Augustin_Calleri_0002.jpg,Augustin_Calleri/Augustin_Calleri_0004.jpg,1,scored,0.523508608341217,0.40350908041000366,1,1
5430,9,Augustin_Calleri/Augustin_Calleri_0003.jpg,Augustin_Calleri/Augustin_Calleri_0004.jpg,1,scored,0.7039869427680969,0.40350908041000366,1,1
5431,9,Bertie_Ahern/Bertie_Ahern_0001.jpg,Bertie_Ahern/Bertie_Ahern_0002.jpg,1,scored,0.7109373807907104,0.40350908041000366,1,1
5432,9,Bertie_Ahern/Bertie_Ahern_0001.jpg,Bertie_Ahern/Bertie_Ahern_0004.jpg,1,scored,0.7088884115219116,0.40350908041000366,1,1
5433,9,Bertie_Ahern/Bertie_Ahern_0001.jpg,Bertie_Ahern/Bertie_Ahern_0005.jpg,1,scored,0.7963789701461792,0.40350908041000366,1,1
5434,9,Bertie_Ahern/Bertie_Ahern_0002.jpg,Bertie_Ahern/Bertie_Ahern_0003.jpg,1,scored,0.8151299953460693,0.40350908041000366,1,1
5435,9,Bertie_Ahern/Bertie_Ahern_0003.jpg,Bertie_Ahern/Bertie_Ahern_0005.jpg,1,scored,0.8253269195556641,0.40350908041000366,1,1
5436,9,Bill_Clinton/Bill_Clinton_0002.jpg,Bill_Clinton/Bill_Clinton_0004.jpg,1,scored,0.886155903339386,0.40350908041000366,1,1
5437,9,Bill_Clinton/Bill_Clinton_0006.jpg,Bill_Clinton/Bill_Clinton_0008.jpg,1,scored,0.7282307147979736,0.40350908041000366,1,1
5438,9,Bill_Clinton/Bill_Clinton_0006.jpg,Bill_Clinton/Bill_Clinton_0010.jpg,1,scored,0.8668252229690552,0.40350908041000366,1,1
5439,9,Bill_Clinton/Bill_Clinton_0008.jpg,Bill_Clinton/Bill_Clinton_0010.jpg,1,scored,0.6910964250564575,0.40350908041000366,1,1
5440,9,Bill_Clinton/Bill_Clinton_0009.jpg,Bill_Clinton/Bill_Clinton_0012.jpg,1,scored,0.6885058879852295,0.40350908041000366,1,1
5441,9,Bill_Clinton/Bill_Clinton_0010.jpg,Bill_Clinton/Bill_Clinton_0029.jpg,1,scored,0.7713671326637268,0.40350908041000366,1,1
5442,9,Bill_Clinton/Bill_Clinton_0018.jpg,Bill_Clinton/Bill_Clinton_0028.jpg,1,scored,0.619137704372406,0.40350908041000366,1,1
5443,9,Bill_McBride/Bill_McBride_0004.jpg,Bill_McBride/Bill_McBride_0007.jpg,1,scored,0.6579623222351074,0.40350908041000366,1,1
5444,9,Bill_McBride/Bill_McBride_0004.jpg,Bill_McBride/Bill_McBride_0010.jpg,1,scored,0.8257911205291748,0.40350908041000366,1,1
5445,9,Bill_Parcells/Bill_Parcells_0001.jpg,Bill_Parcells/Bill_Parcells_0002.jpg,1,scored,0.7526514530181885,0.40350908041000366,1,1
5446,9,Binyamin_Ben-Eliezer/Binyamin_Ben-Eliezer_0003.jpg,Binyamin_Ben-Eliezer/Binyamin_Ben-Eliezer_0005.jpg,1,scored,0.9279326796531677,0.40350908041000366,1,1
5447,9,Binyamin_Ben-Eliezer/Binyamin_Ben-Eliezer_0005.jpg,Binyamin_Ben-Eliezer/Binyamin_Ben-Eliezer_0006.jpg,1,scored,0.9144901633262634,0.40350908041000366,1,1
5448,9,Binyamin_Ben-Eliezer/Binyamin_Ben-Eliezer_0006.jpg,Binyamin_Ben-Eliezer/Binyamin_Ben-Eliezer_0007.jpg,1,scored,0.7742869257926941,0.40350908041000366,1,1
5449,9,Brendan_Hansen/Brendan_Hansen_0001.jpg,Brendan_Hansen/Brendan_Hansen_0002.jpg,1,scored,0.754244863986969,0.40350908041000366,1,1
5450,9,Brian_Wells/Brian_Wells_0001.jpg,Brian_Wells/Brian_Wells_0002.jpg,1,scored,0.6400747299194336,0.40350908041000366,1,1
5451,9,Carlos_Quintanilla_Schmidt/Carlos_Quintanilla_Schmidt_0001.jpg,Carlos_Quintanilla_Schmidt/Carlos_Quintanilla_Schmidt_0002.jpg,1,scored,0.8864333629608154,0.40350908041000366,1,1
5452,9,Carolina_Moraes/Carolina_Moraes_0001.jpg,Carolina_Moraes/Carolina_Moraes_0002.jpg,1,scored,0.7091710567474365,0.40350908041000366,1,1
5453,9,Cecilia_Bolocco/Cecilia_Bolocco_0001.jpg,Cecilia_Bolocco/Cecilia_Bolocco_0002.jpg,1,scored,0.6225837469100952,0.40350908041000366,1,1
5454,9,Cecilia_Bolocco/Cecilia_Bolocco_0001.jpg,Cecilia_Bolocco/Cecilia_Bolocco_0003.jpg,1,scored,0.41833341121673584,0.40350908041000366,1,1
5455,9,Cecilia_Bolocco/Cecilia_Bolocco_0002.jpg,Cecilia_Bolocco/Cecilia_Bolocco_0003.jpg,1,scored,0.6291936635971069,0.40350908041000366,1,1
5456,9,Cesar_Gaviria/Cesar_Gaviria_0002.jpg,Cesar_Gaviria/Cesar_Gaviria_0004.jpg,1,scored,0.856748640537262,0.40350908041000366,1,1
5457,9,Cesar_Gaviria/Cesar_Gaviria_0002.jpg,Cesar_Gaviria/Cesar_Gaviria_0005.jpg,1,scored,0.8176246881484985,0.40350908041000366,1,1
5458,9,Cesar_Gaviria/Cesar_Gaviria_0003.jpg,Cesar_Gaviria/Cesar_Gaviria_0006.jpg,1,scored,0.8315479755401611,0.40350908041000366,1,1
5459,9,Cesar_Gaviria/Cesar_Gaviria_0003.jpg,Cesar_Gaviria/Cesar_Gaviria_0007.jpg,1,scored,0.84574294090271,0.40350908041000366,1,1
5460,9,Cesar_Gaviria/Cesar_Gaviria_0004.jpg,Cesar_Gaviria/Cesar_Gaviria_0006.jpg,1,scored,0.7920732498168945,0.40350908041000366,1,1
5461,9,Charlie_Zaa/Charlie_Zaa_0001.jpg,Charlie_Zaa/Charlie_Zaa_0002.jpg,1,scored,0.7625234127044678,0.40350908041000366,1,1
5462,9,Chita_Rivera/Chita_Rivera_0001.jpg,Chita_Rivera/Chita_Rivera_0002.jpg,1,scored,0.8926194906234741,0.40350908041000366,1,1
5463,9,Christian_Longo/Christian_Longo_0001.jpg,Christian_Longo/Christian_Longo_0002.jpg,1,scored,0.7794548273086548,0.40350908041000366,1,1
5464,9,Christian_Longo/Christian_Longo_0001.jpg,Christian_Longo/Christian_Longo_0003.jpg,1,scored,0.8307638168334961,0.40350908041000366,1,1
5465,9,Christian_Wulff/Christian_Wulff_0001.jpg,Christian_Wulff/Christian_Wulff_0002.jpg,1,scored,0.7664929628372192,0.40350908041000366,1,1
5466,9,Colin_Jackson/Colin_Jackson_0001.jpg,Colin_Jackson/Colin_Jackson_0002.jpg,1,scored,0.8929954767227173,0.40350908041000366,1,1
5467,9,Darrell_Issa/Darrell_Issa_0001.jpg,Darrell_Issa/Darrell_Issa_0002.jpg,1,scored,0.682514488697052,0.40350908041000366,1,1
5468,9,Darrell_Porter/Darrell_Porter_0001.jpg,Darrell_Porter/Darrell_Porter_0002.jpg,1,scored,0.5386158227920532,0.40350908041000366,1,1
5469,9,Dave_Campo/Dave_Campo_0001.jpg,Dave_Campo/Dave_Campo_0003.jpg,1,scored,0.6665936708450317,0.40350908041000366,1,1
5470,9,David_Dodge/David_Dodge_0001.jpg,David_Dodge/David_Dodge_0002.jpg,1,scored,0.7371240854263306,0.40350908041000366,1,1
5471,9,David_Heyman/David_Heyman_0001.jpg,David_Heyman/David_Heyman_0002.jpg,1,scored,0.9182240962982178,0.40350908041000366,1,1
5472,9,David_Spade/David_Spade_0001.jpg,David_Spade/David_Spade_0002.jpg,1,scored,0.5007138252258301,0.40350908041000366,1,1
5473,9,David_Wells/David_Wells_0001.jpg,David_Wells/David_Wells_0005.jpg,1,scored,0.6945449113845825,0.40350908041000366,1,1
5474,9,David_Wells/David_Wells_0001.jpg,David_Wells/David_Wells_0006.jpg,1,scored,0.623244047164917,0.40350908041000366,1,1
5475,9,David_Wells/David_Wells_0001.jpg,David_Wells/David_Wells_0007.jpg,1,scored,0.7612431049346924,0.40350908041000366,1,1
5476,9,David_Wells/David_Wells_0002.jpg,David_Wells/David_Wells_0006.jpg,1,scored,0.7636361122131348,0.40350908041000366,1,1
5477,9,David_Wells/David_Wells_0005.jpg,David_Wells/David_Wells_0006.jpg,1,scored,0.6118181943893433,0.40350908041000366,1,1
5478,9,Debbie_Reynolds/Debbie_Reynolds_0001.jpg,Debbie_Reynolds/Debbie_Reynolds_0003.jpg,1,scored,0.8913228511810303,0.40350908041000366,1,1
5479,9,Debbie_Reynolds/Debbie_Reynolds_0002.jpg,Debbie_Reynolds/Debbie_Reynolds_0004.jpg,1,scored,0.8894689083099365,0.40350908041000366,1,1
5480,9,Dexter_Jackson/Dexter_Jackson_0001.jpg,Dexter_Jackson/Dexter_Jackson_0002.jpg,1,scored,0.8299151659011841,0.40350908041000366,1,1
5481,9,Diana_Taurasi/Diana_Taurasi_0001.jpg,Diana_Taurasi/Diana_Taurasi_0002.jpg,1,scored,0.7811437845230103,0.40350908041000366,1,1
5482,9,Donald_Evans/Donald_Evans_0001.jpg,Donald_Evans/Donald_Evans_0002.jpg,1,scored,0.883354663848877,0.40350908041000366,1,1
5483,9,Duane_Lee_Chapman/Duane_Lee_Chapman_0001.jpg,Duane_Lee_Chapman/Duane_Lee_Chapman_0002.jpg,1,scored,0.6109788417816162,0.40350908041000366,1,1
5484,9,Ed_Smart/Ed_Smart_0001.jpg,Ed_Smart/Ed_Smart_0003.jpg,1,scored,0.7601958513259888,0.40350908041000366,1,1
5485,9,Eileen_Coparropa/Eileen_Coparropa_0001.jpg,Eileen_Coparropa/Eileen_Coparropa_0002.jpg,1,scored,0.9521400928497314,0.40350908041000366,1,1
5486,9,Eileen_Coparropa/Eileen_Coparropa_0001.jpg,Eileen_Coparropa/Eileen_Coparropa_0003.jpg,1,scored,0.7856582403182983,0.40350908041000366,1,1
5487,9,Eileen_Coparropa/Eileen_Coparropa_0002.jpg,Eileen_Coparropa/Eileen_Coparropa_0003.jpg,1,scored,0.7163612842559814,0.40350908041000366,1,1
5488,9,Elizabeth_Dole/Elizabeth_Dole_0001.jpg,Elizabeth_Dole/Elizabeth_Dole_0003.jpg,1,scored,0.8231252431869507,0.40350908041000366,1,1
5489,9,Elizabeth_Dole/Elizabeth_Dole_0002.jpg,Elizabeth_Dole/Elizabeth_Dole_0004.jpg,1,scored,0.8038984537124634,0.40350908041000366,1,1
5490,9,Fred_Funk/Fred_Funk_0001.jpg,Fred_Funk/Fred_Funk_0002.jpg,1,scored,0.7885258793830872,0.40350908041000366,1,1
5491,9,Gabriel_Valdes/Gabriel_Valdes_0001.jpg,Gabriel_Valdes/Gabriel_Valdes_0002.jpg,1,scored,0.6823185682296753,0.40350908041000366,1,1
5492,9,Gary_Winnick/Gary_Winnick_0001.jpg,Gary_Winnick/Gary_Winnick_0002.jpg,1,scored,0.7511541247367859,0.40350908041000366,1,1
5493,9,Geno_Auriemma/Geno_Auriemma_0001.jpg,Geno_Auriemma/Geno_Auriemma_0002.jpg,1,scored,0.7410141229629517,0.40350908041000366,1,1
5494,9,George_Karl/George_Karl_0001.jpg,George_Karl/George_Karl_0002.jpg,1,scored,0.7657527923583984,0.40350908041000366,1,1
5495,9,George_Robertson/George_Robertson_0002.jpg,George_Robertson/George_Robertson_0003.jpg,1,scored,0.9163228273391724,0.40350908041000366,1,1
5496,9,George_Robertson/George_Robertson_0003.jpg,George_Robertson/George_Robertson_0019.jpg,1,scored,0.8660496473312378,0.40350908041000366,1,1
5497,9,George_Robertson/George_Robertson_0007.jpg,George_Robertson/George_Robertson_0019.jpg,1,scored,0.750609278678894,0.40350908041000366,1,1
5498,9,George_Robertson/George_Robertson_0011.jpg,George_Robertson/George_Robertson_0012.jpg,1,scored,0.7636139988899231,0.40350908041000366,1,1
5499,9,George_Ryan/George_Ryan_0001.jpg,George_Ryan/George_Ryan_0004.jpg,1,scored,0.7776278853416443,0.40350908041000366,1,1
5500,9,George_Ryan/George_Ryan_0002.jpg,George_Ryan/George_Ryan_0003.jpg,1,scored,0.9050583839416504,0.40350908041000366,1,1
5501,9,George_W_Bush/George_W_Bush_0007.jpg,George_W_Bush/George_W_Bush_0065.jpg,1,scored,0.7435754537582397,0.40350908041000366,1,1
5502,9,George_W_Bush/George_W_Bush_0016.jpg,George_W_Bush/George_W_Bush_0482.jpg,1,scored,0.7568005323410034,0.40350908041000366,1,1
5503,9,George_W_Bush/George_W_Bush_0145.jpg,George_W_Bush/George_W_Bush_0150.jpg,1,scored,0.6585052013397217,0.40350908041000366,1,1
5504,9,George_W_Bush/George_W_Bush_0145.jpg,George_W_Bush/George_W_Bush_0238.jpg,1,scored,0.7548505067825317,0.40350908041000366,1,1
5505,9,George_W_Bush/George_W_Bush_0203.jpg,George_W_Bush/George_W_Bush_0247.jpg,1,scored,0.7519466280937195,0.40350908041000366,1,1
5506,9,Gloria_Trevi/Gloria_Trevi_0001.jpg,Gloria_Trevi/Gloria_Trevi_0002.jpg,1,scored,0.7461168766021729,0.40350908041000366,1,1
5507,9,Gloria_Trevi/Gloria_Trevi_0002.jpg,Gloria_Trevi/Gloria_Trevi_0003.jpg,1,scored,0.7314741611480713,0.40350908041000366,1,1
5508,9,Gloria_Trevi/Gloria_Trevi_0002.jpg,Gloria_Trevi/Gloria_Trevi_0004.jpg,1,scored,0.7715335488319397,0.40350908041000366,1,1
5509,9,Gordon_Campbell/Gordon_Campbell_0001.jpg,Gordon_Campbell/Gordon_Campbell_0002.jpg,1,scored,0.7699346542358398,0.40350908041000366,1,1
5510,9,Greg_Rusedski/Greg_Rusedski_0001.jpg,Greg_Rusedski/Greg_Rusedski_0002.jpg,1,scored,0.8077424764633179,0.40350908041000366,1,1
5511,9,Greg_Rusedski/Greg_Rusedski_0002.jpg,Greg_Rusedski/Greg_Rusedski_0003.jpg,1,scored,0.8020241260528564,0.40350908041000366,1,1
5512,9,Greg_Rusedski/Greg_Rusedski_0002.jpg,Greg_Rusedski/Greg_Rusedski_0004.jpg,1,scored,0.8216122388839722,0.40350908041000366,1,1
5513,9,Greg_Rusedski/Greg_Rusedski_0003.jpg,Greg_Rusedski/Greg_Rusedski_0004.jpg,1,scored,0.8976578712463379,0.40350908041000366,1,1
5514,9,Gustavo_Kuerten/Gustavo_Kuerten_0001.jpg,Gustavo_Kuerten/Gustavo_Kuerten_0002.jpg,1,scored,0.8805533051490784,0.40350908041000366,1,1
5515,9,Gustavo_Kuerten/Gustavo_Kuerten_0002.jpg,Gustavo_Kuerten/Gustavo_Kuerten_0003.jpg,1,scored,0.6784200072288513,0.40350908041000366,1,1
5516,9,Guy_Hemmings/Guy_Hemmings_0001.jpg,Guy_Hemmings/Guy_Hemmings_0002.jpg,1,scored,0.5307610034942627,0.40350908041000366,1,1
5517,9,Halle_Berry/Halle_Berry_0006.jpg,Halle_Berry/Halle_Berry_0007.jpg,1,scored,0.9017101526260376,0.40350908041000366,1,1
5518,9,Halle_Berry/Halle_Berry_0006.jpg,Halle_Berry/Halle_Berry_0009.jpg,1,scored,0.8378769755363464,0.40350908041000366,1,1
5519,9,Halle_Berry/Halle_Berry_0007.jpg,Halle_Berry/Halle_Berry_0009.jpg,1,scored,0.8260220289230347,0.40350908041000366,1,1
5520,9,Heather_Mills/Heather_Mills_0002.jpg,Heather_Mills/Heather_Mills_0003.jpg,1,scored,0.747576117515564,0.40350908041000366,1,1
5521,9,Heather_Mills/Heather_Mills_0002.jpg,Heather_Mills/Heather_Mills_0004.jpg,1,scored,0.7784104347229004,0.40350908041000366,1,1
5522,9,Heidi_Fleiss/Heidi_Fleiss_0001.jpg,Heidi_Fleiss/Heidi_Fleiss_0002.jpg,1,scored,0.5397078990936279,0.40350908041000366,1,1
5523,9,Heidi_Fleiss/Heidi_Fleiss_0001.jpg,Heidi_Fleiss/Heidi_Fleiss_0003.jpg,1,scored,0.5400381684303284,0.40350908041000366,1,1
5524,9,Henrique_Meirelles/Henrique_Meirelles_0001.jpg,Henrique_Meirelles/Henrique_Meirelles_0002.jpg,1,scored,0.7481064796447754,0.40350908041000366,1,1
5525,9,Iva_Majoli/Iva_Majoli_0001.jpg,Iva_Majoli/Iva_Majoli_0002.jpg,1,scored,0.7430731058120728,0.40350908041000366,1,1
5526,9,Jake_Gyllenhaal/Jake_Gyllenhaal_0003.jpg,Jake_Gyllenhaal/Jake_Gyllenhaal_0005.jpg,1,scored,0.8823506236076355,0.40350908041000366,1,1
5527,9,Jake_Gyllenhaal/Jake_Gyllenhaal_0004.jpg,Jake_Gyllenhaal/Jake_Gyllenhaal_0005.jpg,1,scored,0.8204060792922974,0.40350908041000366,1,1
5528,9,James_Cunningham/James_Cunningham_0001.jpg,James_Cunningham/James_Cunningham_0002.jpg,1,scored,0.8003666400909424,0.40350908041000366,1,1
5529,9,James_Cunningham/James_Cunningham_0001.jpg,James_Cunningham/James_Cunningham_0003.jpg,1,scored,0.705816388130188,0.40350908041000366,1,1
5530,9,James_Cunningham/James_Cunningham_0002.jpg,James_Cunningham/James_Cunningham_0003.jpg,1,scored,0.6214799880981445,0.40350908041000366,1,1
5531,9,James_Parker/James_Parker_0001.jpg,James_Parker/James_Parker_0002.jpg,1,scored,0.7905888557434082,0.40350908041000366,1,1
5532,9,James_Wolfensohn/James_Wolfensohn_0002.jpg,James_Wolfensohn/James_Wolfensohn_0005.jpg,1,scored,0.874680757522583,0.40350908041000366,1,1
5533,9,Jason_Lezak/Jason_Lezak_0001.jpg,Jason_Lezak/Jason_Lezak_0002.jpg,1,scored,0.9044718742370605,0.40350908041000366,1,1
5534,9,Jay_Rasulo/Jay_Rasulo_0001.jpg,Jay_Rasulo/Jay_Rasulo_0002.jpg,1,scored,0.7257135510444641,0.40350908041000366,1,1
5535,9,Jean-Claude_Juncker/Jean-Claude_Juncker_0001.jpg,Jean-Claude_Juncker/Jean-Claude_Juncker_0002.jpg,1,scored,0.7939038276672363,0.40350908041000366,1,1
5536,9,Jennifer_Lopez/Jennifer_Lopez_0001.jpg,Jennifer_Lopez/Jennifer_Lopez_0003.jpg,1,scored,0.759020984172821,0.40350908041000366,1,1
5537,9,Jennifer_Lopez/Jennifer_Lopez_0002.jpg,Jennifer_Lopez/Jennifer_Lopez_0016.jpg,1,scored,0.5399612784385681,0.40350908041000366,1,1
5538,9,Jennifer_Lopez/Jennifer_Lopez_0003.jpg,Jennifer_Lopez/Jennifer_Lopez_0010.jpg,1,scored,0.7406354546546936,0.40350908041000366,1,1
5539,9,Jennifer_Lopez/Jennifer_Lopez_0003.jpg,Jennifer_Lopez/Jennifer_Lopez_0014.jpg,1,scored,0.7524822950363159,0.40350908041000366,1,1
5540,9,Jesse_Jackson/Jesse_Jackson_0001.jpg,Jesse_Jackson/Jesse_Jackson_0003.jpg,1,scored,0.8703446388244629,0.40350908041000366,1,1
5541,9,Jesse_Jackson/Jesse_Jackson_0005.jpg,Jesse_Jackson/Jesse_Jackson_0008.jpg,1,scored,0.8374781012535095,0.40350908041000366,1,1
5542,9,Jesse_Jackson/Jesse_Jackson_0007.jpg,Jesse_Jackson/Jesse_Jackson_0008.jpg,1,scored,0.8923637866973877,0.40350908041000366,1,1
5543,9,Jesse_James_Leija/Jesse_James_Leija_0001.jpg,Jesse_James_Leija/Jesse_James_Leija_0002.jpg,1,scored,0.8068735003471375,0.40350908041000366,1,1
5544,9,Jesse_Ventura/Jesse_Ventura_0002.jpg,Jesse_Ventura/Jesse_Ventura_0003.jpg,1,scored,0.6891440153121948,0.40350908041000366,1,1
5545,9,Jia_Qinglin/Jia_Qinglin_0001.jpg,Jia_Qinglin/Jia_Qinglin_0002.jpg,1,scored,0.9018945693969727,0.40350908041000366,1,1
5546,9,Jim_Tressel/Jim_Tressel_0001.jpg,Jim_Tressel/Jim_Tressel_0002.jpg,1,scored,0.6524760723114014,0.40350908041000366,1,1
5547,9,Jim_Tressel/Jim_Tressel_0001.jpg,Jim_Tressel/Jim_Tressel_0004.jpg,1,scored,0.6088510751724243,0.40350908041000366,1,1
5548,9,Jim_Tressel/Jim_Tressel_0002.jpg,Jim_Tressel/Jim_Tressel_0004.jpg,1,scored,0.6605467796325684,0.40350908041000366,1,1
5549,9,Joan_Laporta/Joan_Laporta_0001.jpg,Joan_Laporta/Joan_Laporta_0006.jpg,1,scored,0.7111617922782898,0.40350908041000366,1,1
5550,9,Joan_Laporta/Joan_Laporta_0006.jpg,Joan_Laporta/Joan_Laporta_0007.jpg,1,scored,0.899752140045166,0.40350908041000366,1,1
5551,9,Joan_Laporta/Joan_Laporta_0006.jpg,Joan_Laporta/Joan_Laporta_0008.jpg,1,scored,0.7496143579483032,0.40350908041000366,1,1
5552,9,Joe_Dumars/Joe_Dumars_0001.jpg,Joe_Dumars/Joe_Dumars_0002.jpg,1,scored,0.8061541318893433,0.40350908041000366,1,1
5553,9,John_Ashcroft/John_Ashcroft_0003.jpg,John_Ashcroft/John_Ashcroft_0005.jpg,1,scored,0.9050688743591309,0.40350908041000366,1,1
5554,9,John_Ashcroft/John_Ashcroft_0013.jpg,John_Ashcroft/John_Ashcroft_0034.jpg,1,scored,0.7936463952064514,0.40350908041000366,1,1
5555,9,John_Ashcroft/John_Ashcroft_0042.jpg,John_Ashcroft/John_Ashcroft_0043.jpg,1,scored,0.5921817421913147,0.40350908041000366,1,1
5556,9,John_Bolton/John_Bolton_0006.jpg,John_Bolton/John_Bolton_0007.jpg,1,scored,0.9217303395271301,0.40350908041000366,1,1
5557,9,John_Bolton/John_Bolton_0011.jpg,John_Bolton/John_Bolton_0016.jpg,1,scored,0.8429737091064453,0.40350908041000366,1,1
5558,9,John_Swofford/John_Swofford_0001.jpg,John_Swofford/John_Swofford_0002.jpg,1,scored,0.8042833805084229,0.40350908041000366,1,1
5559,9,John_Swofford/John_Swofford_0001.jpg,John_Swofford/John_Swofford_0003.jpg,1,scored,0.8831427693367004,0.40350908041000366,1,1
5560,9,John_Timoney/John_Timoney_0001.jpg,John_Timoney/John_Timoney_0002.jpg,1,scored,0.9297709465026855,0.40350908041000366,1,1
5561,9,Jon_Gruden/Jon_Gruden_0001.jpg,Jon_Gruden/Jon_Gruden_0002.jpg,1,scored,0.6691025495529175,0.40350908041000366,1,1
5562,9,Jon_Gruden/Jon_Gruden_0002.jpg,Jon_Gruden/Jon_Gruden_0005.jpg,1,scored,0.8018112182617188,0.40350908041000366,1,1
5563,9,Jon_Gruden/Jon_Gruden_0003.jpg,Jon_Gruden/Jon_Gruden_0006.jpg,1,scored,0.7274192571640015,0.40350908041000366,1,1
5564,9,Jon_Gruden/Jon_Gruden_0003.jpg,Jon_Gruden/Jon_Gruden_0007.jpg,1,scored,0.5971931219100952,0.40350908041000366,1,1
5565,9,Julie_Taymor/Julie_Taymor_0001.jpg,Julie_Taymor/Julie_Taymor_0002.jpg,1,scored,0.8585509061813354,0.40350908041000366,1,1
5566,9,Kamal_Kharrazi/Kamal_Kharrazi_0001.jpg,Kamal_Kharrazi/Kamal_Kharrazi_0005.jpg,1,scored,0.887332558631897,0.40350908041000366,1,1
5567,9,Kamal_Kharrazi/Kamal_Kharrazi_0002.jpg,Kamal_Kharrazi/Kamal_Kharrazi_0003.jpg,1,scored,0.8896495699882507,0.40350908041000366,1,1
5568,9,Kamal_Kharrazi/Kamal_Kharrazi_0002.jpg,Kamal_Kharrazi/Kamal_Kharrazi_0006.jpg,1,scored,0.8120331764221191,0.40350908041000366,1,1
5569,9,Karin_Stoiber/Karin_Stoiber_0001.jpg,Karin_Stoiber/Karin_Stoiber_0002.jpg,1,scored,0.7601146101951599,0.40350908041000366,1,1
5570,9,Kim_Yong-il/Kim_Yong-il_0001.jpg,Kim_Yong-il/Kim_Yong-il_0002.jpg,1,scored,0.8637889623641968,0.40350908041000366,1,1
5571,9,Kim_Yong-il/Kim_Yong-il_0001.jpg,Kim_Yong-il/Kim_Yong-il_0003.jpg,1,scored,0.8348255157470703,0.40350908041000366,1,1
5572,9,Kimi_Raikkonen/Kimi_Raikkonen_0001.jpg,Kimi_Raikkonen/Kimi_Raikkonen_0003.jpg,1,scored,0.6795899868011475,0.40350908041000366,1,1
5573,9,Kimi_Raikkonen/Kimi_Raikkonen_0002.jpg,Kimi_Raikkonen/Kimi_Raikkonen_0003.jpg,1,scored,0.5588446855545044,0.40350908041000366,1,1
5574,9,Kjell_Magne_Bondevik/Kjell_Magne_Bondevik_0001.jpg,Kjell_Magne_Bondevik/Kjell_Magne_Bondevik_0003.jpg,1,scored,0.7041018009185791,0.40350908041000366,1,1
5575,9,Kobe_Bryant/Kobe_Bryant_0001.jpg,Kobe_Bryant/Kobe_Bryant_0002.jpg,1,scored,0.5383728742599487,0.40350908041000366,1,1
5576,9,Kurt_Warner/Kurt_Warner_0001.jpg,Kurt_Warner/Kurt_Warner_0002.jpg,1,scored,0.7296831607818604,0.40350908041000366,1,1
5577,9,Kurt_Warner/Kurt_Warner_0001.jpg,Kurt_Warner/Kurt_Warner_0004.jpg,1,scored,0.8148207068443298,0.40350908041000366,1,1
5578,9,Kurt_Warner/Kurt_Warner_0002.jpg,Kurt_Warner/Kurt_Warner_0004.jpg,1,scored,0.8447033762931824,0.40350908041000366,1,1
5579,9,Kurt_Warner/Kurt_Warner_0003.jpg,Kurt_Warner/Kurt_Warner_0005.jpg,1,scored,0.5233253240585327,0.40350908041000366,1,1
5580,9,Kwon_Yang-sook/Kwon_Yang-sook_0001.jpg,Kwon_Yang-sook/Kwon_Yang-sook_0003.jpg,1,scored,0.8309651017189026,0.40350908041000366,1,1
5581,9,Kwon_Yang-sook/Kwon_Yang-sook_0002.jpg,Kwon_Yang-sook/Kwon_Yang-sook_0003.jpg,1,scored,0.8999134302139282,0.40350908041000366,1,1
5582,9,Lee_Jun/Lee_Jun_0001.jpg,Lee_Jun/Lee_Jun_0002.jpg,1,scored,0.8098095059394836,0.40350908041000366,1,1
5583,9,Leonid_Kuchma/Leonid_Kuchma_0001.jpg,Leonid_Kuchma/Leonid_Kuchma_0002.jpg,1,scored,0.8532980680465698,0.40350908041000366,1,1
5584,9,Leonid_Kuchma/Leonid_Kuchma_0001.jpg,Leonid_Kuchma/Leonid_Kuchma_0003.jpg,1,scored,0.8578312397003174,0.40350908041000366,1,1
5585,9,Leonid_Kuchma/Leonid_Kuchma_0002.jpg,Leonid_Kuchma/Leonid_Kuchma_0003.jpg,1,scored,0.8920301198959351,0.40350908041000366,1,1
5586,9,Leonid_Kuchma/Leonid_Kuchma_0002.jpg,Leonid_Kuchma/Leonid_Kuchma_0005.jpg,1,scored,0.7784972786903381,0.40350908041000366,1,1
5587,9,Leonid_Kuchma/Leonid_Kuchma_0004.jpg,Leonid_Kuchma/Leonid_Kuchma_0005.jpg,1,scored,0.7138077020645142,0.40350908041000366,1,1
5588,9,Lina_Krasnoroutskaya/Lina_Krasnoroutskaya_0001.jpg,Lina_Krasnoroutskaya/Lina_Krasnoroutskaya_0002.jpg,1,scored,0.7251518964767456,0.40350908041000366,1,1
5589,9,Lisa_Raymond/Lisa_Raymond_0001.jpg,Lisa_Raymond/Lisa_Raymond_0002.jpg,1,scored,0.8140726685523987,0.40350908041000366,1,1
5590,9,Lord_Hutton/Lord_Hutton_0001.jpg,Lord_Hutton/Lord_Hutton_0002.jpg,1,scored,0.8505717515945435,0.40350908041000366,1,1
5591,9,Luiz_Felipe_Scolari/Luiz_Felipe_Scolari_0001.jpg,Luiz_Felipe_Scolari/Luiz_Felipe_Scolari_0002.jpg,1,scored,0.8302842378616333,0.40350908041000366,1,1
5592,9,Lynn_Redgrave/Lynn_Redgrave_0002.jpg,Lynn_Redgrave/Lynn_Redgrave_0003.jpg,1,scored,0.8771696090698242,0.40350908041000366,1,1
5593,9,Magdalena_Maleeva/Magdalena_Maleeva_0001.jpg,Magdalena_Maleeva/Magdalena_Maleeva_0002.jpg,1,scored,0.8040212392807007,0.40350908041000366,1,1
5594,9,Magdalena_Maleeva/Magdalena_Maleeva_0001.jpg,Magdalena_Maleeva/Magdalena_Maleeva_0003.jpg,1,scored,0.7561014294624329,0.40350908041000366,1,1
5595,9,Magdalena_Maleeva/Magdalena_Maleeva_0002.jpg,Magdalena_Maleeva/Magdalena_Maleeva_0003.jpg,1,scored,0.8364547491073608,0.40350908041000366,1,1
5596,9,Marcelo_Ebrard/Marcelo_Ebrard_0001.jpg,Marcelo_Ebrard/Marcelo_Ebrard_0002.jpg,1,scored,0.819526195526123,0.40350908041000366,1,1
5597,9,Marcelo_Ebrard/Marcelo_Ebrard_0001.jpg,Marcelo_Ebrard/Marcelo_Ebrard_0003.jpg,1,scored,0.7757726311683655,0.40350908041000366,1,1
5598,9,Marcelo_Rios/Marcelo_Rios_0001.jpg,Marcelo_Rios/Marcelo_Rios_0003.jpg,1,scored,0.799109160900116,0.40350908041000366,1,1
5599,9,Marcelo_Rios/Marcelo_Rios_0001.jpg,Marcelo_Rios/Marcelo_Rios_0004.jpg,1,scored,0.7715392112731934,0.40350908041000366,1,1
5600,9,Marcelo_Rios/Marcelo_Rios_0002.jpg,Marcelo_Rios/Marcelo_Rios_0003.jpg,1,scored,0.7703638672828674,0.40350908041000366,1,1
5601,9,Marcelo_Rios/Marcelo_Rios_0003.jpg,Marcelo_Rios/Marcelo_Rios_0004.jpg,1,scored,0.6913551092147827,0.40350908041000366,1,1
5602,9,Marcelo_Rios/Marcelo_Rios_0003.jpg,Marcelo_Rios/Marcelo_Rios_0005.jpg,1,scored,0.700522780418396,0.40350908041000366,1,1
5603,9,Maria_Shriver/Maria_Shriver_0001.jpg,Maria_Shriver/Maria_Shriver_0007.jpg,1,scored,0.6755065321922302,0.40350908041000366,1,1
5604,9,Maria_Shriver/Maria_Shriver_0001.jpg,Maria_Shriver/Maria_Shriver_0008.jpg,1,scored,0.7578625679016113,0.40350908041000366,1,1
5605,9,Maria_Shriver/Maria_Shriver_0002.jpg,Maria_Shriver/Maria_Shriver_0006.jpg,1,scored,0.724479079246521,0.40350908041000366,1,1
5606,9,Maria_Shriver/Maria_Shriver_0002.jpg,Maria_Shriver/Maria_Shriver_0008.jpg,1,scored,0.6446382403373718,0.40350908041000366,1,1
5607,9,Maria_Shriver/Maria_Shriver_0003.jpg,Maria_Shriver/Maria_Shriver_0008.jpg,1,scored,0.7419607639312744,0.40350908041000366,1,1
5608,9,Marilyn_Monroe/Marilyn_Monroe_0001.jpg,Marilyn_Monroe/Marilyn_Monroe_0002.jpg,1,scored,0.5353831648826599,0.40350908041000366,1,1
5609,9,Mario_Cipollini/Mario_Cipollini_0001.jpg,Mario_Cipollini/Mario_Cipollini_0002.jpg,1,scored,0.7798023223876953,0.40350908041000366,1,1
5610,9,Mark_Hurlbert/Mark_Hurlbert_0001.jpg,Mark_Hurlbert/Mark_Hurlbert_0005.jpg,1,scored,0.8333175182342529,0.40350908041000366,1,1
5611,9,Mark_Hurlbert/Mark_Hurlbert_0002.jpg,Mark_Hurlbert/Mark_Hurlbert_0003.jpg,1,scored,0.8819746375083923,0.40350908041000366,1,1
5612,9,Mark_Hurlbert/Mark_Hurlbert_0002.jpg,Mark_Hurlbert/Mark_Hurlbert_0004.jpg,1,scored,0.8878427743911743,0.40350908041000366,1,1
5613,9,Martin_Scorsese/Martin_Scorsese_0002.jpg,Martin_Scorsese/Martin_Scorsese_0005.jpg,1,scored,0.8839346170425415,0.40350908041000366,1,1
5614,9,Martin_Scorsese/Martin_Scorsese_0003.jpg,Martin_Scorsese/Martin_Scorsese_0004.jpg,1,scored,0.8438704013824463,0.40350908041000366,1,1
5615,9,Marwan_Barghouthi/Marwan_Barghouthi_0001.jpg,Marwan_Barghouthi/Marwan_Barghouthi_0002.jpg,1,scored,0.834339439868927,0.40350908041000366,1,1
5616,9,Michael_Bloomberg/Michael_Bloomberg_0001.jpg,Michael_Bloomberg/Michael_Bloomberg_0012.jpg,1,scored,0.6888411045074463,0.40350908041000366,1,1
5617,9,Michael_Bloomberg/Michael_Bloomberg_0003.jpg,Michael_Bloomberg/Michael_Bloomberg_0005.jpg,1,scored,0.849097490310669,0.40350908041000366,1,1
5618,9,Michael_Bloomberg/Michael_Bloomberg_0007.jpg,Michael_Bloomberg/Michael_Bloomberg_0011.jpg,1,scored,0.6297653913497925,0.40350908041000366,1,1
5619,9,Michael_Bloomberg/Michael_Bloomberg_0011.jpg,Michael_Bloomberg/Michael_Bloomberg_0013.jpg,1,scored,0.8228011131286621,0.40350908041000366,1,1
5620,9,Michael_Chang/Michael_Chang_0001.jpg,Michael_Chang/Michael_Chang_0003.jpg,1,scored,0.7825813889503479,0.40350908041000366,1,1
5621,9,Michael_Chang/Michael_Chang_0005.jpg,Michael_Chang/Michael_Chang_0006.jpg,1,scored,0.7212084531784058,0.40350908041000366,1,1
5622,9,Michael_Jackson/Michael_Jackson_0001.jpg,Michael_Jackson/Michael_Jackson_0006.jpg,1,scored,0.8872667551040649,0.40350908041000366,1,1
5623,9,Michael_Jackson/Michael_Jackson_0002.jpg,Michael_Jackson/Michael_Jackson_0003.jpg,1,scored,0.8358816504478455,0.40350908041000366,1,1
5624,9,Michael_Jackson/Michael_Jackson_0002.jpg,Michael_Jackson/Michael_Jackson_0011.jpg,1,scored,0.799710750579834,0.40350908041000366,1,1
5625,9,Michael_Jackson/Michael_Jackson_0002.jpg,Michael_Jackson/Michael_Jackson_0012.jpg,1,scored,0.7743220329284668,0.40350908041000366,1,1
5626,9,Michael_Jackson/Michael_Jackson_0011.jpg,Michael_Jackson/Michael_Jackson_0012.jpg,1,scored,0.8838469982147217,0.40350908041000366,1,1
5627,9,Michael_Patrick_King/Michael_Patrick_King_0001.jpg,Michael_Patrick_King/Michael_Patrick_King_0002.jpg,1,scored,0.7184523344039917,0.40350908041000366,1,1
5628,9,Michelle_Rodriguez/Michelle_Rodriguez_0001.jpg,Michelle_Rodriguez/Michelle_Rodriguez_0002.jpg,1,scored,0.8129798173904419,0.40350908041000366,1,1
5629,9,Mike_Babcock/Mike_Babcock_0001.jpg,Mike_Babcock/Mike_Babcock_0002.jpg,1,scored,0.8621957898139954,0.40350908041000366,1,1
5630,9,Mike_Martz/Mike_Martz_0001.jpg,Mike_Martz/Mike_Martz_0003.jpg,1,scored,0.8649217486381531,0.40350908041000366,1,1
5631,9,Mike_Scioscia/Mike_Scioscia_0001.jpg,Mike_Scioscia/Mike_Scioscia_0002.jpg,1,scored,0.7850959300994873,0.40350908041000366,1,1
5632,9,Mikulas_Dzurinda/Mikulas_Dzurinda_0001.jpg,Mikulas_Dzurinda/Mikulas_Dzurinda_0002.jpg,1,scored,0.8753390312194824,0.40350908041000366,1,1
5633,9,Miroljub/Miroljub_0001.jpg,Miroljub/Miroljub_0002.jpg,1,scored,0.8879736661911011,0.40350908041000366,1,1
5634,9,Nasser_al-Kidwa/Nasser_al-Kidwa_0001.jpg,Nasser_al-Kidwa/Nasser_al-Kidwa_0002.jpg,1,scored,0.6913874745368958,0.40350908041000366,1,1
5635,9,Nick_Nolte/Nick_Nolte_0001.jpg,Nick_Nolte/Nick_Nolte_0002.jpg,1,scored,0.6542531251907349,0.40350908041000366,1,1
5636,9,Nick_Nolte/Nick_Nolte_0001.jpg,Nick_Nolte/Nick_Nolte_0003.jpg,1,scored,0.7932575941085815,0.40350908041000366,1,1
5637,9,Nick_Nolte/Nick_Nolte_0001.jpg,Nick_Nolte/Nick_Nolte_0005.jpg,1,scored,0.7701127529144287,0.40350908041000366,1,1
5638,9,Nick_Nolte/Nick_Nolte_0002.jpg,Nick_Nolte/Nick_Nolte_0004.jpg,1,scored,0.6260676383972168,0.40350908041000366,1,1
5639,9,Nick_Nolte/Nick_Nolte_0003.jpg,Nick_Nolte/Nick_Nolte_0004.jpg,1,scored,0.6690508127212524,0.40350908041000366,1,1
5640,9,OJ_Simpson/OJ_Simpson_0001.jpg,OJ_Simpson/OJ_Simpson_0002.jpg,1,scored,0.8248823881149292,0.40350908041000366,1,1
5641,9,Oprah_Winfrey/Oprah_Winfrey_0001.jpg,Oprah_Winfrey/Oprah_Winfrey_0002.jpg,1,scored,0.6595455408096313,0.40350908041000366,1,1
5642,9,Oprah_Winfrey/Oprah_Winfrey_0002.jpg,Oprah_Winfrey/Oprah_Winfrey_0003.jpg,1,scored,0.827953040599823,0.40350908041000366,1,1
5643,9,Orlando_Bloom/Orlando_Bloom_0002.jpg,Orlando_Bloom/Orlando_Bloom_0003.jpg,1,scored,0.515161395072937,0.40350908041000366,1,1
5644,9,Ozzy_Osbourne/Ozzy_Osbourne_0001.jpg,Ozzy_Osbourne/Ozzy_Osbourne_0003.jpg,1,scored,0.6492071151733398,0.40350908041000366,1,1
5645,9,Paul_Coppin/Paul_Coppin_0001.jpg,Paul_Coppin/Paul_Coppin_0002.jpg,1,scored,0.8433313369750977,0.40350908041000366,1,1
5646,9,Paul_Martin/Paul_Martin_0001.jpg,Paul_Martin/Paul_Martin_0006.jpg,1,scored,0.6689302325248718,0.40350908041000366,1,1
5647,9,Paul_Martin/Paul_Martin_0001.jpg,Paul_Martin/Paul_Martin_0007.jpg,1,scored,0.5694514513015747,0.40350908041000366,1,1
5648,9,Paul_McNulty/Paul_McNulty_0001.jpg,Paul_McNulty/Paul_McNulty_0002.jpg,1,scored,0.8312605619430542,0.40350908041000366,1,1
5649,9,Paul_ONeill/Paul_ONeill_0001.jpg,Paul_ONeill/Paul_ONeill_0003.jpg,1,scored,0.8510315418243408,0.40350908041000366,1,1
5650,9,Paul_ONeill/Paul_ONeill_0005.jpg,Paul_ONeill/Paul_ONeill_0007.jpg,1,scored,0.7349467277526855,0.40350908041000366,1,1
5651,9,Paul_Patton/Paul_Patton_0001.jpg,Paul_Patton/Paul_Patton_0002.jpg,1,scored,0.8553154468536377,0.40350908041000366,1,1
5652,9,Paula_Zahn/Paula_Zahn_0001.jpg,Paula_Zahn/Paula_Zahn_0002.jpg,1,scored,0.840207576751709,0.40350908041000366,1,1
5653,9,Pierce_Brosnan/Pierce_Brosnan_0001.jpg,Pierce_Brosnan/Pierce_Brosnan_0005.jpg,1,scored,0.7083581686019897,0.40350908041000366,1,1
5654,9,Pierce_Brosnan/Pierce_Brosnan_0003.jpg,Pierce_Brosnan/Pierce_Brosnan_0007.jpg,1,scored,0.778418242931366,0.40350908041000366,1,1
5655,9,Pierce_Brosnan/Pierce_Brosnan_0006.jpg,Pierce_Brosnan/Pierce_Brosnan_0009.jpg,1,scored,0.7016297578811646,0.40350908041000366,1,1
5656,9,Pierce_Brosnan/Pierce_Brosnan_0009.jpg,Pierce_Brosnan/Pierce_Brosnan_0014.jpg,1,scored,0.6541189551353455,0.40350908041000366,1,1
5657,9,Pierre_Pettigrew/Pierre_Pettigrew_0001.jpg,Pierre_Pettigrew/Pierre_Pettigrew_0003.jpg,1,scored,0.8578371405601501,0.40350908041000366,1,1
5658,9,Ralf_Schumacher/Ralf_Schumacher_0005.jpg,Ralf_Schumacher/Ralf_Schumacher_0008.jpg,1,scored,0.7978153228759766,0.40350908041000366,1,1
5659,9,Ricky_Barnes/Ricky_Barnes_0001.jpg,Ricky_Barnes/Ricky_Barnes_0002.jpg,1,scored,0.701092541217804,0.40350908041000366,1,1
5660,9,Rita_Wilson/Rita_Wilson_0001.jpg,Rita_Wilson/Rita_Wilson_0004.jpg,1,scored,0.8342432975769043,0.40350908041000366,1,1
5661,9,Rob_Schneider/Rob_Schneider_0001.jpg,Rob_Schneider/Rob_Schneider_0002.jpg,1,scored,0.8404085636138916,0.40350908041000366,1,1
5662,9,Robbie_Fowler/Robbie_Fowler_0001.jpg,Robbie_Fowler/Robbie_Fowler_0002.jpg,1,scored,0.9308880567550659,0.40350908041000366,1,1
5663,9,Robert_Blake/Robert_Blake_0001.jpg,Robert_Blake/Robert_Blake_0003.jpg,1,scored,0.6629691123962402,0.40350908041000366,1,1
5664,9,Robert_Blake/Robert_Blake_0001.jpg,Robert_Blake/Robert_Blake_0004.jpg,1,scored,0.6615666747093201,0.40350908041000366,1,1
5665,9,Robert_Blake/Robert_Blake_0005.jpg,Robert_Blake/Robert_Blake_0006.jpg,1,scored,0.696640133857727,0.40350908041000366,1,1
5666,9,Rogerio_Romero/Rogerio_Romero_0001.jpg,Rogerio_Romero/Rogerio_Romero_0002.jpg,1,scored,0.8449838161468506,0.40350908041000366,1,1
5667,9,Rupert_Grint/Rupert_Grint_0001.jpg,Rupert_Grint/Rupert_Grint_0003.jpg,1,scored,0.8996201753616333,0.40350908041000366,1,1
5668,9,Salman_Rushdie/Salman_Rushdie_0001.jpg,Salman_Rushdie/Salman_Rushdie_0003.jpg,1,scored,0.7999593615531921,0.40350908041000366,1,1
5669,9,Salman_Rushdie/Salman_Rushdie_0002.jpg,Salman_Rushdie/Salman_Rushdie_0003.jpg,1,scored,0.739777147769928,0.40350908041000366,1,1
5670,9,Scott_Sullivan/Scott_Sullivan_0001.jpg,Scott_Sullivan/Scott_Sullivan_0002.jpg,1,scored,0.7641004323959351,0.40350908041000366,1,1
5671,9,Scott_Wolf/Scott_Wolf_0001.jpg,Scott_Wolf/Scott_Wolf_0002.jpg,1,scored,0.893607497215271,0.40350908041000366,1,1
5672,9,Sepp_Blatter/Sepp_Blatter_0001.jpg,Sepp_Blatter/Sepp_Blatter_0002.jpg,1,scored,0.6433939933776855,0.40350908041000366,1,1
5673,9,Sepp_Blatter/Sepp_Blatter_0001.jpg,Sepp_Blatter/Sepp_Blatter_0003.jpg,1,scored,0.5312536954879761,0.40350908041000366,1,1
5674,9,Sepp_Blatter/Sepp_Blatter_0002.jpg,Sepp_Blatter/Sepp_Blatter_0003.jpg,1,scored,0.8205746412277222,0.40350908041000366,1,1
5675,9,Simon_Cowell/Simon_Cowell_0001.jpg,Simon_Cowell/Simon_Cowell_0002.jpg,1,scored,0.8157533407211304,0.40350908041000366,1,1
5676,9,Slobodan_Milosevic/Slobodan_Milosevic_0001.jpg,Slobodan_Milosevic/Slobodan_Milosevic_0003.jpg,1,scored,0.8523544669151306,0.40350908041000366,1,1
5677,9,Slobodan_Milosevic/Slobodan_Milosevic_0002.jpg,Slobodan_Milosevic/Slobodan_Milosevic_0003.jpg,1,scored,0.8243021965026855,0.40350908041000366,1,1
5678,9,Slobodan_Milosevic/Slobodan_Milosevic_0003.jpg,Slobodan_Milosevic/Slobodan_Milosevic_0004.jpg,1,scored,0.7919806838035583,0.40350908041000366,1,1
5679,9,Stacy_Dragila/Stacy_Dragila_0001.jpg,Stacy_Dragila/Stacy_Dragila_0002.jpg,1,scored,0.8121784925460815,0.40350908041000366,1,1
5680,9,Stephen_Ambrose/Stephen_Ambrose_0001.jpg,Stephen_Ambrose/Stephen_Ambrose_0002.jpg,1,scored,0.30489107966423035,0.40350908041000366,0,0
5681,9,Stephen_Daldry/Stephen_Daldry_0001.jpg,Stephen_Daldry/Stephen_Daldry_0002.jpg,1,scored,0.8476711511611938,0.40350908041000366,1,1
5682,9,Stephen_Friedman/Stephen_Friedman_0001.jpg,Stephen_Friedman/Stephen_Friedman_0002.jpg,1,scored,0.583613932132721,0.40350908041000366,1,1
5683,9,Theo_Epstein/Theo_Epstein_0001.jpg,Theo_Epstein/Theo_Epstein_0002.jpg,1,scored,0.7743499279022217,0.40350908041000366,1,1
5684,9,Thomas_Wyman/Thomas_Wyman_0001.jpg,Thomas_Wyman/Thomas_Wyman_0002.jpg,1,scored,0.5408414006233215,0.40350908041000366,1,1
5685,9,Tim_Floyd/Tim_Floyd_0001.jpg,Tim_Floyd/Tim_Floyd_0002.jpg,1,scored,0.8740866184234619,0.40350908041000366,1,1
5686,9,Tom_Watson/Tom_Watson_0001.jpg,Tom_Watson/Tom_Watson_0003.jpg,1,scored,0.6156923770904541,0.40350908041000366,1,1
5687,9,Tom_Watson/Tom_Watson_0002.jpg,Tom_Watson/Tom_Watson_0003.jpg,1,scored,0.8172065019607544,0.40350908041000366,1,1
5688,9,Tommy_Robredo/Tommy_Robredo_0001.jpg,Tommy_Robredo/Tommy_Robredo_0003.jpg,1,scored,0.7100907564163208,0.40350908041000366,1,1
5689,9,Tommy_Robredo/Tommy_Robredo_0002.jpg,Tommy_Robredo/Tommy_Robredo_0003.jpg,1,scored,0.805208683013916,0.40350908041000366,1,1
5690,9,Tony_Parker/Tony_Parker_0001.jpg,Tony_Parker/Tony_Parker_0002.jpg,1,scored,0.6450551748275757,0.40350908041000366,1,1
5691,9,Tony_Stewart/Tony_Stewart_0001.jpg,Tony_Stewart/Tony_Stewart_0006.jpg,1,scored,0.788503885269165,0.40350908041000366,1,1
5692,9,Tony_Stewart/Tony_Stewart_0002.jpg,Tony_Stewart/Tony_Stewart_0003.jpg,1,scored,0.6990002393722534,0.40350908041000366,1,1
5693,9,Tony_Stewart/Tony_Stewart_0004.jpg,Tony_Stewart/Tony_Stewart_0005.jpg,1,scored,0.4947584271430969,0.40350908041000366,1,1
5694,9,Tony_Stewart/Tony_Stewart_0004.jpg,Tony_Stewart/Tony_Stewart_0006.jpg,1,scored,0.4896279275417328,0.40350908041000366,1,1
5695,9,Vladimir_Voltchkov/Vladimir_Voltchkov_0001.jpg,Vladimir_Voltchkov/Vladimir_Voltchkov_0002.jpg,1,scored,0.6503772139549255,0.40350908041000366,1,1
5696,9,Wang_Yi/Wang_Yi_0001.jpg,Wang_Yi/Wang_Yi_0002.jpg,1,scored,0.8935487866401672,0.40350908041000366,1,1
5697,9,Zafarullah_Khan_Jamali/Zafarullah_Khan_Jamali_0001.jpg,Zafarullah_Khan_Jamali/Zafarullah_Khan_Jamali_0002.jpg,1,scored,0.887779951095581,0.40350908041000366,1,1
5698,9,Zhu_Rongji/Zhu_Rongji_0001.jpg,Zhu_Rongji/Zhu_Rongji_0003.jpg,1,scored,0.875184178352356,0.40350908041000366,1,1
5699,9,Zhu_Rongji/Zhu_Rongji_0002.jpg,Zhu_Rongji/Zhu_Rongji_0008.jpg,1,scored,0.8820092678070068,0.40350908041000366,1,1
5700,9,Aaron_Tippin/Aaron_Tippin_0001.jpg,Enos_Slaughter/Enos_Slaughter_0001.jpg,0,scored,-0.10506758838891983,0.40350908041000366,0,1
5701,9,Aaron_Tippin/Aaron_Tippin_0001.jpg,Juan_Carlos_Ortega/Juan_Carlos_Ortega_0001.jpg,0,scored,-0.16558247804641724,0.40350908041000366,0,1
5702,9,Aaron_Tippin/Aaron_Tippin_0001.jpg,Marlon_Devonish/Marlon_Devonish_0001.jpg,0,scored,-0.019582761451601982,0.40350908041000366,0,1
5703,9,Adam_Ant/Adam_Ant_0001.jpg,John_Perrota/John_Perrota_0001.jpg,0,scored,-0.33906424045562744,0.40350908041000366,0,1
5704,9,Adam_Ant/Adam_Ant_0001.jpg,Noel_Forgeard/Noel_Forgeard_0001.jpg,0,scored,-0.012000968679785728,0.40350908041000366,0,1
5705,9,Adam_Ant/Adam_Ant_0001.jpg,Richard_Regenhard/Richard_Regenhard_0001.jpg,0,scored,0.06799056380987167,0.40350908041000366,0,1
5706,9,Adam_Mair/Adam_Mair_0001.jpg,Daniel_Osorno/Daniel_Osorno_0001.jpg,0,scored,-0.32966649532318115,0.40350908041000366,0,1
5707,9,Adoor_Gopalakarishnan/Adoor_Gopalakarishnan_0001.jpg,Nathalia_Gillot/Nathalia_Gillot_0001.jpg,0,scored,0.20917248725891113,0.40350908041000366,0,1
5708,9,Alain_Ducasse/Alain_Ducasse_0001.jpg,Paul_ONeill/Paul_ONeill_0002.jpg,0,scored,0.03861638531088829,0.40350908041000366,0,1
5709,9,Alan_Greer/Alan_Greer_0001.jpg,Alan_Trammell/Alan_Trammell_0001.jpg,0,scored,-0.11350753158330917,0.40350908041000366,0,1
5710,9,Alan_Greer/Alan_Greer_0001.jpg,Bob_Hayes/Bob_Hayes_0001.jpg,0,scored,0.03992417827248573,0.40350908041000366,0,1
5711,9,Alan_Trammell/Alan_Trammell_0001.jpg,Heidi_Fleiss/Heidi_Fleiss_0002.jpg,0,scored,0.18103347718715668,0.40350908041000366,0,1
5712,9,Alan_Trammell/Alan_Trammell_0001.jpg,Julie_Taymor/Julie_Taymor_0002.jpg,0,scored,0.10558798909187317,0.40350908041000366,0,1
5713,9,Aldo_Paredes/Aldo_Paredes_0001.jpg,Suzanne_Mubarak/Suzanne_Mubarak_0001.jpg,0,scored,0.04930694028735161,0.40350908041000366,0,1
5714,9,Aldo_Paredes/Aldo_Paredes_0002.jpg,Zafarullah_Khan_Jamali/Zafarullah_Khan_Jamali_0001.jpg,0,scored,0.1489959955215454,0.40350908041000366,0,1
5715,9,Alecos_Markides/Alecos_Markides_0001.jpg,Darryl_Stingley/Darryl_Stingley_0001.jpg,0,scored,-0.07784420996904373,0.40350908041000366,0,1
5716,9,Alecos_Markides/Alecos_Markides_0001.jpg,Wolfgang_Schneiderhan/Wolfgang_Schneiderhan_0001.jpg,0,scored,0.3227784335613251,0.40350908041000366,0,1
5717,9,Alejandro_Avila/Alejandro_Avila_0003.jpg,Benjamin_Franklin/Benjamin_Franklin_0001.jpg,0,scored,0.09358641505241394,0.40350908041000366,0,1
5718,9,Alejandro_Avila/Alejandro_Avila_0003.jpg,Darrell_Porter/Darrell_Porter_0001.jpg,0,scored,-0.1523182988166809,0.40350908041000366,0,1
5719,9,Alek_Wek/Alek_Wek_0001.jpg,Barbara_Bodine/Barbara_Bodine_0001.jpg,0,scored,-0.04430604353547096,0.40350908041000366,0,1
5720,9,Alek_Wek/Alek_Wek_0001.jpg,Nasser_al-Kidwa/Nasser_al-Kidwa_0001.jpg,0,scored,-0.18701714277267456,0.40350908041000366,0,1
5721,9,Alek_Wek/Alek_Wek_0001.jpg,Ray_Bradbury/Ray_Bradbury_0001.jpg,0,scored,-0.17602108418941498,0.40350908041000366,0,1
5722,9,Alina_Kabaeva/Alina_Kabaeva_0001.jpg,Donald_Trump/Donald_Trump_0001.jpg,0,scored,0.0775667205452919,0.40350908041000366,0,1
5723,9,Alina_Kabaeva/Alina_Kabaeva_0001.jpg,Jayson_Williams/Jayson_Williams_0002.jpg,0,scored,0.006841044872999191,0.40350908041000366,0,1
5724,9,Alyse_Beaupre/Alyse_Beaupre_0001.jpg,Elmar_Brok/Elmar_Brok_0001.jpg,0,scored,0.26813918352127075,0.40350908041000366,0,1
5725,9,Alyse_Beaupre/Alyse_Beaupre_0001.jpg,Helo_Pinheiro/Helo_Pinheiro_0001.jpg,0,scored,0.010763631202280521,0.40350908041000366,0,1
5726,9,Alyse_Beaupre/Alyse_Beaupre_0001.jpg,Hunter_Bates/Hunter_Bates_0001.jpg,0,scored,0.07235497981309891,0.40350908041000366,0,1
5727,9,Ambrose_Lee/Ambrose_Lee_0001.jpg,Ben_Chandler/Ben_Chandler_0001.jpg,0,scored,0.08551011979579926,0.40350908041000366,0,1
5728,9,Amy_Gale/Amy_Gale_0001.jpg,Herman_Edwards/Herman_Edwards_0001.jpg,0,scored,-0.32068097591400146,0.40350908041000366,0,1
5729,9,Anastasia_Kelesidou/Anastasia_Kelesidou_0001.jpg,Brendan_Hansen/Brendan_Hansen_0002.jpg,0,scored,0.14834022521972656,0.40350908041000366,0,1
5730,9,Anastasia_Kelesidou/Anastasia_Kelesidou_0001.jpg,Thomas_Wyman/Thomas_Wyman_0002.jpg,0,scored,0.0748400017619133,0.40350908041000366,0,1
5731,9,Andrew_Niccol/Andrew_Niccol_0001.jpg,Prince_Felipe/Prince_Felipe_0001.jpg,0,scored,0.04395962506532669,0.40350908041000366,0,1
5732,9,Andrew_Sabey/Andrew_Sabey_0001.jpg,Federico_Castelan_Sayre/Federico_Castelan_Sayre_0001.jpg,0,scored,-0.36815500259399414,0.40350908041000366,0,1
5733,9,Andrew_Sabey/Andrew_Sabey_0001.jpg,Greg_Rusedski/Greg_Rusedski_0001.jpg,0,scored,0.27245914936065674,0.40350908041000366,0,1
5734,9,Andy_Madikians/Andy_Madikians_0001.jpg,Jon_Gruden/Jon_Gruden_0001.jpg,0,scored,-0.244033083319664,0.40350908041000366,0,1
5735,9,Andy_Madikians/Andy_Madikians_0001.jpg,Pedro_Alvarez/Pedro_Alvarez_0001.jpg,0,scored,0.06454260647296906,0.40350908041000366,0,1
5736,9,Andy_Madikians/Andy_Madikians_0001.jpg,Pierce_Brosnan/Pierce_Brosnan_0001.jpg,0,scored,-0.05837700515985489,0.40350908041000366,0,1
5737,9,Andy_Perez/Andy_Perez_0001.jpg,Elena_Dementieva/Elena_Dementieva_0001.jpg,0,scored,-0.031231828033924103,0.40350908041000366,0,1
5738,9,Andy_Perez/Andy_Perez_0001.jpg,Stephen_Joseph/Stephen_Joseph_0001.jpg,0,scored,0.04033838212490082,0.40350908041000366,0,1
5739,9,Angie_Martinez/Angie_Martinez_0001.jpg,Ruth_Pearce/Ruth_Pearce_0001.jpg,0,scored,-0.08112695068120956,0.40350908041000366,0,1
5740,9,Ann_Godbehere/Ann_Godbehere_0001.jpg,Tom_Watson/Tom_Watson_0001.jpg,0,scored,-0.08969089388847351,0.40350908041000366,0,1
5741,9,Anne_McLellan/Anne_McLellan_0001.jpg,Tim_Howard/Tim_Howard_0001.jpg,0,scored,-0.10229825973510742,0.40350908041000366,0,1
5742,9,Annette_Bening/Annette_Bening_0001.jpg,Ross_Verba/Ross_Verba_0001.jpg,0,scored,-0.1355791538953781,0.40350908041000366,0,1
5743,9,Anthony_Hopkins/Anthony_Hopkins_0002.jpg,Orlando_Bloom/Orlando_Bloom_0001.jpg,0,scored,0.20983293652534485,0.40350908041000366,0,1
5744,9,Antonio_Bernardo/Antonio_Bernardo_0001.jpg,Billy_Donovan/Billy_Donovan_0001.jpg,0,scored,-0.07930268347263336,0.40350908041000366,0,1
5745,9,Antonio_Bernardo/Antonio_Bernardo_0001.jpg,Dwain_Kyles/Dwain_Kyles_0001.jpg,0,scored,0.13460548222064972,0.40350908041000366,0,1
5746,9,Antonio_Bernardo/Antonio_Bernardo_0001.jpg,Elizabeth_Hill/Elizabeth_Hill_0001.jpg,0,scored,0.12746672332286835,0.40350908041000366,0,1
5747,9,Antonio_Bernardo/Antonio_Bernardo_0001.jpg,Guy_Hemmings/Guy_Hemmings_0001.jpg,0,scored,-0.10776020586490631,0.40350908041000366,0,1
5748,9,Antonio_Bernardo/Antonio_Bernardo_0001.jpg,Kareena_Kapoor/Kareena_Kapoor_0001.jpg,0,scored,0.04050591215491295,0.40350908041000366,0,1
5749,9,Anzori_Kikalishvili/Anzori_Kikalishvili_0001.jpg,Carlos_Quintanilla_Schmidt/Carlos_Quintanilla_Schmidt_0002.jpg,0,scored,0.19706492125988007,0.40350908041000366,0,1
5750,9,Anzori_Kikalishvili/Anzori_Kikalishvili_0001.jpg,Earl_Fritts/Earl_Fritts_0001.jpg,0,scored,0.4994495213031769,0.40350908041000366,1,0
5751,9,Anzori_Kikalishvili/Anzori_Kikalishvili_0001.jpg,Salman_Rushdie/Salman_Rushdie_0001.jpg,0,scored,0.05761706084012985,0.40350908041000366,0,1
5752,9,Aram_Adler/Aram_Adler_0001.jpg,Cesar_Gaviria/Cesar_Gaviria_0003.jpg,0,scored,0.017082057893276215,0.40350908041000366,0,1
5753,9,Aram_Adler/Aram_Adler_0001.jpg,Deepa_Mehta/Deepa_Mehta_0001.jpg,0,scored,0.00793709047138691,0.40350908041000366,0,1
5754,9,Arie_Haan/Arie_Haan_0001.jpg,Tony_Parker/Tony_Parker_0002.jpg,0,scored,0.06608980894088745,0.40350908041000366,0,1
5755,9,Ariel_Sharon/Ariel_Sharon_0030.jpg,David_Ballantyne/David_Ballantyne_0001.jpg,0,scored,0.09608212858438492,0.40350908041000366,0,1
5756,9,Art_Hoffmann/Art_Hoffmann_0002.jpg,Juan_Carlos_Ortega/Juan_Carlos_Ortega_0001.jpg,0,scored,-0.3055434226989746,0.40350908041000366,0,1
5757,9,Atiabet_Ijan_Amabel/Atiabet_Ijan_Amabel_0001.jpg,John_Perrota/John_Perrota_0001.jpg,0,scored,-0.18339803814888,0.40350908041000366,0,1
5758,9,Augustin_Calleri/Augustin_Calleri_0003.jpg,Lee_Jun/Lee_Jun_0002.jpg,0,scored,-0.08924149721860886,0.40350908041000366,0,1
5759,9,Barry_Nakell/Barry_Nakell_0001.jpg,Maria_Simon/Maria_Simon_0001.jpg,0,scored,-0.11208979040384293,0.40350908041000366,0,1
5760,9,Basdeo_Panday/Basdeo_Panday_0001.jpg,Filippo_Volandri/Filippo_Volandri_0001.jpg,0,scored,-0.2556008994579315,0.40350908041000366,0,1
5761,9,Ben_Betts/Ben_Betts_0001.jpg,Kimi_Raikkonen/Kimi_Raikkonen_0003.jpg,0,scored,0.010571172460913658,0.40350908041000366,0,1
5762,9,Ben_Braun/Ben_Braun_0001.jpg,Cecilia_Chang/Cecilia_Chang_0001.jpg,0,scored,-0.1609763205051422,0.40350908041000366,0,1
5763,9,Ben_Braun/Ben_Braun_0001.jpg,Horace_Newcomb/Horace_Newcomb_0001.jpg,0,scored,0.08984136581420898,0.40350908041000366,0,1
5764,9,Ben_Chandler/Ben_Chandler_0001.jpg,Larry_Hagman/Larry_Hagman_0001.jpg,0,scored,0.014487238600850105,0.40350908041000366,0,1
5765,9,Ben_Lee/Ben_Lee_0001.jpg,Horace_Newcomb/Horace_Newcomb_0001.jpg,0,scored,0.16896381974220276,0.40350908041000366,0,1
5766,9,Ben_Stein/Ben_Stein_0001.jpg,David_Canary/David_Canary_0001.jpg,0,scored,0.023566843941807747,0.40350908041000366,0,1
5767,9,Ben_Stein/Ben_Stein_0001.jpg,Lionel_Richie/Lionel_Richie_0002.jpg,0,scored,-0.2712743282318115,0.40350908041000366,0,1
5768,9,Bernadette_Peters/Bernadette_Peters_0001.jpg,Ed_Smart/Ed_Smart_0001.jpg,0,scored,-0.08373408019542694,0.40350908041000366,0,1
5769,9,Bertie_Ahern/Bertie_Ahern_0004.jpg,Jim_Leach/Jim_Leach_0001.jpg,0,scored,-0.07451089471578598,0.40350908041000366,0,1
5770,9,Bill_OReilly/Bill_OReilly_0001.jpg,Jim_Wessling/Jim_Wessling_0001.jpg,0,scored,0.21218781173229218,0.40350908041000366,0,1
5771,9,Billy_Boyd/Billy_Boyd_0001.jpg,Sid_Caesar/Sid_Caesar_0001.jpg,0,scored,0.03480227664113045,0.40350908041000366,0,1
5772,9,Billy_Donovan/Billy_Donovan_0001.jpg,Brandon_Spann/Brandon_Spann_0001.jpg,0,scored,0.2301555573940277,0.40350908041000366,0,1
5773,9,Billy_Donovan/Billy_Donovan_0001.jpg,Cabas/Cabas_0001.jpg,0,scored,0.2222435474395752,0.40350908041000366,0,1
5774,9,Billy_Donovan/Billy_Donovan_0001.jpg,William_Nessen/William_Nessen_0001.jpg,0,scored,-0.23120355606079102,0.40350908041000366,0,1
5775,9,Binyamin_Ben-Eliezer/Binyamin_Ben-Eliezer_0001.jpg,Jenny_Romero/Jenny_Romero_0001.jpg,0,scored,0.31500232219696045,0.40350908041000366,0,1
5776,9,Bo_Ryan/Bo_Ryan_0002.jpg,Heidi_Fleiss/Heidi_Fleiss_0003.jpg,0,scored,0.01414732076227665,0.40350908041000366,0,1
5777,9,Bob_Beauprez/Bob_Beauprez_0002.jpg,Hedayat_Amin_Arsala/Hedayat_Amin_Arsala_0001.jpg,0,scored,0.19832827150821686,0.40350908041000366,0,1
5778,9,Bob_Beauprez/Bob_Beauprez_0002.jpg,John_Norquist/John_Norquist_0001.jpg,0,scored,0.1869010031223297,0.40350908041000366,0,1
5779,9,Bob_Hayes/Bob_Hayes_0001.jpg,Zhu_Rongji/Zhu_Rongji_0008.jpg,0,scored,0.27146172523498535,0.40350908041000366,0,1
5780,9,Brady_Rodgers/Brady_Rodgers_0001.jpg,Jenna_Elfman/Jenna_Elfman_0001.jpg,0,scored,-0.12106715142726898,0.40350908041000366,0,1
5781,9,Brandon_Larson/Brandon_Larson_0001.jpg,Chita_Rivera/Chita_Rivera_0001.jpg,0,scored,-0.10891073942184448,0.40350908041000366,0,1
5782,9,Brendan_Hansen/Brendan_Hansen_0002.jpg,Dorothy_Wilson/Dorothy_Wilson_0001.jpg,0,scored,0.17501145601272583,0.40350908041000366,0,1
5783,9,Caio_Blat/Caio_Blat_0001.jpg,Sanja_Papic/Sanja_Papic_0001.jpg,0,scored,-0.09726251661777496,0.40350908041000366,0,1
5784,9,Carlos_Quintanilla_Schmidt/Carlos_Quintanilla_Schmidt_0001.jpg,Nova_Esther_Guthrie/Nova_Esther_Guthrie_0001.jpg,0,scored,-0.04063883423805237,0.40350908041000366,0,1
5785,9,Carlos_Quintanilla_Schmidt/Carlos_Quintanilla_Schmidt_0002.jpg,Chris_Thomas/Chris_Thomas_0001.jpg,0,scored,-0.19376268982887268,0.40350908041000366,0,1
5786,9,Carroll_Weimer/Carroll_Weimer_0001.jpg,Chris_Pronger/Chris_Pronger_0001.jpg,0,scored,-0.05213030427694321,0.40350908041000366,0,1
5787,9,Carroll_Weimer/Carroll_Weimer_0001.jpg,Debbie_Reynolds/Debbie_Reynolds_0002.jpg,0,scored,-0.17477312684059143,0.40350908041000366,0,1
5788,9,Cecilia_Bolocco/Cecilia_Bolocco_0001.jpg,John_Perrota/John_Perrota_0001.jpg,0,scored,0.14903101325035095,0.40350908041000366,0,1
5789,9,Cecilia_Bolocco/Cecilia_Bolocco_0001.jpg,Kurt_Schottenheimer/Kurt_Schottenheimer_0001.jpg,0,scored,0.08807484060525894,0.40350908041000366,0,1
5790,9,Celia_Cruz/Celia_Cruz_0001.jpg,Rob_Ramsay/Rob_Ramsay_0001.jpg,0,scored,-0.12124589085578918,0.40350908041000366,0,1
5791,9,Charlie_Zaa/Charlie_Zaa_0002.jpg,Theo_Epstein/Theo_Epstein_0002.jpg,0,scored,0.3102703094482422,0.40350908041000366,0,1
5792,9,Chris_Pronger/Chris_Pronger_0001.jpg,Edgar_Savisaar/Edgar_Savisaar_0001.jpg,0,scored,0.1817200481891632,0.40350908041000366,0,1
5793,9,Christian_Longo/Christian_Longo_0002.jpg,David_Carradine/David_Carradine_0001.jpg,0,scored,-0.04282457008957863,0.40350908041000366,0,1
5794,9,Christian_Wulff/Christian_Wulff_0002.jpg,Kjell_Magne_Bondevik/Kjell_Magne_Bondevik_0003.jpg,0,scored,0.3536698818206787,0.40350908041000366,0,1
5795,9,Cindy_Klassen/Cindy_Klassen_0001.jpg,Val_Ackerman/Val_Ackerman_0001.jpg,0,scored,0.20019465684890747,0.40350908041000366,0,1
5796,9,Cindy_Taylor/Cindy_Taylor_0001.jpg,Fabian_Vargas/Fabian_Vargas_0001.jpg,0,scored,0.13264568150043488,0.40350908041000366,0,1
5797,9,Claudette_Robinson/Claudette_Robinson_0001.jpg,Eric_Fehr/Eric_Fehr_0001.jpg,0,scored,0.11503230780363083,0.40350908041000366,0,1
5798,9,Clifford_Robinson/Clifford_Robinson_0001.jpg,Magdalena_Maleeva/Magdalena_Maleeva_0002.jpg,0,scored,-0.051486894488334656,0.40350908041000366,0,1
5799,9,Clifford_Robinson/Clifford_Robinson_0001.jpg,Shirley_Jones/Shirley_Jones_0001.jpg,0,scored,0.03890268877148628,0.40350908041000366,0,1
5800,9,Clifford_Robinson/Clifford_Robinson_0001.jpg,Tim_Howard/Tim_Howard_0001.jpg,0,scored,-0.28757497668266296,0.40350908041000366,0,1
5801,9,Colin_Jackson/Colin_Jackson_0001.jpg,Marcelo_Ebrard/Marcelo_Ebrard_0003.jpg,0,scored,-0.20815464854240417,0.40350908041000366,0,1
5802,9,Colin_Jackson/Colin_Jackson_0002.jpg,Hunter_Bates/Hunter_Bates_0001.jpg,0,scored,-0.3829669952392578,0.40350908041000366,0,1
5803,9,Columba_Bush/Columba_Bush_0001.jpg,Larry_Anderson/Larry_Anderson_0001.jpg,0,scored,0.24920493364334106,0.40350908041000366,0,1
5804,9,Columba_Bush/Columba_Bush_0001.jpg,Neil_Goldman/Neil_Goldman_0001.jpg,0,scored,-0.06938310712575912,0.40350908041000366,0,1
5805,9,Craig_Fitzgibbon/Craig_Fitzgibbon_0001.jpg,Joe_Dumars/Joe_Dumars_0001.jpg,0,scored,0.029688183218240738,0.40350908041000366,0,1
5806,9,Cristian_Barros/Cristian_Barros_0001.jpg,Steve_Largent/Steve_Largent_0001.jpg,0,scored,-0.2670593857765198,0.40350908041000366,0,1
5807,9,Curtis_Strange/Curtis_Strange_0001.jpg,Kurt_Schottenheimer/Kurt_Schottenheimer_0001.jpg,0,scored,0.022471649572253227,0.40350908041000366,0,1
5808,9,Curtis_Strange/Curtis_Strange_0001.jpg,Raul_Chacon/Raul_Chacon_0001.jpg,0,scored,0.3466760218143463,0.40350908041000366,0,1
5809,9,Dan_Kellner/Dan_Kellner_0001.jpg,Freda_Black/Freda_Black_0001.jpg,0,scored,-0.013281334191560745,0.40350908041000366,0,1
5810,9,Dan_LaCoutre/Dan_LaCoutre_0001.jpg,Gustavo_Kuerten/Gustavo_Kuerten_0002.jpg,0,scored,0.08478620648384094,0.40350908041000366,0,1
5811,9,Dan_Monson/Dan_Monson_0001.jpg,Jim_Flaherty/Jim_Flaherty_0001.jpg,0,scored,0.1278742551803589,0.40350908041000366,0,1
5812,9,Dan_Monson/Dan_Monson_0001.jpg,Rafael_Vinoly/Rafael_Vinoly_0001.jpg,0,scored,-0.04946431517601013,0.40350908041000366,0,1
5813,9,Darrell_Porter/Darrell_Porter_0002.jpg,Robert_Towne/Robert_Towne_0001.jpg,0,scored,-0.09223274886608124,0.40350908041000366,0,1
5814,9,Dave_Campo/Dave_Campo_0002.jpg,Jenny_Romero/Jenny_Romero_0001.jpg,0,scored,-0.14728812873363495,0.40350908041000366,0,1
5815,9,David_Ballantyne/David_Ballantyne_0001.jpg,Diana_Taurasi/Diana_Taurasi_0002.jpg,0,scored,-0.03231874853372574,0.40350908041000366,0,1
5816,9,David_Carradine/David_Carradine_0001.jpg,Kobe_Bryant/Kobe_Bryant_0001.jpg,0,scored,-0.03983248025178909,0.40350908041000366,0,1
5817,9,David_Dodge/David_Dodge_0001.jpg,Francois_Botha/Francois_Botha_0001.jpg,0,scored,-0.03420604020357132,0.40350908041000366,0,1
5818,9,David_Dodge/David_Dodge_0001.jpg,Larry_Anderson/Larry_Anderson_0001.jpg,0,scored,0.032105110585689545,0.40350908041000366,0,1
5819,9,David_Dodge/David_Dodge_0002.jpg,Thomas_Wyman/Thomas_Wyman_0002.jpg,0,scored,0.3213743567466736,0.40350908041000366,0,1
5820,9,David_Heyman/David_Heyman_0001.jpg,Rod_Paige/Rod_Paige_0001.jpg,0,scored,0.06828479468822479,0.40350908041000366,0,1
5821,9,David_Oh/David_Oh_0001.jpg,Desiree_McKenzie/Desiree_McKenzie_0001.jpg,0,scored,0.11161153018474579,0.40350908041000366,0,1
5822,9,David_Oh/David_Oh_0001.jpg,Joe_Garner/Joe_Garner_0001.jpg,0,scored,0.02664557844400406,0.40350908041000366,0,1
5823,9,David_Spade/David_Spade_0002.jpg,Denise_Locke/Denise_Locke_0001.jpg,0,scored,-0.037390485405921936,0.40350908041000366,0,1
5824,9,David_Suazo/David_Suazo_0001.jpg,Jane_Krakowski/Jane_Krakowski_0001.jpg,0,scored,-0.02811489813029766,0.40350908041000366,0,1
5825,9,David_Wells/David_Wells_0001.jpg,Mary_Hill/Mary_Hill_0001.jpg,0,scored,-0.031205449253320694,0.40350908041000366,0,1
5826,9,David_Wells/David_Wells_0001.jpg,Yannos_Papantoniou/Yannos_Papantoniou_0001.jpg,0,scored,-0.07371795177459717,0.40350908041000366,0,1
5827,9,Dawna_LoPiccolo/Dawna_LoPiccolo_0001.jpg,Jean-Claude_Juncker/Jean-Claude_Juncker_0002.jpg,0,scored,0.050426140427589417,0.40350908041000366,0,1
5828,9,Debbie_Reynolds/Debbie_Reynolds_0001.jpg,Nick_Nolte/Nick_Nolte_0001.jpg,0,scored,0.21559183299541473,0.40350908041000366,0,1
5829,9,Deniz_Baykal/Deniz_Baykal_0001.jpg,Kathy_Bates/Kathy_Bates_0001.jpg,0,scored,0.03664284944534302,0.40350908041000366,0,1
5830,9,Deniz_Baykal/Deniz_Baykal_0001.jpg,Robin_Wagner/Robin_Wagner_0001.jpg,0,scored,0.06634873151779175,0.40350908041000366,0,1
5831,9,Desiree_McKenzie/Desiree_McKenzie_0001.jpg,John_Danforth/John_Danforth_0001.jpg,0,scored,-0.061229407787323,0.40350908041000366,0,1
5832,9,Dick_Devine/Dick_Devine_0001.jpg,Michael_Jackson/Michael_Jackson_0009.jpg,0,scored,0.2040725201368332,0.40350908041000366,0,1
5833,9,Dinora_Rosales/Dinora_Rosales_0001.jpg,Robbie_Fowler/Robbie_Fowler_0001.jpg,0,scored,-0.03739462047815323,0.40350908041000366,0,1
5834,9,Dirk_Kempthorne/Dirk_Kempthorne_0001.jpg,Janusz_Kaminski/Janusz_Kaminski_0001.jpg,0,scored,-0.0664185881614685,0.40350908041000366,0,1
5835,9,Donald_Evans/Donald_Evans_0002.jpg,Fred_Funk/Fred_Funk_0002.jpg,0,scored,0.0712956041097641,0.40350908041000366,0,1
5836,9,Dorothy_Wilson/Dorothy_Wilson_0001.jpg,Jim_Thome/Jim_Thome_0001.jpg,0,scored,-0.07016269117593765,0.40350908041000366,0,1
5837,9,Drew_Gooden/Drew_Gooden_0001.jpg,Kimi_Raikkonen/Kimi_Raikkonen_0003.jpg,0,scored,-0.008861739188432693,0.40350908041000366,0,1
5838,9,Dwain_Kyles/Dwain_Kyles_0001.jpg,Gregory_Peck/Gregory_Peck_0001.jpg,0,scored,0.18995514512062073,0.40350908041000366,0,1
5839,9,Ed_Smart/Ed_Smart_0003.jpg,Jason_Gardner/Jason_Gardner_0001.jpg,0,scored,0.02467196248471737,0.40350908041000366,0,1
5840,9,Edgar_Savisaar/Edgar_Savisaar_0001.jpg,Kirk_Doerger/Kirk_Doerger_0001.jpg,0,scored,0.1878705769777298,0.40350908041000366,0,1
5841,9,Edward_Burns/Edward_Burns_0001.jpg,Paul_ONeill/Paul_ONeill_0001.jpg,0,scored,0.05067717656493187,0.40350908041000366,0,1
5842,9,Elmar_Brok/Elmar_Brok_0001.jpg,Jose_Jose/Jose_Jose_0001.jpg,0,scored,-0.13538885116577148,0.40350908041000366,0,1
5843,9,Emily_Mortimer/Emily_Mortimer_0001.jpg,Maria_Simon/Maria_Simon_0001.jpg,0,scored,-0.27592363953590393,0.40350908041000366,0,1
5844,9,Enos_Slaughter/Enos_Slaughter_0001.jpg,Qais_al-Kazali/Qais_al-Kazali_0001.jpg,0,scored,-0.04674604535102844,0.40350908041000366,0,1
5845,9,Eric_Fehr/Eric_Fehr_0001.jpg,Lee_Jun/Lee_Jun_0002.jpg,0,scored,-0.1851220279932022,0.40350908041000366,0,1
5846,9,Eric_Fehr/Eric_Fehr_0001.jpg,Tamara_Mowry/Tamara_Mowry_0001.jpg,0,scored,-0.08833251893520355,0.40350908041000366,0,1
5847,9,Faisal_Saleh_Hayat/Faisal_Saleh_Hayat_0001.jpg,Marwan_Barghouthi/Marwan_Barghouthi_0001.jpg,0,scored,0.2609402537345886,0.40350908041000366,0,1
5848,9,Federico_Castelan_Sayre/Federico_Castelan_Sayre_0001.jpg,Jimmy_Jimenez/Jimmy_Jimenez_0001.jpg,0,scored,-0.08659143000841141,0.40350908041000366,0,1
5849,9,Fiona_Milne/Fiona_Milne_0001.jpg,Hartmut_Mehdorn/Hartmut_Mehdorn_0001.jpg,0,scored,-0.057729173451662064,0.40350908041000366,0,1
5850,9,Fiona_Milne/Fiona_Milne_0001.jpg,Josh_Kronfeld/Josh_Kronfeld_0001.jpg,0,scored,-0.014241201803088188,0.40350908041000366,0,1
5851,9,Floyd_Keith/Floyd_Keith_0001.jpg,Halle_Berry/Halle_Berry_0001.jpg,0,scored,-0.1351551115512848,0.40350908041000366,0,1
5852,9,Franklin_Brown/Franklin_Brown_0001.jpg,Michael_Jackson/Michael_Jackson_0010.jpg,0,scored,0.39874187111854553,0.40350908041000366,0,1
5853,9,Franklin_Brown/Franklin_Brown_0001.jpg,Tamara_Mowry/Tamara_Mowry_0001.jpg,0,scored,-0.09204735606908798,0.40350908041000366,0,1
5854,9,Franklin_Brown/Franklin_Brown_0001.jpg,Yolanda_King/Yolanda_King_0001.jpg,0,scored,0.04548969492316246,0.40350908041000366,0,1
5855,9,Freda_Black/Freda_Black_0001.jpg,Rod_Paige/Rod_Paige_0001.jpg,0,scored,0.027282116934657097,0.40350908041000366,0,1
5856,9,Fruit_Chan/Fruit_Chan_0001.jpg,Kjell_Magne_Bondevik/Kjell_Magne_Bondevik_0003.jpg,0,scored,0.12263018637895584,0.40350908041000366,0,1
5857,9,Gary_Winnick/Gary_Winnick_0001.jpg,Michael_Patrick_King/Michael_Patrick_King_0002.jpg,0,scored,0.15513893961906433,0.40350908041000366,0,1
5858,9,George_Robertson/George_Robertson_0005.jpg,Robbie_Mc_Ewen/Robbie_Mc_Ewen_0001.jpg,0,scored,0.11892375349998474,0.40350908041000366,0,1
5859,9,Gloria_Trevi/Gloria_Trevi_0004.jpg,William_Ragland/William_Ragland_0001.jpg,0,scored,0.17238213121891022,0.40350908041000366,0,1
5860,9,Grace_Dodd/Grace_Dodd_0001.jpg,Henrique_Meirelles/Henrique_Meirelles_0001.jpg,0,scored,-0.04568898305296898,0.40350908041000366,0,1
5861,9,Graeme_Lloyd/Graeme_Lloyd_0001.jpg,Humberto_Coelho/Humberto_Coelho_0001.jpg,0,scored,-0.0717114806175232,0.40350908041000366,0,1
5862,9,Graeme_Lloyd/Graeme_Lloyd_0001.jpg,Laura_Pausini/Laura_Pausini_0001.jpg,0,scored,0.1892666071653366,0.40350908041000366,0,1
5863,9,Greg_Rusedski/Greg_Rusedski_0002.jpg,Horace_Newcomb/Horace_Newcomb_0001.jpg,0,scored,0.1073855608701706,0.40350908041000366,0,1
5864,9,Greg_Rusedski/Greg_Rusedski_0003.jpg,Javier_Bardem/Javier_Bardem_0001.jpg,0,scored,-0.26374971866607666,0.40350908041000366,0,1
5865,9,Greg_Rusedski/Greg_Rusedski_0003.jpg,Marcos_Milinkovic/Marcos_Milinkovic_0001.jpg,0,scored,0.3100556433200836,0.40350908041000366,0,1
5866,9,Gregory_Peck/Gregory_Peck_0001.jpg,Jacqueline_Obradors/Jacqueline_Obradors_0001.jpg,0,scored,-0.1411099135875702,0.40350908041000366,0,1
5867,9,Guillermo_Ruiz_Polanco/Guillermo_Ruiz_Polanco_0001.jpg,Jon_Constance/Jon_Constance_0001.jpg,0,scored,0.12113837897777557,0.40350908041000366,0,1
5868,9,Gustavo_Kuerten/Gustavo_Kuerten_0001.jpg,Rani_Mukherjee/Rani_Mukherjee_0001.jpg,0,scored,-0.16859814524650574,0.40350908041000366,0,1
5869,9,Halle_Berry/Halle_Berry_0012.jpg,Janet_Chandler/Janet_Chandler_0001.jpg,0,scored,-0.1535903662443161,0.40350908041000366,0,1
5870,9,Hartmut_Mehdorn/Hartmut_Mehdorn_0001.jpg,Natanaela_Barnova/Natanaela_Barnova_0001.jpg,0,scored,0.23188665509223938,0.40350908041000366,0,1
5871,9,Hartmut_Mehdorn/Hartmut_Mehdorn_0001.jpg,Sanja_Papic/Sanja_Papic_0001.jpg,0,scored,-0.07080003619194031,0.40350908041000366,0,1
5872,9,Hartmut_Mehdorn/Hartmut_Mehdorn_0001.jpg,Svetlana_Belousova/Svetlana_Belousova_0001.jpg,0,scored,-0.07851572334766388,0.40350908041000366,0,1
5873,9,Haydar_Aliyev/Haydar_Aliyev_0001.jpg,Nuon_Chea/Nuon_Chea_0001.jpg,0,scored,0.1880749613046646,0.40350908041000366,0,1
5874,9,Heather_Willson/Heather_Willson_0001.jpg,Lynn_Redgrave/Lynn_Redgrave_0003.jpg,0,scored,-0.09311666339635849,0.40350908041000366,0,1
5875,9,Hector_Mitelman/Hector_Mitelman_0001.jpg,Jon_Gruden/Jon_Gruden_0002.jpg,0,scored,0.07394498586654663,0.40350908041000366,0,1
5876,9,Helo_Pinheiro/Helo_Pinheiro_0001.jpg,Robert_Durst/Robert_Durst_0001.jpg,0,scored,-0.06457504630088806,0.40350908041000366,0,1
5877,9,Herman_Edwards/Herman_Edwards_0001.jpg,Patrick_Eaves/Patrick_Eaves_0001.jpg,0,scored,0.08469104766845703,0.40350908041000366,0,1
5878,9,Hermogenes_Ebdane_Jr/Hermogenes_Ebdane_Jr_0001.jpg,Sanja_Papic/Sanja_Papic_0001.jpg,0,scored,-0.21170806884765625,0.40350908041000366,0,1
5879,9,Horace_Newcomb/Horace_Newcomb_0001.jpg,Stephan_Eberharter/Stephan_Eberharter_0001.jpg,0,scored,0.06517214328050613,0.40350908041000366,0,1
5880,9,Hugo_Colace/Hugo_Colace_0001.jpg,Kim_Yun-kyu/Kim_Yun-kyu_0001.jpg,0,scored,-0.14896473288536072,0.40350908041000366,0,1
5881,9,Humberto_Coelho/Humberto_Coelho_0001.jpg,Sue_Wicks/Sue_Wicks_0002.jpg,0,scored,-0.027854954823851585,0.40350908041000366,0,1
5882,9,Hunter_Bates/Hunter_Bates_0001.jpg,Pedro_Alvarez/Pedro_Alvarez_0001.jpg,0,scored,0.005606651306152344,0.40350908041000366,0,1
5883,9,Hunter_Bates/Hunter_Bates_0001.jpg,William_Rosenberg/William_Rosenberg_0001.jpg,0,scored,-0.1416967362165451,0.40350908041000366,0,1
5884,9,Igor_Trunov/Igor_Trunov_0001.jpg,Peter_Sejna/Peter_Sejna_0001.jpg,0,scored,-0.19972720742225647,0.40350908041000366,0,1
5885,9,Ivan_Stambolic/Ivan_Stambolic_0001.jpg,Michael_Bloomberg/Michael_Bloomberg_0018.jpg,0,scored,0.026158630847930908,0.40350908041000366,0,1
5886,9,Jack_LaLanne/Jack_LaLanne_0001.jpg,Yves_Brodeur/Yves_Brodeur_0001.jpg,0,scored,0.17001743614673615,0.40350908041000366,0,1
5887,9,Jacqueline_Obradors/Jacqueline_Obradors_0001.jpg,Julie_Taymor/Julie_Taymor_0001.jpg,0,scored,0.15898537635803223,0.40350908041000366,0,1
5888,9,Jada_Pinkett_Smith/Jada_Pinkett_Smith_0002.jpg,Jenny_Romero/Jenny_Romero_0001.jpg,0,scored,0.04010423272848129,0.40350908041000366,0,1
5889,9,James_Cunningham/James_Cunningham_0003.jpg,Stephen_Daldry/Stephen_Daldry_0001.jpg,0,scored,0.28778931498527527,0.40350908041000366,0,1
5890,9,James_Gibson/James_Gibson_0001.jpg,Roger_Corbett/Roger_Corbett_0001.jpg,0,scored,0.19104014337062836,0.40350908041000366,0,1
5891,9,James_Parker/James_Parker_0001.jpg,Saeed_Mortazavi/Saeed_Mortazavi_0001.jpg,0,scored,-0.17852094769477844,0.40350908041000366,0,1
5892,9,Jane_Krakowski/Jane_Krakowski_0001.jpg,Shingo_Suetsugu/Shingo_Suetsugu_0001.jpg,0,scored,0.07934387028217316,0.40350908041000366,0,1
5893,9,Janice_Goldfinger/Janice_Goldfinger_0001.jpg,Pyar_Jung_Thapa/Pyar_Jung_Thapa_0001.jpg,0,scored,-0.025570260360836983,0.40350908041000366,0,1
5894,9,Janusz_Kaminski/Janusz_Kaminski_0001.jpg,Lisa_Stone/Lisa_Stone_0001.jpg,0,scored,0.030788764357566833,0.40350908041000366,0,1
5895,9,Jason_Lezak/Jason_Lezak_0001.jpg,John_Bolton/John_Bolton_0004.jpg,0,scored,-0.319124311208725,0.40350908041000366,0,1
5896,9,Jason_Lezak/Jason_Lezak_0001.jpg,Simon_Cowell/Simon_Cowell_0001.jpg,0,scored,0.07528500258922577,0.40350908041000366,0,1
5897,9,Javier_Vazquez/Javier_Vazquez_0001.jpg,Karin_Stoiber/Karin_Stoiber_0002.jpg,0,scored,0.025692686438560486,0.40350908041000366,0,1
5898,9,Jay_Rasulo/Jay_Rasulo_0001.jpg,Nova_Esther_Guthrie/Nova_Esther_Guthrie_0001.jpg,0,scored,0.37875935435295105,0.40350908041000366,0,1
5899,9,Jean-Marc_Olive/Jean-Marc_Olive_0001.jpg,John_Timoney/John_Timoney_0001.jpg,0,scored,0.012656592763960361,0.40350908041000366,0,1
5900,9,Jean-Marc_Olive/Jean-Marc_Olive_0001.jpg,Tino_Martinez/Tino_Martinez_0001.jpg,0,scored,-0.25799360871315,0.40350908041000366,0,1
5901,9,Jeri_Ryan/Jeri_Ryan_0001.jpg,Nova_Esther_Guthrie/Nova_Esther_Guthrie_0001.jpg,0,scored,0.16950544714927673,0.40350908041000366,0,1
5902,9,Jeri_Ryan/Jeri_Ryan_0001.jpg,Peter_Goldmark/Peter_Goldmark_0001.jpg,0,scored,0.063836969435215,0.40350908041000366,0,1
5903,9,Jeri_Ryan/Jeri_Ryan_0001.jpg,Scott_Sullivan/Scott_Sullivan_0002.jpg,0,scored,-0.10957475751638412,0.40350908041000366,0,1
5904,9,Jeri_Ryan/Jeri_Ryan_0001.jpg,Skip_Prosser/Skip_Prosser_0001.jpg,0,scored,-0.09988097846508026,0.40350908041000366,0,1
5905,9,Jesse_James_Leija/Jesse_James_Leija_0002.jpg,Joaquin_Phoenix/Joaquin_Phoenix_0001.jpg,0,scored,-0.14772483706474304,0.40350908041000366,0,1
5906,9,Jesse_James_Leija/Jesse_James_Leija_0002.jpg,Nick_Nolte/Nick_Nolte_0004.jpg,0,scored,-0.2740623354911804,0.40350908041000366,0,1
5907,9,Jesse_Ventura/Jesse_Ventura_0002.jpg,Lela_Rochon/Lela_Rochon_0001.jpg,0,scored,0.08926708251237869,0.40350908041000366,0,1
5908,9,Jessica_Biel/Jessica_Biel_0001.jpg,Jim_Fassel/Jim_Fassel_0001.jpg,0,scored,-0.10017658770084381,0.40350908041000366,0,1
5909,9,Jim_Flaherty/Jim_Flaherty_0001.jpg,Mark_Andrew/Mark_Andrew_0001.jpg,0,scored,0.07338292896747589,0.40350908041000366,0,1
5910,9,Jim_Tressel/Jim_Tressel_0003.jpg,Ralf_Schumacher/Ralf_Schumacher_0003.jpg,0,scored,0.07625412195920944,0.40350908041000366,0,1
5911,9,Jimmy_Jimenez/Jimmy_Jimenez_0001.jpg,Miles_Stewart/Miles_Stewart_0001.jpg,0,scored,0.021749861538410187,0.40350908041000366,0,1
5912,9,Jimmy_Lee/Jimmy_Lee_0001.jpg,Nova_Esther_Guthrie/Nova_Esther_Guthrie_0001.jpg,0,scored,0.01760396733880043,0.40350908041000366,0,1
5913,9,Joan_Laporta/Joan_Laporta_0003.jpg,Roy_Romanow/Roy_Romanow_0001.jpg,0,scored,0.049103304743766785,0.40350908041000366,0,1
5914,9,Joaquin_Phoenix/Joaquin_Phoenix_0001.jpg,Rainer_Geulen/Rainer_Geulen_0001.jpg,0,scored,-0.06553870439529419,0.40350908041000366,0,1
5915,9,Joe_Dumars/Joe_Dumars_0002.jpg,Timothy_McVeigh/Timothy_McVeigh_0001.jpg,0,scored,-0.11707676947116852,0.40350908041000366,0,1
5916,9,John_Bolton/John_Bolton_0014.jpg,Kim_Yun-kyu/Kim_Yun-kyu_0001.jpg,0,scored,-0.09003756940364838,0.40350908041000366,0,1
5917,9,John_Kerr/John_Kerr_0001.jpg,Li_Changchun/Li_Changchun_0001.jpg,0,scored,-0.26896315813064575,0.40350908041000366,0,1
5918,9,John_Swofford/John_Swofford_0002.jpg,Sok_An/Sok_An_0001.jpg,0,scored,0.03240424767136574,0.40350908041000366,0,1
5919,9,Juan_Fernandez/Juan_Fernandez_0001.jpg,Paul_Krueger/Paul_Krueger_0001.jpg,0,scored,0.11561834812164307,0.40350908041000366,0,1
5920,9,Juan_Fernandez/Juan_Fernandez_0001.jpg,Suzanne_Mubarak/Suzanne_Mubarak_0001.jpg,0,scored,0.10467574000358582,0.40350908041000366,0,1
5921,9,Justin_Wilson/Justin_Wilson_0001.jpg,Larry_Hagman/Larry_Hagman_0001.jpg,0,scored,-0.2756829857826233,0.40350908041000366,0,1
5922,9,Justin_Wilson/Justin_Wilson_0001.jpg,Ray_Bradbury/Ray_Bradbury_0001.jpg,0,scored,0.1991826891899109,0.40350908041000366,0,1
5923,9,Kara_Lynn_Joyce/Kara_Lynn_Joyce_0001.jpg,Zach_Pillar/Zach_Pillar_0001.jpg,0,scored,0.15502317249774933,0.40350908041000366,0,1
5924,9,Kim_Chinn/Kim_Chinn_0001.jpg,Robert_Flodquist/Robert_Flodquist_0001.jpg,0,scored,-0.12961183488368988,0.40350908041000366,0,1
5925,9,Kim_Chinn/Kim_Chinn_0001.jpg,Ruth_Harlow/Ruth_Harlow_0002.jpg,0,scored,0.07953944802284241,0.40350908041000366,0,1
5926,9,Kim_Yong-il/Kim_Yong-il_0002.jpg,Linda_Ham/Linda_Ham_0001.jpg,0,scored,-0.01249928679317236,0.40350908041000366,0,1
5927,9,Kwon_Yang-sook/Kwon_Yang-sook_0003.jpg,Tommy_Robredo/Tommy_Robredo_0001.jpg,0,scored,0.08639179170131683,0.40350908041000366,0,1
5928,9,Lane_Bryant/Lane_Bryant_0001.jpg,Yannos_Papantoniou/Yannos_Papantoniou_0001.jpg,0,scored,-0.1961650252342224,0.40350908041000366,0,1
5929,9,Larry_Hagman/Larry_Hagman_0001.jpg,Teddy_Kollek/Teddy_Kollek_0001.jpg,0,scored,0.1408640295267105,0.40350908041000366,0,1
5930,9,Larry_Hagman/Larry_Hagman_0001.jpg,Val_Ackerman/Val_Ackerman_0001.jpg,0,scored,0.09930408746004105,0.40350908041000366,0,1
5931,9,Laura_Gobai/Laura_Gobai_0001.jpg,Robin_Wagner/Robin_Wagner_0001.jpg,0,scored,-0.1401190161705017,0.40350908041000366,0,1
5932,9,Laura_Pausini/Laura_Pausini_0001.jpg,Thad_Matta/Thad_Matta_0001.jpg,0,scored,-0.10404332727193832,0.40350908041000366,0,1
5933,9,Laura_Romero/Laura_Romero_0001.jpg,Paula_Zahn/Paula_Zahn_0002.jpg,0,scored,-0.24657821655273438,0.40350908041000366,0,1
5934,9,Lee_Jun/Lee_Jun_0001.jpg,Ruth_Pearce/Ruth_Pearce_0001.jpg,0,scored,0.13641394674777985,0.40350908041000366,0,1
5935,9,Lee_Jun/Lee_Jun_0002.jpg,Stephen_Friedman/Stephen_Friedman_0001.jpg,0,scored,-0.07238385081291199,0.40350908041000366,0,1
5936,9,Lela_Rochon/Lela_Rochon_0001.jpg,Michael_Haneke/Michael_Haneke_0001.jpg,0,scored,0.01910420134663582,0.40350908041000366,0,1
5937,9,Lela_Rochon/Lela_Rochon_0001.jpg,Yannos_Papantoniou/Yannos_Papantoniou_0001.jpg,0,scored,-0.15805470943450928,0.40350908041000366,0,1
5938,9,Lesley_Flood/Lesley_Flood_0001.jpg,Peter_Goldmark/Peter_Goldmark_0001.jpg,0,scored,-0.0886407345533371,0.40350908041000366,0,1
5939,9,Li_Changchun/Li_Changchun_0001.jpg,Pieter_Bouw/Pieter_Bouw_0001.jpg,0,scored,0.16595591604709625,0.40350908041000366,0,1
5940,9,Lina_Krasnoroutskaya/Lina_Krasnoroutskaya_0001.jpg,Troy_Polamalu/Troy_Polamalu_0001.jpg,0,scored,-0.046034879982471466,0.40350908041000366,0,1
5941,9,Linda_Lingle/Linda_Lingle_0001.jpg,Victor_Hanescu/Victor_Hanescu_0001.jpg,0,scored,-0.06659670174121857,0.40350908041000366,0,1
5942,9,Lisa_Stone/Lisa_Stone_0001.jpg,Rod_Paige/Rod_Paige_0001.jpg,0,scored,-0.043921999633312225,0.40350908041000366,0,1
5943,9,Lisa_Stone/Lisa_Stone_0001.jpg,Scott_Sullivan/Scott_Sullivan_0002.jpg,0,scored,0.03051861561834812,0.40350908041000366,0,1
5944,9,Lou_Lang/Lou_Lang_0001.jpg,Nova_Esther_Guthrie/Nova_Esther_Guthrie_0001.jpg,0,scored,0.00993790477514267,0.40350908041000366,0,1
5945,9,Luc_Montagnier/Luc_Montagnier_0001.jpg,Paul_Krueger/Paul_Krueger_0001.jpg,0,scored,0.11345701664686203,0.40350908041000366,0,1
5946,9,Luc_Montagnier/Luc_Montagnier_0001.jpg,Pedro_Alvarez/Pedro_Alvarez_0001.jpg,0,scored,0.07546132802963257,0.40350908041000366,0,1
5947,9,Luc_Montagnier/Luc_Montagnier_0001.jpg,Pierre_Pettigrew/Pierre_Pettigrew_0002.jpg,0,scored,-0.01711178943514824,0.40350908041000366,0,1
5948,9,Luis_Guzman/Luis_Guzman_0001.jpg,Patsy_Kensit/Patsy_Kensit_0001.jpg,0,scored,-0.09377974271774292,0.40350908041000366,0,1
5949,9,Marcelo_Ebrard/Marcelo_Ebrard_0002.jpg,Mike_Scioscia/Mike_Scioscia_0002.jpg,0,scored,0.34330737590789795,0.40350908041000366,0,1
5950,9,Marcelo_Rios/Marcelo_Rios_0004.jpg,Maria_Shriver/Maria_Shriver_0003.jpg,0,scored,0.1323821246623993,0.40350908041000366,0,1
5951,9,Marcelo_Rios/Marcelo_Rios_0004.jpg,Pierre_Pettigrew/Pierre_Pettigrew_0001.jpg,0,scored,0.10712815821170807,0.40350908041000366,0,1
5952,9,Marcelo_Rios/Marcelo_Rios_0004.jpg,Saeed_Mortazavi/Saeed_Mortazavi_0001.jpg,0,scored,0.08239313960075378,0.40350908041000366,0,1
5953,9,Margaret_Thatcher/Margaret_Thatcher_0001.jpg,Pedro_Alvarez/Pedro_Alvarez_0001.jpg,0,scored,0.007446512579917908,0.40350908041000366,0,1
5954,9,Margaret_Thatcher/Margaret_Thatcher_0001.jpg,Salman_Rushdie/Salman_Rushdie_0002.jpg,0,scored,0.19578973948955536,0.40350908041000366,0,1
5955,9,Maria_Simon/Maria_Simon_0001.jpg,Mona_Rishmawi/Mona_Rishmawi_0001.jpg,0,scored,0.07111049443483353,0.40350908041000366,0,1
5956,9,Maria_Simon/Maria_Simon_0001.jpg,Robert_Durst/Robert_Durst_0001.jpg,0,scored,0.08374727517366409,0.40350908041000366,0,1
5957,9,Marlon_Devonish/Marlon_Devonish_0001.jpg,Patrick_Clawsen/Patrick_Clawsen_0001.jpg,0,scored,-0.033192746341228485,0.40350908041000366,0,1
5958,9,Max_von_Sydow/Max_von_Sydow_0001.jpg,Zhu_Rongji/Zhu_Rongji_0001.jpg,0,scored,0.16506464779376984,0.40350908041000366,0,1
5959,9,Mel_Karmazin/Mel_Karmazin_0001.jpg,Pierre_Pettigrew/Pierre_Pettigrew_0001.jpg,0,scored,0.12056733667850494,0.40350908041000366,0,1
5960,9,Melana_Scantlin/Melana_Scantlin_0001.jpg,William_Ragland/William_Ragland_0001.jpg,0,scored,0.06700319051742554,0.40350908041000366,0,1
5961,9,Michael_Bloomberg/Michael_Bloomberg_0015.jpg,Ozzy_Osbourne/Ozzy_Osbourne_0002.jpg,0,scored,0.3369097113609314,0.40350908041000366,0,1
5962,9,Michael_J_Fox/Michael_J_Fox_0001.jpg,Ricky_Barnes/Ricky_Barnes_0001.jpg,0,scored,-0.18477293848991394,0.40350908041000366,0,1
5963,9,Michael_J_Fox/Michael_J_Fox_0001.jpg,Thomas_Daily/Thomas_Daily_0001.jpg,0,scored,-0.16710610687732697,0.40350908041000366,0,1
5964,9,Micky_Ward/Micky_Ward_0001.jpg,Takenori_Kanzaki/Takenori_Kanzaki_0001.jpg,0,scored,-0.023384850472211838,0.40350908041000366,0,1
5965,9,Mike_Babcock/Mike_Babcock_0001.jpg,Tony_Parker/Tony_Parker_0002.jpg,0,scored,-0.1240110695362091,0.40350908041000366,0,1
5966,9,Mike_Martz/Mike_Martz_0005.jpg,William_Burns/William_Burns_0001.jpg,0,scored,0.22801262140274048,0.40350908041000366,0,1
5967,9,Mira_Sorvino/Mira_Sorvino_0001.jpg,Simon_Cowell/Simon_Cowell_0002.jpg,0,scored,0.1987576186656952,0.40350908041000366,0,1
5968,9,Mira_Sorvino/Mira_Sorvino_0001.jpg,Tom_Tunney/Tom_Tunney_0001.jpg,0,scored,-0.021954666823148727,0.40350908041000366,0,1
5969,9,Miroljub/Miroljub_0002.jpg,Theo_Epstein/Theo_Epstein_0001.jpg,0,scored,0.011122527532279491,0.40350908041000366,0,1
5970,9,Mitzi_Gaynor/Mitzi_Gaynor_0001.jpg,Ruth_Harlow/Ruth_Harlow_0001.jpg,0,scored,-0.16165857017040253,0.40350908041000366,0,1
5971,9,Mohammed_Dahlan/Mohammed_Dahlan_0001.jpg,Ronald_White/Ronald_White_0001.jpg,0,scored,-0.06772030889987946,0.40350908041000366,0,1
5972,9,Natanaela_Barnova/Natanaela_Barnova_0001.jpg,Nuon_Chea/Nuon_Chea_0001.jpg,0,scored,0.14459571242332458,0.40350908041000366,0,1
5973,9,Noel_Forgeard/Noel_Forgeard_0001.jpg,Zach_Pillar/Zach_Pillar_0001.jpg,0,scored,-0.2533073425292969,0.40350908041000366,0,1
5974,9,Normand_Legault/Normand_Legault_0001.jpg,Omar_Vizquel/Omar_Vizquel_0001.jpg,0,scored,0.07796256244182587,0.40350908041000366,0,1
5975,9,Normand_Legault/Normand_Legault_0001.jpg,Rupert_Grint/Rupert_Grint_0003.jpg,0,scored,-0.18519535660743713,0.40350908041000366,0,1
5976,9,Nova_Esther_Guthrie/Nova_Esther_Guthrie_0001.jpg,Stephen_Joseph/Stephen_Joseph_0001.jpg,0,scored,0.006696322932839394,0.40350908041000366,0,1
5977,9,Ontario_Lett/Ontario_Lett_0001.jpg,Wallace_Capel/Wallace_Capel_0001.jpg,0,scored,-0.1915140151977539,0.40350908041000366,0,1
5978,9,Orlando_Bloom/Orlando_Bloom_0001.jpg,Ray_Liotta/Ray_Liotta_0001.jpg,0,scored,0.24611172080039978,0.40350908041000366,0,1
5979,9,Patrick_Clawsen/Patrick_Clawsen_0001.jpg,Sandra_Banning/Sandra_Banning_0001.jpg,0,scored,0.08525213599205017,0.40350908041000366,0,1
5980,9,Paul_Coppin/Paul_Coppin_0002.jpg,Rick_Husband/Rick_Husband_0001.jpg,0,scored,0.01116316206753254,0.40350908041000366,0,1
5981,9,Paul_Murphy/Paul_Murphy_0001.jpg,Qazi_Hussain_Ahmed/Qazi_Hussain_Ahmed_0001.jpg,0,scored,0.20794087648391724,0.40350908041000366,0,1
5982,9,Paul_Newman/Paul_Newman_0001.jpg,Robert_Blake/Robert_Blake_0003.jpg,0,scored,0.14117491245269775,0.40350908041000366,0,1
5983,9,Paula_Zahn/Paula_Zahn_0001.jpg,Tamara_Mowry/Tamara_Mowry_0001.jpg,0,scored,0.023386770859360695,0.40350908041000366,0,1
5984,9,Peter_Ahearn/Peter_Ahearn_0001.jpg,Romain_Duris/Romain_Duris_0001.jpg,0,scored,-0.19635891914367676,0.40350908041000366,0,1
5985,9,Peter_Gabriel/Peter_Gabriel_0001.jpg,Peter_OToole/Peter_OToole_0001.jpg,0,scored,0.10097242146730423,0.40350908041000366,0,1
5986,9,Peter_Lundgren/Peter_Lundgren_0001.jpg,William_Rosenberg/William_Rosenberg_0001.jpg,0,scored,0.11868976056575775,0.40350908041000366,0,1
5987,9,Peter_OToole/Peter_OToole_0001.jpg,Qazi_Afzal/Qazi_Afzal_0001.jpg,0,scored,-0.015673574060201645,0.40350908041000366,0,1
5988,9,Qais_al-Kazali/Qais_al-Kazali_0001.jpg,Ringo_Starr/Ringo_Starr_0001.jpg,0,scored,0.15452969074249268,0.40350908041000366,0,1
5989,9,Randy_Brown/Randy_Brown_0001.jpg,Val_Ackerman/Val_Ackerman_0001.jpg,0,scored,-0.18948188424110413,0.40350908041000366,0,1
5990,9,Rani_Mukherjee/Rani_Mukherjee_0001.jpg,Timothy_McVeigh/Timothy_McVeigh_0001.jpg,0,scored,0.03982185944914818,0.40350908041000366,0,1
5991,9,Ringo_Starr/Ringo_Starr_0001.jpg,Zach_Pillar/Zach_Pillar_0001.jpg,0,scored,0.12141309678554535,0.40350908041000366,0,1
5992,9,Roger_Corbett/Roger_Corbett_0001.jpg,Tocker_Pudwill/Tocker_Pudwill_0001.jpg,0,scored,0.03247470408678055,0.40350908041000366,0,1
5993,9,Ruth_Harlow/Ruth_Harlow_0001.jpg,Virgina_Ruano_Pascal/Virgina_Ruano_Pascal_0001.jpg,0,scored,0.26622092723846436,0.40350908041000366,0,1
5994,9,Sandra_Banning/Sandra_Banning_0001.jpg,Wolfgang_Schneiderhan/Wolfgang_Schneiderhan_0001.jpg,0,scored,-0.16270670294761658,0.40350908041000366,0,1
5995,9,Scott_Wolf/Scott_Wolf_0002.jpg,Troy_Polamalu/Troy_Polamalu_0001.jpg,0,scored,0.1728086918592453,0.40350908041000366,0,1
5996,9,Sergei_Alexandrovitch_Ordzhonikidze/Sergei_Alexandrovitch_Ordzhonikidze_0001.jpg,Yolanda_King/Yolanda_King_0001.jpg,0,scored,0.06209666281938553,0.40350908041000366,0,1
5997,9,Shane_Loux/Shane_Loux_0001.jpg,Val_Ackerman/Val_Ackerman_0001.jpg,0,scored,-0.014520557597279549,0.40350908041000366,0,1
5998,9,Shawn_Marion/Shawn_Marion_0001.jpg,Shirley_Jones/Shirley_Jones_0001.jpg,0,scored,-0.2527904808521271,0.40350908041000366,0,1
5999,9,Slobodan_Milosevic/Slobodan_Milosevic_0002.jpg,Sok_An/Sok_An_0001.jpg,0,scored,0.09517452120780945,0.40350908041000366,0,1
